scenario,replication,method,success,converged,diagnostic,error,subgroup_difference_truth,subgroup_difference_estimate,subgroup_difference_standard_error,subgroup_difference_lower,subgroup_difference_upper,subgroup_difference_error,subgroup_difference_covered,cate_mse,candidate_id,min_samples_leaf,max_samples,max_depth,fit_seed,runtime_seconds
no_hte,1,causal_forest,True,True,Approximate interval with subgroup covariance omitted,,-1.1102230246251565e-16,-0.0670558627013923,0.162562550733259,-0.3856784621385799,0.2515667367357953,-0.06705586270139219,True,0.019020634610841733,cf_01,5,0.45,,2594505444,0.6111762080035987
no_hte,1,causal_forest,True,True,Approximate interval with subgroup covariance omitted,,-1.1102230246251565e-16,-0.05291925849693602,0.13665492307061614,-0.32076290771534366,0.21492439072147163,-0.052919258496935906,True,0.010669111444715221,cf_02,5,0.45,5.0,2594505444,0.524974125000881
no_hte,1,causal_forest,True,True,Approximate interval with subgroup covariance omitted,,-1.1102230246251565e-16,-0.06546273027643534,0.15981356180605127,-0.3786973114162958,0.24777185086342512,-0.06546273027643523,True,0.018890531359386464,cf_03,5,0.5,,2594505444,0.6768147499969928
no_hte,1,causal_forest,True,True,Approximate interval with subgroup covariance omitted,,-1.1102230246251565e-16,-0.04364700644810254,0.13637607581729808,-0.31094411505000674,0.22365010215380166,-0.04364700644810243,True,0.009904871147773725,cf_04,5,0.5,5.0,2594505444,0.6228719169957913
no_hte,1,causal_forest,True,True,Approximate interval with subgroup covariance omitted,,-1.1102230246251565e-16,-0.0661864659066439,0.14417646232189704,-0.3487723320575621,0.2163994002442743,-0.06618646590664379,True,0.013689854885710557,cf_05,10,0.45,,2594505444,0.6306095830004779
no_hte,1,causal_forest,True,True,Approximate interval with subgroup covariance omitted,,-1.1102230246251565e-16,-0.05692259307263664,0.13416561242029826,-0.31988719341642124,0.20604200727114796,-0.05692259307263653,True,0.009934380612614944,cf_06,10,0.45,5.0,2594505444,0.5710755410036654
no_hte,1,causal_forest,True,True,Approximate interval with subgroup covariance omitted,,-1.1102230246251565e-16,-0.06522713772230015,0.1463773598548071,-0.35212676303772206,0.22167248759312175,-0.06522713772230004,True,0.013647818754725791,cf_07,10,0.5,,2594505444,0.5787049159989692
no_hte,1,causal_forest,True,True,Approximate interval with subgroup covariance omitted,,-1.1102230246251565e-16,-0.04461668848835748,0.13358215490500588,-0.306437712102169,0.21720433512545406,-0.04461668848835737,True,0.009192014009343776,cf_08,10,0.5,5.0,2594505444,0.605471208000381
no_hte,1,causal_forest,True,True,Approximate interval with subgroup covariance omitted,,-1.1102230246251565e-16,-0.05080925180628332,0.12063835888824771,-0.28726043522724887,0.1856419316146822,-0.05080925180628321,True,0.008521447155831531,cf_09,20,0.45,,2594505444,0.5723417499975767
no_hte,1,causal_forest,True,True,Approximate interval with subgroup covariance omitted,,-1.1102230246251565e-16,-0.048360673094659024,0.1198112019398881,-0.2831906288968397,0.18646928270752167,-0.04836067309465891,True,0.007819055527731168,cf_10,20,0.45,5.0,2594505444,0.5944737500030897
no_hte,1,causal_forest,True,True,Approximate interval with subgroup covariance omitted,,-1.1102230246251565e-16,-0.05125492272433063,0.12091638051930115,-0.2882510285421609,0.1857411830934996,-0.05125492272433052,True,0.009048597360949396,cf_11,20,0.5,,2594505444,0.607058292000147
no_hte,1,causal_forest,True,True,Approximate interval with subgroup covariance omitted,,-1.1102230246251565e-16,-0.046973164094974706,0.11941108546597204,-0.28101889160827986,0.18707256341833048,-0.046973164094974595,True,0.007818337490250838,cf_12,20,0.5,5.0,2594505444,0.5777287919991068
no_hte,2,causal_forest,True,True,Approximate interval with subgroup covariance omitted,,-1.1102230246251565e-16,0.04074797578081102,0.16396329019426178,-0.28062007299994207,0.3621160245615641,0.04074797578081113,True,0.009380787637885262,cf_01,5,0.45,,6782380,0.6012687499969616
no_hte,2,causal_forest,True,True,Approximate interval with subgroup covariance omitted,,-1.1102230246251565e-16,0.04041071378677563,0.1306662586805026,-0.2156951532270095,0.29651658080056076,0.04041071378677574,True,0.004891672443718276,cf_02,5,0.45,5.0,6782380,0.5370247079990804
no_hte,2,causal_forest,True,True,Approximate interval with subgroup covariance omitted,,-1.1102230246251565e-16,0.04099071963152612,0.15577956892496767,-0.2643372354614105,0.34631867472446276,0.04099071963152623,True,0.00992937691706371,cf_03,5,0.5,,6782380,0.6269548749987734
no_hte,2,causal_forest,True,True,Approximate interval with subgroup covariance omitted,,-1.1102230246251565e-16,0.03805137577447748,0.12352696599455258,-0.20406147757484558,0.28016422912380057,0.03805137577447759,True,0.004817793994888992,cf_04,5,0.5,5.0,6782380,0.5536531669931719
no_hte,2,causal_forest,True,True,Approximate interval with subgroup covariance omitted,,-1.1102230246251565e-16,0.043461829417903775,0.12431526871637177,-0.2001960972661849,0.2871197561019925,0.043461829417903886,True,0.006007601124201065,cf_05,10,0.45,,6782380,0.5859212919967831
no_hte,2,causal_forest,True,True,Approximate interval with subgroup covariance omitted,,-1.1102230246251565e-16,0.04219421176806504,0.11101276525540488,-0.17539080813252853,0.2597792316686586,0.04219421176806515,True,0.004540118781148415,cf_06,10,0.45,5.0,6782380,0.5584829580038786
no_hte,2,causal_forest,True,True,Approximate interval with subgroup covariance omitted,,-1.1102230246251565e-16,0.043630445192731515,0.13009793677152648,-0.21136151087946037,0.2986224012649234,0.043630445192731626,True,0.006839103841878575,cf_07,10,0.5,,6782380,0.6990018330034218
no_hte,2,causal_forest,True,True,Approximate interval with subgroup covariance omitted,,-1.1102230246251565e-16,0.0409944840514368,0.11421735558251991,-0.18287153289030222,0.2648605009931758,0.04099448405143691,True,0.004652466995793649,cf_08,10,0.5,5.0,6782380,0.552890999999363
no_hte,2,causal_forest,True,True,Approximate interval with subgroup covariance omitted,,-1.1102230246251565e-16,0.04796137258495403,0.09559470150371727,-0.13940424236233181,0.23532698753223988,0.04796137258495414,True,0.00381173996253901,cf_09,20,0.45,,6782380,0.5583669579937123
no_hte,2,causal_forest,True,True,Approximate interval with subgroup covariance omitted,,-1.1102230246251565e-16,0.04681768620087556,0.0951763034455713,-0.13972786855244418,0.2333632409541953,0.046817686200875674,True,0.0036773743314384016,cf_10,20,0.45,5.0,6782380,0.5012912500023958
no_hte,2,causal_forest,True,True,Approximate interval with subgroup covariance omitted,,-1.1102230246251565e-16,0.04406214432870892,0.10269679137554195,-0.1572235667673533,0.24534785542477114,0.04406214432870903,True,0.004000541602847918,cf_11,20,0.5,,6782380,0.616488333005691
no_hte,2,causal_forest,True,True,Approximate interval with subgroup covariance omitted,,-1.1102230246251565e-16,0.042120318696265646,0.1012314027111576,-0.15629323061760325,0.24053386801013454,0.04212031869626576,True,0.0037105878331660574,cf_12,20,0.5,5.0,6782380,0.6132201669970527
no_hte,3,causal_forest,True,True,Approximate interval with subgroup covariance omitted,,-1.1102230246251565e-16,-0.01358286297422684,0.13772447068108376,-0.283522825509151,0.2563570995606973,-0.013582862974226728,True,0.006849595229047619,cf_01,5,0.45,,1478161604,0.6524580410041381
no_hte,3,causal_forest,True,True,Approximate interval with subgroup covariance omitted,,-1.1102230246251565e-16,-0.001427415017759226,0.09967515882924256,-0.19679072632307465,0.1939358962875562,-0.001427415017759115,True,0.002937306509657998,cf_02,5,0.45,5.0,1478161604,0.5570593339944026
no_hte,3,causal_forest,True,True,Approximate interval with subgroup covariance omitted,,-1.1102230246251565e-16,-0.006219135059762015,0.16760118367713694,-0.33471745506695044,0.3222791849474264,-0.006219135059761904,True,0.006940131960466871,cf_03,5,0.5,,1478161604,0.6477298749960028
no_hte,3,causal_forest,True,True,Approximate interval with subgroup covariance omitted,,-1.1102230246251565e-16,0.00743611984307424,0.11211501483745247,-0.2123093092383326,0.22718154892448109,0.007436119843074351,True,0.0023498155945264002,cf_04,5,0.5,5.0,1478161604,0.6026724580005975
no_hte,3,causal_forest,True,True,Approximate interval with subgroup covariance omitted,,-1.1102230246251565e-16,-0.005041850716482554,0.10870759175631971,-0.21810873055886917,0.20802502912590407,-0.005041850716482443,True,0.0034709827003613254,cf_05,10,0.45,,1478161604,0.610653416995774
no_hte,3,causal_forest,True,True,Approximate interval with subgroup covariance omitted,,-1.1102230246251565e-16,0.0006789062530332401,0.09120687781049149,-0.17808657425553007,0.17944438676159655,0.0006789062530333512,True,0.0020004735993416557,cf_06,10,0.45,5.0,1478161604,0.5690822920005303
no_hte,3,causal_forest,True,True,Approximate interval with subgroup covariance omitted,,-1.1102230246251565e-16,-0.0019694932668625764,0.12533334276115626,-0.24762284507872884,0.24368385854500368,-0.0019694932668624654,True,0.003665372540378094,cf_07,10,0.5,,1478161604,0.6612903339992044
no_hte,3,causal_forest,True,True,Approximate interval with subgroup covariance omitted,,-1.1102230246251565e-16,0.005255634107751428,0.10314431211675679,-0.19690721764109187,0.20741848585659473,0.005255634107751539,True,0.0018057490637326205,cf_08,10,0.5,5.0,1478161604,0.6171603749971837
no_hte,3,causal_forest,True,True,Approximate interval with subgroup covariance omitted,,-1.1102230246251565e-16,-0.012580897870281937,0.08381731405178558,-0.17686283341178166,0.1517010376712178,-0.012580897870281826,True,0.0014376081767858494,cf_09,20,0.45,,1478161604,0.5414261250043637
no_hte,3,causal_forest,True,True,Approximate interval with subgroup covariance omitted,,-1.1102230246251565e-16,-0.010364074139932011,0.08216742453892559,-0.17141222623622615,0.15068407795636213,-0.0103640741399319,True,0.001243798829702756,cf_10,20,0.45,5.0,1478161604,0.5254219170019496
no_hte,3,causal_forest,True,True,Approximate interval with subgroup covariance omitted,,-1.1102230246251565e-16,-0.00862144338118176,0.0843092198752662,-0.1738675143367035,0.15662462757433998,-0.008621443381181648,True,0.0013625696338306396,cf_11,20,0.5,,1478161604,0.5119822079941514
no_hte,3,causal_forest,True,True,Approximate interval with subgroup covariance omitted,,-1.1102230246251565e-16,-0.00841025540883511,0.0796916457144199,-0.16460588100909812,0.1477853701914279,-0.008410255408834999,True,0.0011374021346481512,cf_12,20,0.5,5.0,1478161604,0.5730663329959498
no_hte,4,causal_forest,True,True,Approximate interval with subgroup covariance omitted,,-1.1102230246251565e-16,0.0657181702357239,0.1502656685262612,-0.22880254007574802,0.3602388805471958,0.06571817023572402,True,0.017172274902932917,cf_01,5,0.45,,398391870,0.6856830830001854
no_hte,4,causal_forest,True,True,Approximate interval with subgroup covariance omitted,,-1.1102230246251565e-16,0.06420334205526135,0.12881795755274258,-0.1882798547481141,0.3166865388586368,0.06420334205526146,True,0.01089122688543284,cf_02,5,0.45,5.0,398391870,0.6204942500044126
no_hte,4,causal_forest,True,True,Approximate interval with subgroup covariance omitted,,-1.1102230246251565e-16,0.0689950394074087,0.16627104513085045,-0.2568962090490582,0.3948862878638756,0.06899503940740881,True,0.01927682665614804,cf_03,5,0.5,,398391870,0.7164911660001962
no_hte,4,causal_forest,True,True,Approximate interval with subgroup covariance omitted,,-1.1102230246251565e-16,0.07109742662584784,0.13002122740402994,-0.18374417908605084,0.3259390323377465,0.07109742662584795,True,0.011895380792304604,cf_04,5,0.5,5.0,398391870,0.6806060839953716
no_hte,4,causal_forest,True,True,Approximate interval with subgroup covariance omitted,,-1.1102230246251565e-16,0.06675712195814565,0.1276362534858667,-0.18340993487415308,0.3169241787904444,0.06675712195814576,True,0.013053461686366247,cf_05,10,0.45,,398391870,0.6124208749970421
no_hte,4,causal_forest,True,True,Approximate interval with subgroup covariance omitted,,-1.1102230246251565e-16,0.0657811065136511,0.11371483996338422,-0.15709997981458196,0.28866219284188416,0.06578110651365121,True,0.010434703649864853,cf_06,10,0.45,5.0,398391870,0.5117217079969123
no_hte,4,causal_forest,True,True,Approximate interval with subgroup covariance omitted,,-1.1102230246251565e-16,0.06184731894192608,0.12959037390318934,-0.19214981390832503,0.3158444517921772,0.06184731894192619,True,0.01489846971631935,cf_07,10,0.5,,398391870,0.6108424999983981
no_hte,4,causal_forest,True,True,Approximate interval with subgroup covariance omitted,,-1.1102230246251565e-16,0.0661633636965352,0.11815446141945841,-0.1654193806856033,0.2977461080786737,0.0661633636965353,True,0.01176493661490025,cf_08,10,0.5,5.0,398391870,0.500909792004677
no_hte,4,causal_forest,True,True,Approximate interval with subgroup covariance omitted,,-1.1102230246251565e-16,0.0622266267300321,0.10074473829201039,-0.13523306032230825,0.25968631378237245,0.06222662673003221,True,0.009836338591743626,cf_09,20,0.45,,398391870,0.4732505409992882
no_hte,4,causal_forest,True,True,Approximate interval with subgroup covariance omitted,,-1.1102230246251565e-16,0.0621483166098884,0.09930848771604912,-0.13249631931356787,0.25679295253334466,0.06214831660988851,True,0.009397421788934351,cf_10,20,0.45,5.0,398391870,0.45247024999844143
no_hte,4,causal_forest,True,True,Approximate interval with subgroup covariance omitted,,-1.1102230246251565e-16,0.06523859829142553,0.10742779501009839,-0.1453198799283673,0.2757970765112184,0.06523859829142564,True,0.011074766933717653,cf_11,20,0.5,,398391870,0.4645082499991986
no_hte,4,causal_forest,True,True,Approximate interval with subgroup covariance omitted,,-1.1102230246251565e-16,0.06413665965940263,0.10860340647308453,-0.14872601702784305,0.2769993363466483,0.06413665965940274,True,0.010479810952993942,cf_12,20,0.5,5.0,398391870,0.46391650000441587
no_hte,5,causal_forest,True,True,Approximate interval with subgroup covariance omitted,,-1.1102230246251565e-16,0.12240563467205523,0.1443527839659121,-0.16052582190113251,0.405337091245243,0.12240563467205534,True,0.011393003899214374,cf_01,5,0.45,,3225351057,0.5389008339989232
no_hte,5,causal_forest,True,True,Approximate interval with subgroup covariance omitted,,-1.1102230246251565e-16,0.10087311394417631,0.11585951414033908,-0.12621153377088828,0.3279577616592409,0.10087311394417642,True,0.005268905246555681,cf_02,5,0.45,5.0,3225351057,0.48514350000186823
no_hte,5,causal_forest,True,True,Approximate interval with subgroup covariance omitted,,-1.1102230246251565e-16,0.12865675142760558,0.15505536702506323,-0.17525176794151837,0.4325652707967295,0.1286567514276057,True,0.011823862246289792,cf_03,5,0.5,,3225351057,0.5658999160004896
no_hte,5,causal_forest,True,True,Approximate interval with subgroup covariance omitted,,-1.1102230246251565e-16,0.09692167250032546,0.11806091334400431,-0.134477717653923,0.32832106265457395,0.09692167250032557,True,0.0051149396597146264,cf_04,5,0.5,5.0,3225351057,0.500152500004333
no_hte,5,causal_forest,True,True,Approximate interval with subgroup covariance omitted,,-1.1102230246251565e-16,0.08130689117120449,0.12409762969728338,-0.16192446303547095,0.3245382453778799,0.0813068911712046,True,0.007193722865116147,cf_05,10,0.45,,3225351057,0.4997082909976598
no_hte,5,causal_forest,True,True,Approximate interval with subgroup covariance omitted,,-1.1102230246251565e-16,0.07372017629478034,0.11286258011632024,-0.1474904807332073,0.294930833322768,0.07372017629478045,True,0.004675351900212119,cf_06,10,0.45,5.0,3225351057,0.47110575000260724
no_hte,5,causal_forest,True,True,Approximate interval with subgroup covariance omitted,,-1.1102230246251565e-16,0.08883404634720793,0.13743664916357679,-0.18054178601340254,0.3582098787078184,0.08883404634720804,True,0.00725330904735944,cf_07,10,0.5,,3225351057,0.5211773339979118
no_hte,5,causal_forest,True,True,Approximate interval with subgroup covariance omitted,,-1.1102230246251565e-16,0.08383712418224354,0.11852125519013244,-0.14846453599041604,0.3161387843549031,0.08383712418224365,True,0.00452897355001875,cf_08,10,0.5,5.0,3225351057,0.48577037500217557
no_hte,5,causal_forest,True,True,Approximate interval with subgroup covariance omitted,,-1.1102230246251565e-16,0.05977347614040729,0.09859924118652139,-0.13348103658517463,0.2530279888659892,0.0597734761404074,True,0.004416705393640136,cf_09,20,0.45,,3225351057,0.45392050000373274
no_hte,5,causal_forest,True,True,Approximate interval with subgroup covariance omitted,,-1.1102230246251565e-16,0.05842516365692374,0.09557444212676003,-0.12890074291152592,0.2457510702253734,0.05842516365692385,True,0.003925145941096516,cf_10,20,0.45,5.0,3225351057,0.44795729200268397
no_hte,5,causal_forest,True,True,Approximate interval with subgroup covariance omitted,,-1.1102230246251565e-16,0.06012364252381708,0.10222046762410741,-0.14022847401943345,0.2604757590670676,0.06012364252381719,True,0.004510335794052807,cf_11,20,0.5,,3225351057,0.470762625001953
no_hte,5,causal_forest,True,True,Approximate interval with subgroup covariance omitted,,-1.1102230246251565e-16,0.05871583374680067,0.09784680085341875,-0.13306389592590007,0.2504955634195014,0.05871583374680078,True,0.00401422864876374,cf_12,20,0.5,5.0,3225351057,0.46549645800405415
no_hte,6,causal_forest,True,True,Approximate interval with subgroup covariance omitted,,-1.1102230246251565e-16,0.059032589986088735,0.15348582921311982,-0.24179963527162612,0.3598648152438036,0.059032589986088846,True,0.007484206285691646,cf_01,5,0.45,,3861359045,0.5404632499994477
no_hte,6,causal_forest,True,True,Approximate interval with subgroup covariance omitted,,-1.1102230246251565e-16,0.05013989691379739,0.11533292240416594,-0.17591263099836785,0.2761924248259626,0.0501398969137975,True,0.004842628157455204,cf_02,5,0.45,5.0,3861359045,0.4856260000015027
no_hte,6,causal_forest,True,True,Approximate interval with subgroup covariance omitted,,-1.1102230246251565e-16,0.04458590062205203,0.14191775521468056,-0.23357289959872185,0.3227447008428259,0.044585900622052144,True,0.007464123387583122,cf_03,5,0.5,,3861359045,0.571359665998898
no_hte,6,causal_forest,True,True,Approximate interval with subgroup covariance omitted,,-1.1102230246251565e-16,0.042415726151050936,0.10852585655325599,-0.17029495269333078,0.25512640499543265,0.04241572615105105,True,0.004657932131829958,cf_04,5,0.5,5.0,3861359045,0.49785083300230326
no_hte,6,causal_forest,True,True,Approximate interval with subgroup covariance omitted,,-1.1102230246251565e-16,0.0544120353401778,0.11469383139112883,-0.17038787418643472,0.27921194486679035,0.05441203534017791,True,0.0054736381851000935,cf_05,10,0.45,,3861359045,0.5135828749989741
no_hte,6,causal_forest,True,True,Approximate interval with subgroup covariance omitted,,-1.1102230246251565e-16,0.04588200899525796,0.09782650872390018,-0.1458579481035864,0.23762196609410233,0.04588200899525807,True,0.004482169382059649,cf_06,10,0.45,5.0,3861359045,0.47061341700464254
no_hte,6,causal_forest,True,True,Approximate interval with subgroup covariance omitted,,-1.1102230246251565e-16,0.04550378686660217,0.11365004815933262,-0.17725030752568977,0.2682578812588941,0.04550378686660228,True,0.00530832248725776,cf_07,10,0.5,,3861359045,0.5369237090053502
no_hte,6,causal_forest,True,True,Approximate interval with subgroup covariance omitted,,-1.1102230246251565e-16,0.04444701474733448,0.09144836705010732,-0.13479178467087588,0.22368581416554484,0.04444701474733459,True,0.004207033242912542,cf_08,10,0.5,5.0,3861359045,0.48382858299737563
no_hte,6,causal_forest,True,True,Approximate interval with subgroup covariance omitted,,-1.1102230246251565e-16,0.03971917100070521,0.08922289222202423,-0.13515769775446226,0.2145960397558727,0.03971917100070532,True,0.004095933072014707,cf_09,20,0.45,,3861359045,0.4563865000018268
no_hte,6,causal_forest,True,True,Approximate interval with subgroup covariance omitted,,-1.1102230246251565e-16,0.03923765495501608,0.08764253496378648,-0.1325417135740054,0.21101702348403756,0.03923765495501619,True,0.003968633486786506,cf_10,20,0.45,5.0,3861359045,0.450512625000556
no_hte,6,causal_forest,True,True,Approximate interval with subgroup covariance omitted,,-1.1102230246251565e-16,0.03236015370445344,0.08510718276223536,-0.13444992450952786,0.19917023191843475,0.032360153704453554,True,0.004217046400094574,cf_11,20,0.5,,3861359045,0.47459429199807346
no_hte,6,causal_forest,True,True,Approximate interval with subgroup covariance omitted,,-1.1102230246251565e-16,0.031125690942058304,0.08101009039357401,-0.12765408622934676,0.18990546811346337,0.031125690942058415,True,0.0039965769189915686,cf_12,20,0.5,5.0,3861359045,0.4638140419992851
no_hte,7,causal_forest,True,True,Approximate interval with subgroup covariance omitted,,-1.1102230246251565e-16,-0.0029680022325310196,0.15064913782099362,-0.29824031236167853,0.2923043078966165,-0.0029680022325309086,True,0.009794176734362305,cf_01,5,0.45,,819925646,0.5416592920009862
no_hte,7,causal_forest,True,True,Approximate interval with subgroup covariance omitted,,-1.1102230246251565e-16,0.009404468449669579,0.12025064698639289,-0.22628679964366047,0.24509573654299963,0.00940446844966969,True,0.004548854259704435,cf_02,5,0.45,5.0,819925646,0.4826586670023971
no_hte,7,causal_forest,True,True,Approximate interval with subgroup covariance omitted,,-1.1102230246251565e-16,-0.0010096415821694293,0.15486367365688114,-0.30454244194965646,0.3025231587853176,-0.0010096415821693183,True,0.010728244029783852,cf_03,5,0.5,,819925646,0.5695153749984456
no_hte,7,causal_forest,True,True,Approximate interval with subgroup covariance omitted,,-1.1102230246251565e-16,0.00879389694159216,0.11421326546391417,-0.2150641033676796,0.2326518972508639,0.008793896941592272,True,0.004794223288362192,cf_04,5,0.5,5.0,819925646,0.4961353329999838
no_hte,7,causal_forest,True,True,Approximate interval with subgroup covariance omitted,,-1.1102230246251565e-16,-0.002559704633033122,0.12331519678996988,-0.2442574903413741,0.23913808107530785,-0.002559704633033011,True,0.006074696000225531,cf_05,10,0.45,,819925646,0.49807254200277384
no_hte,7,causal_forest,True,True,Approximate interval with subgroup covariance omitted,,-1.1102230246251565e-16,0.002745875939649145,0.10565889909487487,-0.2043455662863056,0.2098373181656039,0.002745875939649256,True,0.00406068819929841,cf_06,10,0.45,5.0,819925646,0.4708591659946251
no_hte,7,causal_forest,True,True,Approximate interval with subgroup covariance omitted,,-1.1102230246251565e-16,-0.005532426928857581,0.12127595232921863,-0.2432332934941261,0.23216843963641093,-0.00553242692885747,True,0.006608315732760987,cf_07,10,0.5,,819925646,0.519214624997403
no_hte,7,causal_forest,True,True,Approximate interval with subgroup covariance omitted,,-1.1102230246251565e-16,-0.0004932319177328726,0.1029000754681437,-0.20217737983529452,0.20119091599982877,-0.0004932319177327615,True,0.0040278746557986965,cf_08,10,0.5,5.0,819925646,0.5225046659979853
no_hte,7,causal_forest,True,True,Approximate interval with subgroup covariance omitted,,-1.1102230246251565e-16,0.0002281797145591291,0.09154521619975506,-0.17920044403696078,0.17965680346607904,0.00022817971455924013,True,0.003089170864231642,cf_09,20,0.45,,819925646,0.47577595800248673
no_hte,7,causal_forest,True,True,Approximate interval with subgroup covariance omitted,,-1.1102230246251565e-16,0.0016190672762909086,0.08889420980012669,-0.1726135839319574,0.1758517184845392,0.0016190672762910197,True,0.0029806771212739233,cf_10,20,0.45,5.0,819925646,0.49858854099875316
no_hte,7,causal_forest,True,True,Approximate interval with subgroup covariance omitted,,-1.1102230246251565e-16,-0.006009576808371553,0.10215833342003267,-0.20623991031163558,0.19422075669489247,-0.006009576808371442,True,0.0034595561239083275,cf_11,20,0.5,,819925646,0.48143466700275894
no_hte,7,causal_forest,True,True,Approximate interval with subgroup covariance omitted,,-1.1102230246251565e-16,-0.003578653344778915,0.09620892901694952,-0.19214815421799997,0.18499084752844214,-0.003578653344778804,True,0.003087646018826465,cf_12,20,0.5,5.0,819925646,0.5296761670033447
no_hte,8,causal_forest,True,True,Approximate interval with subgroup covariance omitted,,-1.1102230246251565e-16,0.04666657625203896,0.1568433954511971,-0.26074647883230734,0.35407963133638526,0.04666657625203907,True,0.011927721580217243,cf_01,5,0.45,,1615804126,0.6430984579928918
no_hte,8,causal_forest,True,True,Approximate interval with subgroup covariance omitted,,-1.1102230246251565e-16,0.04676646593833311,0.11726126084699152,-0.18306560532177027,0.2765985371984365,0.046766465938333224,True,0.007143586451542751,cf_02,5,0.45,5.0,1615804126,0.57427933299914
no_hte,8,causal_forest,True,True,Approximate interval with subgroup covariance omitted,,-1.1102230246251565e-16,0.048742007407772014,0.16046523643505683,-0.26576985600493935,0.3632538708204834,0.048742007407772125,True,0.012960974307148012,cf_03,5,0.5,,1615804126,0.7236211249983171
no_hte,8,causal_forest,True,True,Approximate interval with subgroup covariance omitted,,-1.1102230246251565e-16,0.05259726695141098,0.12710507341609886,-0.19652867694414278,0.30172321084696474,0.05259726695141109,True,0.007227314296234868,cf_04,5,0.5,5.0,1615804126,0.6645008330015116
no_hte,8,causal_forest,True,True,Approximate interval with subgroup covariance omitted,,-1.1102230246251565e-16,0.043936014246255706,0.12452402751532383,-0.200131079683779,0.2880031081762904,0.04393601424625582,True,0.008594754564513871,cf_05,10,0.45,,1615804126,0.6053687079984229
no_hte,8,causal_forest,True,True,Approximate interval with subgroup covariance omitted,,-1.1102230246251565e-16,0.04210189609088788,0.10641182926871696,-0.16646528927579737,0.25066908145757316,0.04210189609088799,True,0.006430706579643235,cf_06,10,0.45,5.0,1615804126,0.5584635830018669
no_hte,8,causal_forest,True,True,Approximate interval with subgroup covariance omitted,,-1.1102230246251565e-16,0.056608610371955304,0.13419539008604178,-0.20641435419668658,0.3196315749405972,0.056608610371955415,True,0.009215313041375057,cf_07,10,0.5,,1615804126,0.5944526250023046
no_hte,8,causal_forest,True,True,Approximate interval with subgroup covariance omitted,,-1.1102230246251565e-16,0.0591857375818986,0.11599196543481294,-0.16815851467033474,0.2865299898341319,0.05918573758189871,True,0.006742002462911698,cf_08,10,0.5,5.0,1615804126,0.5409863749955548
no_hte,8,causal_forest,True,True,Approximate interval with subgroup covariance omitted,,-1.1102230246251565e-16,0.04360747848456059,0.09893844225043097,-0.1503118683262841,0.23752682529540528,0.0436074784845607,True,0.0058447481601987036,cf_09,20,0.45,,1615804126,0.5312659170012921
no_hte,8,causal_forest,True,True,Approximate interval with subgroup covariance omitted,,-1.1102230246251565e-16,0.040562395172321186,0.0975298559170287,-0.15059612242505507,0.23172091276969745,0.0405623951723213,True,0.005478184877835238,cf_10,20,0.45,5.0,1615804126,0.5152257500012638
no_hte,8,causal_forest,True,True,Approximate interval with subgroup covariance omitted,,-1.1102230246251565e-16,0.06248009941652943,0.10091496560159167,-0.13531323316259025,0.2602734319956491,0.062480099416529544,True,0.006734542329131745,cf_11,20,0.5,,1615804126,0.5357954169958248
no_hte,8,causal_forest,True,True,Approximate interval with subgroup covariance omitted,,-1.1102230246251565e-16,0.06332565508883958,0.09660595930932853,-0.12602202515744432,0.2526733353351235,0.0633256550888397,True,0.006142493143055175,cf_12,20,0.5,5.0,1615804126,0.5319937500025844
no_hte,9,causal_forest,True,True,Approximate interval with subgroup covariance omitted,,-1.1102230246251565e-16,0.05826756913688125,0.1581930316830925,-0.25179077296198005,0.36832591123574254,0.05826756913688136,True,0.0110260606302293,cf_01,5,0.45,,3560316636,0.617856083001243
no_hte,9,causal_forest,True,True,Approximate interval with subgroup covariance omitted,,-1.1102230246251565e-16,0.03366868025939074,0.12490231562796311,-0.21113985837141697,0.27847721889019844,0.03366868025939085,True,0.004727673758993254,cf_02,5,0.45,5.0,3560316636,0.5691145000018878
no_hte,9,causal_forest,True,True,Approximate interval with subgroup covariance omitted,,-1.1102230246251565e-16,0.057810200649579646,0.15732043802678963,-0.25053785788292804,0.36615825918208733,0.05781020064957976,True,0.012127221444778466,cf_03,5,0.5,,3560316636,0.6390661249970435
no_hte,9,causal_forest,True,True,Approximate interval with subgroup covariance omitted,,-1.1102230246251565e-16,0.03181561542396727,0.11794079422763042,-0.19934834126218834,0.2629795721101229,0.03181561542396738,True,0.004267952193427884,cf_04,5,0.5,5.0,3560316636,0.5703825829987181
no_hte,9,causal_forest,True,True,Approximate interval with subgroup covariance omitted,,-1.1102230246251565e-16,0.04008236875865079,0.13434744998537887,-0.22323863321269177,0.30340337072999335,0.0400823687586509,True,0.006916934123991499,cf_05,10,0.45,,3560316636,0.5758650839998154
no_hte,9,causal_forest,True,True,Approximate interval with subgroup covariance omitted,,-1.1102230246251565e-16,0.03059988240929834,0.12052184661413322,-0.20562293695440276,0.26682270177299944,0.03059988240929845,True,0.00428678660272998,cf_06,10,0.45,5.0,3560316636,0.5378209580012481
no_hte,9,causal_forest,True,True,Approximate interval with subgroup covariance omitted,,-1.1102230246251565e-16,0.031298935269493455,0.12793877237744997,-0.21946105859030846,0.28205892912929537,0.031298935269493566,True,0.007227344420846599,cf_07,10,0.5,,3560316636,0.5871330000009038
no_hte,9,causal_forest,True,True,Approximate interval with subgroup covariance omitted,,-1.1102230246251565e-16,0.020949583652694614,0.11316716216905277,-0.20085805419864883,0.24275722150403806,0.020949583652694725,True,0.003955067787741884,cf_08,10,0.5,5.0,3560316636,0.5483957500036922
no_hte,9,causal_forest,True,True,Approximate interval with subgroup covariance omitted,,-1.1102230246251565e-16,-0.002324283604259736,0.10299965374487587,-0.20420360494421644,0.19955503773569697,-0.002324283604259625,True,0.00361145471453827,cf_09,20,0.45,,3560316636,0.5125111669985927
no_hte,9,causal_forest,True,True,Approximate interval with subgroup covariance omitted,,-1.1102230246251565e-16,-0.003060027737534776,0.10006453214386458,-0.19918651073950935,0.1930664552644398,-0.003060027737534665,True,0.0032843220450932257,cf_10,20,0.45,5.0,3560316636,0.5108240830013528
no_hte,9,causal_forest,True,True,Approximate interval with subgroup covariance omitted,,-1.1102230246251565e-16,0.00921919473521926,0.10889270391132823,-0.20421050493098405,0.22264889440142258,0.009219194735219371,True,0.0037542213265234167,cf_11,20,0.5,,3560316636,0.5317560420007794
no_hte,9,causal_forest,True,True,Approximate interval with subgroup covariance omitted,,-1.1102230246251565e-16,0.007328444347554197,0.10620092852167853,-0.20082537555493574,0.21548226425004413,0.007328444347554308,True,0.0030995116508497258,cf_12,20,0.5,5.0,3560316636,0.5230722090054769
no_hte,10,causal_forest,True,True,Approximate interval with subgroup covariance omitted,,-1.1102230246251565e-16,0.05396487623683266,0.1656169792201906,-0.2706444030347409,0.37857415550840623,0.05396487623683277,True,0.012836223750982275,cf_01,5,0.45,,3830212092,0.6073213330018916
no_hte,10,causal_forest,True,True,Approximate interval with subgroup covariance omitted,,-1.1102230246251565e-16,0.0506439798748573,0.12241431255768455,-0.18928807273820442,0.290576032487919,0.050643979874857414,True,0.007010658851835617,cf_02,5,0.45,5.0,3830212092,0.5462770840022131
no_hte,10,causal_forest,True,True,Approximate interval with subgroup covariance omitted,,-1.1102230246251565e-16,0.06454867830765765,0.17526933332091293,-0.2789792150013317,0.408076571616647,0.06454867830765776,True,0.013394833700204046,cf_03,5,0.5,,3830212092,0.6451564999952097
no_hte,10,causal_forest,True,True,Approximate interval with subgroup covariance omitted,,-1.1102230246251565e-16,0.06017857569276647,0.13438792932807075,-0.2032217657902522,0.32357891717578513,0.06017857569276658,True,0.006546319937570594,cf_04,5,0.5,5.0,3830212092,0.5753400829999009
no_hte,10,causal_forest,True,True,Approximate interval with subgroup covariance omitted,,-1.1102230246251565e-16,0.043801229577417444,0.13159360123343222,-0.21412222884010973,0.3017246879949446,0.043801229577417555,True,0.008396426797285982,cf_05,10,0.45,,3830212092,0.5599532909982372
no_hte,10,causal_forest,True,True,Approximate interval with subgroup covariance omitted,,-1.1102230246251565e-16,0.0403407117930939,0.11984358072951382,-0.19455270643675318,0.27523413002294095,0.04034071179309401,True,0.006120860086485563,cf_06,10,0.45,5.0,3830212092,0.5340507920045638
no_hte,10,causal_forest,True,True,Approximate interval with subgroup covariance omitted,,-1.1102230246251565e-16,0.04744053950053212,0.1383275740684194,-0.22368150567356987,0.3185625846746341,0.04744053950053223,True,0.008524798911669096,cf_07,10,0.5,,3830212092,0.6238442920002853
no_hte,10,causal_forest,True,True,Approximate interval with subgroup covariance omitted,,-1.1102230246251565e-16,0.04724603746763034,0.1194897203557999,-0.18695381442973746,0.28144588936499815,0.04724603746763045,True,0.0058992333743993,cf_08,10,0.5,5.0,3830212092,0.6072654169984162
no_hte,10,causal_forest,True,True,Approximate interval with subgroup covariance omitted,,-1.1102230246251565e-16,0.030385661191674407,0.10098362528822544,-0.16754224437324744,0.22831356675659625,0.030385661191674518,True,0.005149822083478428,cf_09,20,0.45,,3830212092,0.529326250005397
no_hte,10,causal_forest,True,True,Approximate interval with subgroup covariance omitted,,-1.1102230246251565e-16,0.028889492859269505,0.09756876830375703,-0.16234529301609427,0.22012427873463328,0.028889492859269617,True,0.00480905548810073,cf_10,20,0.45,5.0,3830212092,0.5319305839948356
no_hte,10,causal_forest,True,True,Approximate interval with subgroup covariance omitted,,-1.1102230246251565e-16,0.03925815565339308,0.1082992699790092,-0.17300841350546495,0.2515247248122511,0.03925815565339319,True,0.004988546272005473,cf_11,20,0.5,,3830212092,0.5648499169983552
no_hte,10,causal_forest,True,True,Approximate interval with subgroup covariance omitted,,-1.1102230246251565e-16,0.0391283405049106,0.106970611903036,-0.17053405882503997,0.24879073983486116,0.03912834050491071,True,0.004722714151858736,cf_12,20,0.5,5.0,3830212092,0.5613515420045587
no_hte,11,causal_forest,True,True,Approximate interval with subgroup covariance omitted,,-1.1102230246251565e-16,0.05463679086697604,0.1487948396687291,-0.237001094883733,0.3462746766176851,0.05463679086697615,True,0.010498701026027039,cf_01,5,0.45,,348252601,0.6055167920058011
no_hte,11,causal_forest,True,True,Approximate interval with subgroup covariance omitted,,-1.1102230246251565e-16,0.050908049872942285,0.11034143479994572,-0.16536116233495132,0.2671772620808359,0.050908049872942396,True,0.005828527679202372,cf_02,5,0.45,5.0,348252601,0.5424562920015887
no_hte,11,causal_forest,True,True,Approximate interval with subgroup covariance omitted,,-1.1102230246251565e-16,0.055632914168374126,0.1617499977863794,-0.2613970814929295,0.37266290982967776,0.05563291416837424,True,0.011531144239422733,cf_03,5,0.5,,348252601,0.6338326249970123
no_hte,11,causal_forest,True,True,Approximate interval with subgroup covariance omitted,,-1.1102230246251565e-16,0.06296245191951055,0.1259387437383023,-0.18387748580756194,0.309802389646583,0.06296245191951066,True,0.005830518042637085,cf_04,5,0.5,5.0,348252601,0.5554862919962034
no_hte,11,causal_forest,True,True,Approximate interval with subgroup covariance omitted,,-1.1102230246251565e-16,0.04260440630134543,0.1193400093077168,-0.19130201194177948,0.27651082454447035,0.04260440630134554,True,0.006659894812480831,cf_05,10,0.45,,348252601,0.5559061669991934
no_hte,11,causal_forest,True,True,Approximate interval with subgroup covariance omitted,,-1.1102230246251565e-16,0.04341990573265997,0.10459791868476827,-0.16159201488948582,0.24843182635480576,0.04341990573266008,True,0.004962807511743655,cf_06,10,0.45,5.0,348252601,0.5254035830002977
no_hte,11,causal_forest,True,True,Approximate interval with subgroup covariance omitted,,-1.1102230246251565e-16,0.0565067877006048,0.12856864273513754,-0.1954877520602648,0.3085013274614744,0.05650678770060491,True,0.007014496701778748,cf_07,10,0.5,,348252601,0.6839678750038729
no_hte,11,causal_forest,True,True,Approximate interval with subgroup covariance omitted,,-1.1102230246251565e-16,0.059690406909505,0.10679906570566672,-0.14963576187360175,0.2690165756926117,0.05969040690950511,True,0.004957420540248302,cf_08,10,0.5,5.0,348252601,0.5376647919983952
no_hte,11,causal_forest,True,True,Approximate interval with subgroup covariance omitted,,-1.1102230246251565e-16,0.039861353625276985,0.09011462686974064,-0.13676331503941466,0.21648602228996863,0.039861353625277096,True,0.003923748550324968,cf_09,20,0.45,,348252601,0.5081450829966343
no_hte,11,causal_forest,True,True,Approximate interval with subgroup covariance omitted,,-1.1102230246251565e-16,0.03767516918871261,0.08895471790448892,-0.13667607790408567,0.2120264162815109,0.03767516918871272,True,0.0037589671242727386,cf_10,20,0.45,5.0,348252601,0.557512958002917
no_hte,11,causal_forest,True,True,Approximate interval with subgroup covariance omitted,,-1.1102230246251565e-16,0.03321118261827771,0.09032197457780708,-0.14381988755422415,0.21024225279077957,0.033211182618277824,True,0.0041197850430001424,cf_11,20,0.5,,348252601,0.5374047500008601
no_hte,11,causal_forest,True,True,Approximate interval with subgroup covariance omitted,,-1.1102230246251565e-16,0.03349603472181495,0.08722498578750693,-0.13746493742169863,0.20445700686532853,0.03349603472181506,True,0.003681747763251237,cf_12,20,0.5,5.0,348252601,0.5378122500042082
no_hte,12,causal_forest,True,True,Approximate interval with subgroup covariance omitted,,-1.1102230246251565e-16,-0.04141905668016649,0.1670376592181944,-0.36881286874782754,0.28597475538749456,-0.04141905668016638,True,0.019905167799915344,cf_01,5,0.45,,2256253431,0.6154405840061372
no_hte,12,causal_forest,True,True,Approximate interval with subgroup covariance omitted,,-1.1102230246251565e-16,-0.013236995239372884,0.12483196537525666,-0.2579076473748759,0.23143365689613016,-0.013236995239372773,True,0.009124840211549565,cf_02,5,0.45,5.0,2256253431,0.5398200830022688
no_hte,12,causal_forest,True,True,Approximate interval with subgroup covariance omitted,,-1.1102230246251565e-16,-0.03596837165924793,0.1716440516211171,-0.37239071283663744,0.3004539695181416,-0.03596837165924782,True,0.02181078757585359,cf_03,5,0.5,,2256253431,0.6322273329933523
no_hte,12,causal_forest,True,True,Approximate interval with subgroup covariance omitted,,-1.1102230246251565e-16,-0.005291058294035311,0.12792854120185426,-0.25603099904966964,0.24544888246159902,-0.0052910582940352,True,0.009592591480279317,cf_04,5,0.5,5.0,2256253431,0.606302209002024
no_hte,12,causal_forest,True,True,Approximate interval with subgroup covariance omitted,,-1.1102230246251565e-16,-0.02408125222451024,0.13208210451160238,-0.2829621770672509,0.23479967261823043,-0.02408125222451013,True,0.014003646238899997,cf_05,10,0.45,,2256253431,0.5982050839957083
no_hte,12,causal_forest,True,True,Approximate interval with subgroup covariance omitted,,-1.1102230246251565e-16,-0.012763622818748654,0.11812914889097861,-0.24429675464506673,0.21876950900756942,-0.012763622818748543,True,0.008787887071547993,cf_06,10,0.45,5.0,2256253431,0.5240443340007914
no_hte,12,causal_forest,True,True,Approximate interval with subgroup covariance omitted,,-1.1102230246251565e-16,-0.021219057262770902,0.1383335677578792,-0.2923528500682141,0.2499147355426723,-0.02121905726277079,True,0.015456603729478227,cf_07,10,0.5,,2256253431,0.5792370420022053
no_hte,12,causal_forest,True,True,Approximate interval with subgroup covariance omitted,,-1.1102230246251565e-16,-0.007343045875651877,0.12395848090428067,-0.250301668448042,0.23561557669673824,-0.007343045875651766,True,0.009070251939181994,cf_08,10,0.5,5.0,2256253431,0.5391602499948931
no_hte,12,causal_forest,True,True,Approximate interval with subgroup covariance omitted,,-1.1102230246251565e-16,-0.0030782347955864986,0.10600601940488279,-0.21085003282915676,0.20469356323798377,-0.0030782347955863876,True,0.008544834293837617,cf_09,20,0.45,,2256253431,0.5586656249943189
no_hte,12,causal_forest,True,True,Approximate interval with subgroup covariance omitted,,-1.1102230246251565e-16,-0.0016075623775933523,0.10217373365800242,-0.2018680803472781,0.1986529555920914,-0.0016075623775932413,True,0.007643276331628881,cf_10,20,0.45,5.0,2256253431,0.5578042499982985
no_hte,12,causal_forest,True,True,Approximate interval with subgroup covariance omitted,,-1.1102230246251565e-16,-0.004062396224857101,0.12075965119338289,-0.24075131256388757,0.23262652011417337,-0.00406239622485699,True,0.009892340544042418,cf_11,20,0.5,,2256253431,0.6519869999974617
no_hte,12,causal_forest,True,True,Approximate interval with subgroup covariance omitted,,-1.1102230246251565e-16,-0.0018831963191385248,0.11527846585094789,-0.2278289893869964,0.22406259674871934,-0.0018831963191384138,True,0.008652523761432595,cf_12,20,0.5,5.0,2256253431,0.6226214170019375
no_hte,13,causal_forest,True,True,Approximate interval with subgroup covariance omitted,,-1.1102230246251565e-16,0.05425912704942626,0.16505229340085284,-0.2692433680162453,0.37776162211509784,0.05425912704942637,True,0.009276363653511437,cf_01,5,0.45,,1077076732,0.712457458001154
no_hte,13,causal_forest,True,True,Approximate interval with subgroup covariance omitted,,-1.1102230246251565e-16,0.04306827785667222,0.12918198096754155,-0.21012840483970918,0.2962649605530536,0.04306827785667233,True,0.003659929680185707,cf_02,5,0.45,5.0,1077076732,0.6687744169976213
no_hte,13,causal_forest,True,True,Approximate interval with subgroup covariance omitted,,-1.1102230246251565e-16,0.05415194175911542,0.17223743518453738,-0.28343343120257786,0.3917373147208087,0.05415194175911553,True,0.010676310447651396,cf_03,5,0.5,,1077076732,0.6025012499958393
no_hte,13,causal_forest,True,True,Approximate interval with subgroup covariance omitted,,-1.1102230246251565e-16,0.03719652084724889,0.13169483319797576,-0.22092535222078358,0.29531839391528136,0.037196520847249004,True,0.0034450922208956085,cf_04,5,0.5,5.0,1077076732,0.5499208750043181
no_hte,13,causal_forest,True,True,Approximate interval with subgroup covariance omitted,,-1.1102230246251565e-16,0.05068739426083313,0.13611869267624896,-0.21610524338461484,0.3174800319062811,0.05068739426083324,True,0.005425224364623002,cf_05,10,0.45,,1077076732,0.5012019999994664
no_hte,13,causal_forest,True,True,Approximate interval with subgroup covariance omitted,,-1.1102230246251565e-16,0.040952848456370816,0.12014321576248992,-0.1945278544381094,0.276433551350851,0.04095284845637093,True,0.0032271646364458654,cf_06,10,0.45,5.0,1077076732,0.474220249998325
no_hte,13,causal_forest,True,True,Approximate interval with subgroup covariance omitted,,-1.1102230246251565e-16,0.047877360352519216,0.1343040544121847,-0.2153585862953628,0.31111330700040124,0.04787736035251933,True,0.006299972512338919,cf_07,10,0.5,,1077076732,0.5237965830019675
no_hte,13,causal_forest,True,True,Approximate interval with subgroup covariance omitted,,-1.1102230246251565e-16,0.03845383025196181,0.11930034962990649,-0.1953748550226549,0.2722825155265785,0.03845383025196192,True,0.0032794751317851436,cf_08,10,0.5,5.0,1077076732,0.48759033299575094
no_hte,13,causal_forest,True,True,Approximate interval with subgroup covariance omitted,,-1.1102230246251565e-16,0.04306287965037747,0.12056853120434215,-0.19325144151013313,0.27937720081088807,0.043062879650377583,True,0.0029610786095020662,cf_09,20,0.45,,1077076732,0.4523014169972157
no_hte,13,causal_forest,True,True,Approximate interval with subgroup covariance omitted,,-1.1102230246251565e-16,0.0423654084979912,0.11680270670094686,-0.18656789663586465,0.27129871363184704,0.04236540849799131,True,0.0026458921890083506,cf_10,20,0.45,5.0,1077076732,0.44688062500063097
no_hte,13,causal_forest,True,True,Approximate interval with subgroup covariance omitted,,-1.1102230246251565e-16,0.03584425456367102,0.10668521839027542,-0.1732587734812688,0.24494728260861084,0.03584425456367113,True,0.0033406734999220753,cf_11,20,0.5,,1077076732,0.47032358299475163
no_hte,13,causal_forest,True,True,Approximate interval with subgroup covariance omitted,,-1.1102230246251565e-16,0.03332615634197633,0.10364113085921556,-0.16981046014208614,0.2364627728260388,0.03332615634197644,True,0.0028521342815413836,cf_12,20,0.5,5.0,1077076732,0.4599907920055557
no_hte,14,causal_forest,True,True,Approximate interval with subgroup covariance omitted,,-1.1102230246251565e-16,0.07497966368100639,0.18635836942079664,-0.290282740383755,0.4402420677457678,0.0749796636810065,True,0.013623291256501103,cf_01,5,0.45,,3309706333,0.560051458000089
no_hte,14,causal_forest,True,True,Approximate interval with subgroup covariance omitted,,-1.1102230246251565e-16,0.06786908294480587,0.13909023538307702,-0.2047477784060251,0.34048594429563683,0.06786908294480598,True,0.006461573781611774,cf_02,5,0.45,5.0,3309706333,0.490357041999232
no_hte,14,causal_forest,True,True,Approximate interval with subgroup covariance omitted,,-1.1102230246251565e-16,0.08511724666299658,0.19081096777934242,-0.28887225018451457,0.45910674351050773,0.08511724666299669,True,0.014476784352756535,cf_03,5,0.5,,3309706333,0.5857388340009493
no_hte,14,causal_forest,True,True,Approximate interval with subgroup covariance omitted,,-1.1102230246251565e-16,0.07172653644940807,0.1444141740394271,-0.21132524466786906,0.3547783175666852,0.07172653644940818,True,0.006385167115028059,cf_04,5,0.5,5.0,3309706333,0.504999458004022
no_hte,14,causal_forest,True,True,Approximate interval with subgroup covariance omitted,,-1.1102230246251565e-16,0.08622869784612297,0.15342693990129597,-0.2144881043604171,0.38694550005266304,0.08622869784612308,True,0.00820087956900288,cf_05,10,0.45,,3309706333,0.5123135419999016
no_hte,14,causal_forest,True,True,Approximate interval with subgroup covariance omitted,,-1.1102230246251565e-16,0.08129455319579493,0.13033539744783737,-0.1741628258019663,0.33675193219355615,0.08129455319579504,True,0.005493644044661255,cf_06,10,0.45,5.0,3309706333,0.47352679199684644
no_hte,14,causal_forest,True,True,Approximate interval with subgroup covariance omitted,,-1.1102230246251565e-16,0.07302244774362843,0.1456734052528956,-0.21249742655204695,0.3585423220393038,0.07302244774362854,True,0.008303090756273595,cf_07,10,0.5,,3309706333,0.5379079580015969
no_hte,14,causal_forest,True,True,Approximate interval with subgroup covariance omitted,,-1.1102230246251565e-16,0.06306238789432528,0.12057439374155,-0.17326342383911272,0.2993881996277633,0.06306238789432539,True,0.0053050044209122975,cf_08,10,0.5,5.0,3309706333,0.490186499999254
no_hte,14,causal_forest,True,True,Approximate interval with subgroup covariance omitted,,-1.1102230246251565e-16,0.07077015150308674,0.11828133726680175,-0.16106126953984468,0.30260157254601816,0.07077015150308685,True,0.004574050160128908,cf_09,20,0.45,,3309706333,0.4656524169986369
no_hte,14,causal_forest,True,True,Approximate interval with subgroup covariance omitted,,-1.1102230246251565e-16,0.06834028006211457,0.11612381773135619,-0.15926240269134356,0.2959429628155727,0.06834028006211468,True,0.004132848972071048,cf_10,20,0.45,5.0,3309706333,0.45064370899490314
no_hte,14,causal_forest,True,True,Approximate interval with subgroup covariance omitted,,-1.1102230246251565e-16,0.06643227795041817,0.1211144111956741,-0.17095196799310305,0.3038165238939394,0.06643227795041828,True,0.005000669749430284,cf_11,20,0.5,,3309706333,0.4810641250005574
no_hte,14,causal_forest,True,True,Approximate interval with subgroup covariance omitted,,-1.1102230246251565e-16,0.06469532589745586,0.11589492148983732,-0.16245872022262528,0.291849372017537,0.06469532589745597,True,0.004205955312237994,cf_12,20,0.5,5.0,3309706333,0.46975091599597363
no_hte,15,causal_forest,True,True,Approximate interval with subgroup covariance omitted,,-1.1102230246251565e-16,0.030153370770746313,0.13629048378083064,-0.23697597743968174,0.29728271898117437,0.030153370770746424,True,0.006018182735972486,cf_01,5,0.45,,4026761330,0.5437264170031995
no_hte,15,causal_forest,True,True,Approximate interval with subgroup covariance omitted,,-1.1102230246251565e-16,0.031096906841208694,0.1053479860887262,-0.17538514589269466,0.23757895957511205,0.031096906841208805,True,0.002545438704116583,cf_02,5,0.45,5.0,4026761330,0.48473091699997894
no_hte,15,causal_forest,True,True,Approximate interval with subgroup covariance omitted,,-1.1102230246251565e-16,0.044930666530016206,0.1498066710220194,-0.2486904086731418,0.3385517417331742,0.04493066653001632,True,0.00689804437781896,cf_03,5,0.5,,4026761330,0.5714353749935981
no_hte,15,causal_forest,True,True,Approximate interval with subgroup covariance omitted,,-1.1102230246251565e-16,0.03487641608745329,0.10163217487509708,-0.164322646667737,0.23407547884264357,0.0348764160874534,True,0.0027477124324221057,cf_04,5,0.5,5.0,4026761330,0.49669025000184774
no_hte,15,causal_forest,True,True,Approximate interval with subgroup covariance omitted,,-1.1102230246251565e-16,0.029339636226264232,0.11013572417996272,-0.1865263831664627,0.24520565561899116,0.029339636226264343,True,0.003384590228673401,cf_05,10,0.45,,4026761330,0.5031457919976674
no_hte,15,causal_forest,True,True,Approximate interval with subgroup covariance omitted,,-1.1102230246251565e-16,0.029677659693583158,0.10277705618501597,-0.17176537042904813,0.23112068981621445,0.02967765969358327,True,0.002240569423031868,cf_06,10,0.45,5.0,4026761330,0.47575816600146936
no_hte,15,causal_forest,True,True,Approximate interval with subgroup covariance omitted,,-1.1102230246251565e-16,0.029997988593711944,0.11556081769186258,-0.1965012140823387,0.25649719126976256,0.029997988593712055,True,0.004180282547567931,cf_07,10,0.5,,4026761330,0.5315058749984019
no_hte,15,causal_forest,True,True,Approximate interval with subgroup covariance omitted,,-1.1102230246251565e-16,0.027460609163367344,0.0999042227531341,-0.1683516674327755,0.22327288575951018,0.027460609163367455,True,0.002472565574964816,cf_08,10,0.5,5.0,4026761330,0.48712491700280225
no_hte,15,causal_forest,True,True,Approximate interval with subgroup covariance omitted,,-1.1102230246251565e-16,0.0066525667758139395,0.089371595398377,-0.16851576020500497,0.18182089375663285,0.0066525667758140505,True,0.0016105327538922128,cf_09,20,0.45,,4026761330,0.45626608400198165
no_hte,15,causal_forest,True,True,Approximate interval with subgroup covariance omitted,,-1.1102230246251565e-16,0.006910784608921694,0.08570041080836088,-0.16106202057546562,0.174883589793309,0.006910784608921805,True,0.0015192718654761727,cf_10,20,0.45,5.0,4026761330,0.4500187080047908
no_hte,15,causal_forest,True,True,Approximate interval with subgroup covariance omitted,,-1.1102230246251565e-16,0.009071873767901195,0.09523416910724017,-0.17758709768228953,0.19573084521809192,0.009071873767901306,True,0.002291679630702962,cf_11,20,0.5,,4026761330,0.48429425000358606
no_hte,15,causal_forest,True,True,Approximate interval with subgroup covariance omitted,,-1.1102230246251565e-16,0.010250547136524069,0.08681123055453409,-0.15989946475036274,0.18040055902341087,0.01025054713652418,True,0.0018797847073723276,cf_12,20,0.5,5.0,4026761330,0.4747094170015771
no_hte,16,causal_forest,True,True,Approximate interval with subgroup covariance omitted,,-1.1102230246251565e-16,0.01713733307270282,0.15241267926116792,-0.28159151827918627,0.3158661844245919,0.01713733307270293,True,0.008769805949814644,cf_01,5,0.45,,3142882502,0.5536112920017331
no_hte,16,causal_forest,True,True,Approximate interval with subgroup covariance omitted,,-1.1102230246251565e-16,0.014099770386727162,0.11430103457586684,-0.20993025738197182,0.23812979815542615,0.014099770386727273,True,0.0041288977924972626,cf_02,5,0.45,5.0,3142882502,0.4914383330033161
no_hte,16,causal_forest,True,True,Approximate interval with subgroup covariance omitted,,-1.1102230246251565e-16,0.008150093300694272,0.1621347690942891,-0.3096340541241123,0.32593424072550087,0.008150093300694383,True,0.010423514445692188,cf_03,5,0.5,,3142882502,0.5764540000018314
no_hte,16,causal_forest,True,True,Approximate interval with subgroup covariance omitted,,-1.1102230246251565e-16,0.0022328156322676262,0.12134286337436831,-0.23559919658149425,0.2400648278460295,0.0022328156322677373,True,0.004488756543504677,cf_04,5,0.5,5.0,3142882502,0.5436299590000999
no_hte,16,causal_forest,True,True,Approximate interval with subgroup covariance omitted,,-1.1102230246251565e-16,0.00841820416633976,0.12021972432244978,-0.2272124555056618,0.24404886383834132,0.008418204166339871,True,0.00553607353636862,cf_05,10,0.45,,3142882502,0.5126797920020181
no_hte,16,causal_forest,True,True,Approximate interval with subgroup covariance omitted,,-1.1102230246251565e-16,0.012192546796790715,0.10397876915814988,-0.19160584075318304,0.21599093434676447,0.012192546796790826,True,0.0036398129525482405,cf_06,10,0.45,5.0,3142882502,0.5567357499967329
no_hte,16,causal_forest,True,True,Approximate interval with subgroup covariance omitted,,-1.1102230246251565e-16,-0.0013853797242761035,0.12885617707971794,-0.25394348680052325,0.25117272735197105,-0.0013853797242759924,True,0.0063117893460276206,cf_07,10,0.5,,3142882502,0.6207515839996631
no_hte,16,causal_forest,True,True,Approximate interval with subgroup covariance omitted,,-1.1102230246251565e-16,-0.004368142100314665,0.1046378651193466,-0.209458357734234,0.20072207353360466,-0.004368142100314554,True,0.004042173747569736,cf_08,10,0.5,5.0,3142882502,0.6085951249988284
no_hte,16,causal_forest,True,True,Approximate interval with subgroup covariance omitted,,-1.1102230246251565e-16,0.0020055378434448157,0.09494602112946159,-0.18408866357029988,0.1880997392571895,0.0020055378434449267,True,0.0029500111832269312,cf_09,20,0.45,,3142882502,0.5228219170021475
no_hte,16,causal_forest,True,True,Approximate interval with subgroup covariance omitted,,-1.1102230246251565e-16,0.003018108506681272,0.09356040189651561,-0.18036027921048933,0.18639649622385188,0.003018108506681383,True,0.0026806466579812004,cf_10,20,0.45,5.0,3142882502,0.5650882919944706
no_hte,16,causal_forest,True,True,Approximate interval with subgroup covariance omitted,,-1.1102230246251565e-16,-0.004779828330518043,0.09389408371426293,-0.18881223241047337,0.1792525757494373,-0.004779828330517932,True,0.003390529896102608,cf_11,20,0.5,,3142882502,0.5702557920012623
no_hte,16,causal_forest,True,True,Approximate interval with subgroup covariance omitted,,-1.1102230246251565e-16,-0.004576542606035572,0.08797673947996283,-0.17701095198676273,0.16785786677469158,-0.004576542606035461,True,0.0030628643474964754,cf_12,20,0.5,5.0,3142882502,0.5396444170037284
no_hte,17,causal_forest,True,True,Approximate interval with subgroup covariance omitted,,-1.1102230246251565e-16,-0.10618081301448756,0.17782296248711285,-0.45471381948922873,0.2423521934602536,-0.10618081301448745,True,0.013070646070697545,cf_01,5,0.45,,3388710321,0.6310349580016918
no_hte,17,causal_forest,True,True,Approximate interval with subgroup covariance omitted,,-1.1102230246251565e-16,-0.08163672784913922,0.13793374838262323,-0.35198687467908074,0.1887134189808023,-0.08163672784913911,True,0.0076871245893566,cf_02,5,0.45,5.0,3388710321,0.5596097909947275
no_hte,17,causal_forest,True,True,Approximate interval with subgroup covariance omitted,,-1.1102230246251565e-16,-0.1109600576880252,0.1794285189224229,-0.4626399547759741,0.2407198393999237,-0.11096005768802508,True,0.013836198110277188,cf_03,5,0.5,,3388710321,0.6538792499995907
no_hte,17,causal_forest,True,True,Approximate interval with subgroup covariance omitted,,-1.1102230246251565e-16,-0.08648307691914492,0.1383599775650543,-0.35766863294665135,0.18470247910836152,-0.08648307691914481,True,0.007440936966682102,cf_04,5,0.5,5.0,3388710321,0.5543118330024299
no_hte,17,causal_forest,True,True,Approximate interval with subgroup covariance omitted,,-1.1102230246251565e-16,-0.11922067904297257,0.13533255596537414,-0.38447248873510587,0.14603113064916073,-0.11922067904297245,True,0.008821002927798591,cf_05,10,0.45,,3388710321,0.583890292000433
no_hte,17,causal_forest,True,True,Approximate interval with subgroup covariance omitted,,-1.1102230246251565e-16,-0.10497693687136911,0.12449050548025194,-0.3489783276126629,0.13902445386992468,-0.104976936871369,True,0.007148845134200666,cf_06,10,0.45,5.0,3388710321,0.5295928749983432
no_hte,17,causal_forest,True,True,Approximate interval with subgroup covariance omitted,,-1.1102230246251565e-16,-0.11272563325772766,0.13426438671090252,-0.3758838312110966,0.15043256469564126,-0.11272563325772755,True,0.009357710941734829,cf_07,10,0.5,,3388710321,0.5976442920000409
no_hte,17,causal_forest,True,True,Approximate interval with subgroup covariance omitted,,-1.1102230246251565e-16,-0.09668206780797928,0.12334930847206046,-0.3384467124132178,0.14508257679725922,-0.09668206780797917,True,0.00673411233388361,cf_08,10,0.5,5.0,3388710321,0.5999105000009877
no_hte,17,causal_forest,True,True,Approximate interval with subgroup covariance omitted,,-1.1102230246251565e-16,-0.0879888656412331,0.0941413048715072,-0.2725058231893872,0.09652809190692099,-0.08798886564123298,True,0.0066560506958809156,cf_09,20,0.45,,3388710321,0.5142245000024559
no_hte,17,causal_forest,True,True,Approximate interval with subgroup covariance omitted,,-1.1102230246251565e-16,-0.08681337586621396,0.09126980912095348,-0.26570220174328274,0.09207545001085485,-0.08681337586621385,True,0.006427198864845266,cf_10,20,0.45,5.0,3388710321,0.497540290998586
no_hte,17,causal_forest,True,True,Approximate interval with subgroup covariance omitted,,-1.1102230246251565e-16,-0.09567360272104941,0.09762315411094749,-0.2870149847785065,0.09566777933640766,-0.0956736027210493,True,0.006405428297738626,cf_11,20,0.5,,3388710321,0.5897437909952714
no_hte,17,causal_forest,True,True,Approximate interval with subgroup covariance omitted,,-1.1102230246251565e-16,-0.09366020401956232,0.09496108927137648,-0.2797839389914602,0.09246353095233556,-0.09366020401956221,True,0.006045191135215363,cf_12,20,0.5,5.0,3388710321,0.5432710840032087
no_hte,18,causal_forest,True,True,Approximate interval with subgroup covariance omitted,,-1.1102230246251565e-16,-0.11157537142820168,0.1514254287959871,-0.4083692118683364,0.18521846901193306,-0.11157537142820156,True,0.007603600709815313,cf_01,5,0.45,,748604143,0.6603224999998929
no_hte,18,causal_forest,True,True,Approximate interval with subgroup covariance omitted,,-1.1102230246251565e-16,-0.09649205466638477,0.12556490478213825,-0.34259926803937574,0.1496151587066062,-0.09649205466638466,True,0.003691214995043894,cf_02,5,0.45,5.0,748604143,0.5208500829976401
no_hte,18,causal_forest,True,True,Approximate interval with subgroup covariance omitted,,-1.1102230246251565e-16,-0.11562811808714196,0.15286394335699965,-0.4152414470668613,0.18398521089257736,-0.11562811808714185,True,0.008416284400085032,cf_03,5,0.5,,748604143,0.6273012910023681
no_hte,18,causal_forest,True,True,Approximate interval with subgroup covariance omitted,,-1.1102230246251565e-16,-0.09569116825415841,0.1312741899041796,-0.35298858046635045,0.16160624395803364,-0.0956911682541583,True,0.0036054985249955127,cf_04,5,0.5,5.0,748604143,0.5658304589960608
no_hte,18,causal_forest,True,True,Approximate interval with subgroup covariance omitted,,-1.1102230246251565e-16,-0.09878262721187175,0.1233420757197049,-0.34053309562249334,0.14296784119874986,-0.09878262721187164,True,0.004301066734282721,cf_05,10,0.45,,748604143,0.5398425000021234
no_hte,18,causal_forest,True,True,Approximate interval with subgroup covariance omitted,,-1.1102230246251565e-16,-0.09138706885344361,0.11467135100402284,-0.31614291682132833,0.13336877911444114,-0.0913870688534435,True,0.0028417691983064247,cf_06,10,0.45,5.0,748604143,0.5561928329989314
no_hte,18,causal_forest,True,True,Approximate interval with subgroup covariance omitted,,-1.1102230246251565e-16,-0.0967020559266899,0.12307114504737653,-0.3379215002195479,0.1445173883661681,-0.09670205592668979,True,0.004441650072398071,cf_07,10,0.5,,748604143,0.6001557920026244
no_hte,18,causal_forest,True,True,Approximate interval with subgroup covariance omitted,,-1.1102230246251565e-16,-0.08365151632627016,0.10937587111297485,-0.2980282237077009,0.13072519105516053,-0.08365151632627005,True,0.002749348658487848,cf_08,10,0.5,5.0,748604143,0.6662611669962644
no_hte,18,causal_forest,True,True,Approximate interval with subgroup covariance omitted,,-1.1102230246251565e-16,-0.07790730197497847,0.09522387614818105,-0.26454609922541333,0.10873149527545639,-0.07790730197497836,True,0.0026875911446494864,cf_09,20,0.45,,748604143,0.5265141249983571
no_hte,18,causal_forest,True,True,Approximate interval with subgroup covariance omitted,,-1.1102230246251565e-16,-0.07750938895039505,0.0923591668185998,-0.25853335591485066,0.10351457801406055,-0.07750938895039494,True,0.0024025622315931596,cf_10,20,0.45,5.0,748604143,0.5239564169969526
no_hte,18,causal_forest,True,True,Approximate interval with subgroup covariance omitted,,-1.1102230246251565e-16,-0.07774950931929525,0.10354056932872646,-0.2806890252035991,0.12519000656500862,-0.07774950931929514,True,0.0025088702197746133,cf_11,20,0.5,,748604143,0.5300237080009538
no_hte,18,causal_forest,True,True,Approximate interval with subgroup covariance omitted,,-1.1102230246251565e-16,-0.07492634516951663,0.10214314559704268,-0.27512691053972027,0.12527422020068704,-0.07492634516951652,True,0.0021125732935832102,cf_12,20,0.5,5.0,748604143,0.529182291997131
no_hte,19,causal_forest,True,True,Approximate interval with subgroup covariance omitted,,-1.1102230246251565e-16,-0.16707206808721126,0.15741787435801316,-0.475611101828917,0.14146696565449451,-0.16707206808721115,True,0.017570418347610292,cf_01,5,0.45,,1156636349,0.6207907089992659
no_hte,19,causal_forest,True,True,Approximate interval with subgroup covariance omitted,,-1.1102230246251565e-16,-0.1487411419053158,0.13716665979366918,-0.4175877951009074,0.1201055112902758,-0.14874114190531568,True,0.01162752330491185,cf_02,5,0.45,5.0,1156636349,0.5443068749955273
no_hte,19,causal_forest,True,True,Approximate interval with subgroup covariance omitted,,-1.1102230246251565e-16,-0.19238824642745667,0.18974293955462992,-0.5642844079545313,0.179507915099618,-0.19238824642745656,True,0.019103397317332804,cf_03,5,0.5,,1156636349,0.6380079160007881
no_hte,19,causal_forest,True,True,Approximate interval with subgroup covariance omitted,,-1.1102230246251565e-16,-0.17189211471822602,0.17759602348729844,-0.5199803207533309,0.1761960913168789,-0.1718921147182259,True,0.01184677318968083,cf_04,5,0.5,5.0,1156636349,0.5571878339978866
no_hte,19,causal_forest,True,True,Approximate interval with subgroup covariance omitted,,-1.1102230246251565e-16,-0.15180374461125257,0.13528330966867264,-0.41695903156185093,0.1133515423393458,-0.15180374461125246,True,0.01306949674544415,cf_05,10,0.45,,1156636349,0.5628560830009519
no_hte,19,causal_forest,True,True,Approximate interval with subgroup covariance omitted,,-1.1102230246251565e-16,-0.14241897024700723,0.12601408005979992,-0.38940656716421507,0.10456862667020062,-0.14241897024700712,True,0.010412313857168988,cf_06,10,0.45,5.0,1156636349,0.5359029579994967
no_hte,19,causal_forest,True,True,Approximate interval with subgroup covariance omitted,,-1.1102230246251565e-16,-0.16655109415050529,0.1558424199632756,-0.47200223727852547,0.1389000489775149,-0.16655109415050517,True,0.013996389557928727,cf_07,10,0.5,,1156636349,0.6022537500030012
no_hte,19,causal_forest,True,True,Approximate interval with subgroup covariance omitted,,-1.1102230246251565e-16,-0.15571379339278218,0.14979309351680756,-0.449308256685725,0.13788066990016062,-0.15571379339278207,True,0.010777461642047272,cf_08,10,0.5,5.0,1156636349,0.5414804589963751
no_hte,19,causal_forest,True,True,Approximate interval with subgroup covariance omitted,,-1.1102230246251565e-16,-0.1182176071217067,0.12436871006847566,-0.361980278855919,0.12554506461250559,-0.11821760712170659,True,0.009537694020845785,cf_09,20,0.45,,1156636349,0.5074955419986509
no_hte,19,causal_forest,True,True,Approximate interval with subgroup covariance omitted,,-1.1102230246251565e-16,-0.11682216856301564,0.1227942300181689,-0.3574988593986267,0.12385452227259541,-0.11682216856301553,True,0.00921903059087812,cf_10,20,0.45,5.0,1156636349,0.5236813329975121
no_hte,19,causal_forest,True,True,Approximate interval with subgroup covariance omitted,,-1.1102230246251565e-16,-0.13040636787808213,0.13379872556917538,-0.39265186999366586,0.1318391342375016,-0.13040636787808202,True,0.010305131804689647,cf_11,20,0.5,,1156636349,0.5618565829936415
no_hte,19,causal_forest,True,True,Approximate interval with subgroup covariance omitted,,-1.1102230246251565e-16,-0.12670812042702728,0.1336764219640123,-0.38871390747649137,0.1352976666224368,-0.12670812042702717,True,0.009682760193793494,cf_12,20,0.5,5.0,1156636349,0.5411942089995136
no_hte,20,causal_forest,True,True,Approximate interval with subgroup covariance omitted,,-1.1102230246251565e-16,0.1104301699115735,0.1583233688206076,-0.19988363297681738,0.4207439727999644,0.11043016991157362,True,0.010453627498878862,cf_01,5,0.45,,2956121701,0.6402257500012638
no_hte,20,causal_forest,True,True,Approximate interval with subgroup covariance omitted,,-1.1102230246251565e-16,0.09204391053010741,0.1273899086243616,-0.1576403103736413,0.3417281314338561,0.09204391053010752,True,0.006018499366157162,cf_02,5,0.45,5.0,2956121701,0.5521966669984977
no_hte,20,causal_forest,True,True,Approximate interval with subgroup covariance omitted,,-1.1102230246251565e-16,0.10977611133451237,0.17080418532302247,-0.22500009189861164,0.4445523145676364,0.10977611133451248,True,0.010725527669723435,cf_03,5,0.5,,2956121701,0.6410176250064978
no_hte,20,causal_forest,True,True,Approximate interval with subgroup covariance omitted,,-1.1102230246251565e-16,0.09991866901879298,0.13442526965323234,-0.16355485950154242,0.3633921975391284,0.0999186690187931,True,0.0055123617676570156,cf_04,5,0.5,5.0,2956121701,0.5690861670009326
no_hte,20,causal_forest,True,True,Approximate interval with subgroup covariance omitted,,-1.1102230246251565e-16,0.0936699916156788,0.13492657884008463,-0.17078610291088708,0.35812608614224467,0.0936699916156789,True,0.007080806836439433,cf_05,10,0.45,,2956121701,0.5140690420012106
no_hte,20,causal_forest,True,True,Approximate interval with subgroup covariance omitted,,-1.1102230246251565e-16,0.0857728169687132,0.12050903184943815,-0.15042488545618557,0.321970519393612,0.0857728169687133,True,0.005352273736833656,cf_06,10,0.45,5.0,2956121701,0.49633570900186896
no_hte,20,causal_forest,True,True,Approximate interval with subgroup covariance omitted,,-1.1102230246251565e-16,0.10485732014103077,0.13115851548388616,-0.15221337020738607,0.3619280104894476,0.10485732014103089,True,0.006887618185672682,cf_07,10,0.5,,2956121701,0.5325742499990156
no_hte,20,causal_forest,True,True,Approximate interval with subgroup covariance omitted,,-1.1102230246251565e-16,0.09555713462144122,0.12071511429519793,-0.14104448939714673,0.3321587586400292,0.09555713462144133,True,0.00471236305051617,cf_08,10,0.5,5.0,2956121701,0.4885447499982547
no_hte,20,causal_forest,True,True,Approximate interval with subgroup covariance omitted,,-1.1102230246251565e-16,0.08387177286771885,0.1135195406402822,-0.13862652678723428,0.306370072522672,0.08387177286771896,True,0.004813656605379829,cf_09,20,0.45,,2956121701,0.4519558340034564
no_hte,20,causal_forest,True,True,Approximate interval with subgroup covariance omitted,,-1.1102230246251565e-16,0.08124262101158686,0.11257625173693801,-0.13940683239281165,0.30189207441598537,0.08124262101158697,True,0.0045221057905369955,cf_10,20,0.45,5.0,2956121701,0.4486570419976488
no_hte,20,causal_forest,True,True,Approximate interval with subgroup covariance omitted,,-1.1102230246251565e-16,0.09058195040899064,0.10333742139201912,-0.11195939551936684,0.2931232963373481,0.09058195040899075,True,0.004378646742041829,cf_11,20,0.5,,2956121701,0.46701937499892665
no_hte,20,causal_forest,True,True,Approximate interval with subgroup covariance omitted,,-1.1102230246251565e-16,0.08749162464972848,0.09941031299227729,-0.10735258881513499,0.28233583811459195,0.0874916246497286,True,0.003953508577133137,cf_12,20,0.5,5.0,2956121701,0.4659303330045077
no_hte,21,causal_forest,True,True,Approximate interval with subgroup covariance omitted,,-1.1102230246251565e-16,0.04088365996290322,0.15219634353669972,-0.25742117336902826,0.3391884932948347,0.04088365996290333,True,0.008317767502037204,cf_01,5,0.45,,155807929,0.539429750002455
no_hte,21,causal_forest,True,True,Approximate interval with subgroup covariance omitted,,-1.1102230246251565e-16,0.028907404650016066,0.11737556388138352,-0.20114870055749565,0.2589635098575278,0.028907404650016177,True,0.003206327033986585,cf_02,5,0.45,5.0,155807929,0.48817433299700497
no_hte,21,causal_forest,True,True,Approximate interval with subgroup covariance omitted,,-1.1102230246251565e-16,0.04640501367750183,0.15764621021718034,-0.26258155834817165,0.3553915857031753,0.04640501367750194,True,0.009413517621613743,cf_03,5,0.5,,155807929,0.5661988749998272
no_hte,21,causal_forest,True,True,Approximate interval with subgroup covariance omitted,,-1.1102230246251565e-16,0.03199433218799641,0.11523562769213026,-0.1938674980885789,0.2578561624645717,0.03199433218799652,True,0.003345227591646692,cf_04,5,0.5,5.0,155807929,0.49711174999538343
no_hte,21,causal_forest,True,True,Approximate interval with subgroup covariance omitted,,-1.1102230246251565e-16,0.031556390120880184,0.11235537219328576,-0.1886601393779599,0.25177291961972026,0.031556390120880295,True,0.004385994324761225,cf_05,10,0.45,,155807929,0.499021374998847
no_hte,21,causal_forest,True,True,Approximate interval with subgroup covariance omitted,,-1.1102230246251565e-16,0.03017010975603074,0.09349259825888695,-0.1530753828313877,0.21341560234344917,0.03017010975603085,True,0.0026427435178261456,cf_06,10,0.45,5.0,155807929,0.5086232499961625
no_hte,21,causal_forest,True,True,Approximate interval with subgroup covariance omitted,,-1.1102230246251565e-16,0.03085224480559512,0.12916626284187396,-0.22231363036447782,0.28401811997566806,0.03085224480559523,True,0.005620216612597708,cf_07,10,0.5,,155807929,0.5306830409972463
no_hte,21,causal_forest,True,True,Approximate interval with subgroup covariance omitted,,-1.1102230246251565e-16,0.023599598893033313,0.1049920052377822,-0.1821847313730198,0.22938392915908642,0.023599598893033424,True,0.002946104263907217,cf_08,10,0.5,5.0,155807929,0.5162583749988698
no_hte,21,causal_forest,True,True,Approximate interval with subgroup covariance omitted,,-1.1102230246251565e-16,0.019331130155120113,0.08006596556380212,-0.13759816234993202,0.17626042266017225,0.019331130155120224,True,0.0019555978304288497,cf_09,20,0.45,,155807929,0.4866355409976677
no_hte,21,causal_forest,True,True,Approximate interval with subgroup covariance omitted,,-1.1102230246251565e-16,0.019214010510477775,0.07540632357329681,-0.12858238369318398,0.16701040471413953,0.019214010510477886,True,0.0016965235146660723,cf_10,20,0.45,5.0,155807929,0.46239512500324054
no_hte,21,causal_forest,True,True,Approximate interval with subgroup covariance omitted,,-1.1102230246251565e-16,0.011971056486025478,0.09724519932727003,-0.1786295341954238,0.20257164716747475,0.011971056486025589,True,0.002542477853571441,cf_11,20,0.5,,155807929,0.48737691700080177
no_hte,21,causal_forest,True,True,Approximate interval with subgroup covariance omitted,,-1.1102230246251565e-16,0.011099462092739043,0.09506860893475153,-0.17523501141937395,0.19743393560485203,0.011099462092739154,True,0.002159389643153969,cf_12,20,0.5,5.0,155807929,0.466256624997186
no_hte,22,causal_forest,True,True,Approximate interval with subgroup covariance omitted,,-1.1102230246251565e-16,-0.041052553636509614,0.16353935126264232,-0.36158968211128856,0.27948457483826933,-0.0410525536365095,True,0.01874642486361604,cf_01,5,0.45,,1736776254,0.5522982920010691
no_hte,22,causal_forest,True,True,Approximate interval with subgroup covariance omitted,,-1.1102230246251565e-16,-0.0397099985488133,0.1444450627501922,-0.32282232153919,0.2434023244415634,-0.039709998548813186,True,0.013785950549191312,cf_02,5,0.45,5.0,1736776254,0.49000966700259596
no_hte,22,causal_forest,True,True,Approximate interval with subgroup covariance omitted,,-1.1102230246251565e-16,-0.06599419927664318,0.16800835733565783,-0.3952905796545325,0.26330218110124615,-0.06599419927664307,True,0.01905267372948188,cf_03,5,0.5,,1736776254,0.5714091670015478
no_hte,22,causal_forest,True,True,Approximate interval with subgroup covariance omitted,,-1.1102230246251565e-16,-0.05454568864069065,0.14132568195075174,-0.33154402526416404,0.22245264798278275,-0.05454568864069054,True,0.012709908593777623,cf_04,5,0.5,5.0,1736776254,0.5407588750022114
no_hte,22,causal_forest,True,True,Approximate interval with subgroup covariance omitted,,-1.1102230246251565e-16,-0.03674512948895403,0.1280353430205581,-0.28769440180924793,0.21420414283133987,-0.03674512948895392,True,0.016014443063308525,cf_05,10,0.45,,1736776254,0.5282771670026705
no_hte,22,causal_forest,True,True,Approximate interval with subgroup covariance omitted,,-1.1102230246251565e-16,-0.03132471954845373,0.12011593531292655,-0.26675195276178976,0.2041025136648823,-0.03132471954845362,True,0.013576360054609136,cf_06,10,0.45,5.0,1736776254,0.48686999999335967
no_hte,22,causal_forest,True,True,Approximate interval with subgroup covariance omitted,,-1.1102230246251565e-16,-0.044278203863049925,0.14493867337158992,-0.32835800367136614,0.2398015959452663,-0.044278203863049814,True,0.015409222735923024,cf_07,10,0.5,,1736776254,0.5434118330013007
no_hte,22,causal_forest,True,True,Approximate interval with subgroup covariance omitted,,-1.1102230246251565e-16,-0.041282521203491185,0.1312965277590899,-0.2986237156113074,0.21605867320432504,-0.041282521203491074,True,0.012520207130953153,cf_08,10,0.5,5.0,1736776254,0.5322090830013622
no_hte,22,causal_forest,True,True,Approximate interval with subgroup covariance omitted,,-1.1102230246251565e-16,-0.029185784584911056,0.10046211333434955,-0.2260915267202362,0.16771995755041408,-0.029185784584910945,True,0.013459571175255047,cf_09,20,0.45,,1736776254,0.47285666699463036
no_hte,22,causal_forest,True,True,Approximate interval with subgroup covariance omitted,,-1.1102230246251565e-16,-0.029617212147340477,0.09988910822675928,-0.22539986427178868,0.16616543997710773,-0.029617212147340366,True,0.01323452157921119,cf_10,20,0.45,5.0,1736776254,0.4712032499955967
no_hte,22,causal_forest,True,True,Approximate interval with subgroup covariance omitted,,-1.1102230246251565e-16,-0.033958104127202904,0.10295636051251314,-0.23575257073172864,0.16783636247732284,-0.03395810412720279,True,0.012709284415943753,cf_11,20,0.5,,1736776254,0.5196366660020431
no_hte,22,causal_forest,True,True,Approximate interval with subgroup covariance omitted,,-1.1102230246251565e-16,-0.03335675568361485,0.1009183116617117,-0.23115664654056978,0.16444313517334008,-0.033356755683614736,True,0.012207498748553704,cf_12,20,0.5,5.0,1736776254,0.5033544580001035
no_hte,23,causal_forest,True,True,Approximate interval with subgroup covariance omitted,,-1.1102230246251565e-16,-0.02085388533628063,0.16318043101246538,-0.3406875301207128,0.2989797594481515,-0.02085388533628052,True,0.006855883428322658,cf_01,5,0.45,,190334944,0.5565289590012981
no_hte,23,causal_forest,True,True,Approximate interval with subgroup covariance omitted,,-1.1102230246251565e-16,-0.013982514842049265,0.12406688159514331,-0.25715360276853017,0.22918857308443163,-0.013982514842049154,True,0.002618861448630358,cf_02,5,0.45,5.0,190334944,0.48672987499594456
no_hte,23,causal_forest,True,True,Approximate interval with subgroup covariance omitted,,-1.1102230246251565e-16,-0.03855820879169847,0.16255279176135878,-0.3571616806439617,0.28004526306056476,-0.038558208791698356,True,0.008108314883766943,cf_03,5,0.5,,190334944,0.567617374996189
no_hte,23,causal_forest,True,True,Approximate interval with subgroup covariance omitted,,-1.1102230246251565e-16,-0.029147245841185776,0.12297404320201574,-0.2701763705171366,0.21188187883476509,-0.029147245841185665,True,0.0028969706774499664,cf_04,5,0.5,5.0,190334944,0.5103047499942477
no_hte,23,causal_forest,True,True,Approximate interval with subgroup covariance omitted,,-1.1102230246251565e-16,-0.0281849423839029,0.12245571004193576,-0.26819813406609694,0.21182824929829117,-0.02818494238390279,True,0.0037144456804605146,cf_05,10,0.45,,190334944,0.5074212919935235
no_hte,23,causal_forest,True,True,Approximate interval with subgroup covariance omitted,,-1.1102230246251565e-16,-0.020410457490699807,0.10656651244538977,-0.22928082188366375,0.18845990690226413,-0.020410457490699696,True,0.0018464443312961882,cf_06,10,0.45,5.0,190334944,0.5030780830056756
no_hte,23,causal_forest,True,True,Approximate interval with subgroup covariance omitted,,-1.1102230246251565e-16,-0.04248081140372373,0.11830363611191108,-0.27435593818306947,0.18939431537562199,-0.04248081140372362,True,0.004562270840074001,cf_07,10,0.5,,190334944,0.5286001249987748
no_hte,23,causal_forest,True,True,Approximate interval with subgroup covariance omitted,,-1.1102230246251565e-16,-0.035060220933014974,0.1032482295393761,-0.23742675083019213,0.16730630896416218,-0.03506022093301486,True,0.002271175691430215,cf_08,10,0.5,5.0,190334944,0.493093625002075
no_hte,23,causal_forest,True,True,Approximate interval with subgroup covariance omitted,,-1.1102230246251565e-16,-0.03347693885610492,0.09617938946813312,-0.22198854221364583,0.155034664501436,-0.03347693885610481,True,0.0014625225858792498,cf_09,20,0.45,,190334944,0.4549771249949117
no_hte,23,causal_forest,True,True,Approximate interval with subgroup covariance omitted,,-1.1102230246251565e-16,-0.03157231264115368,0.09511555038536589,-0.2179987913964708,0.15485416611416344,-0.031572312641153566,True,0.0012653107768090378,cf_10,20,0.45,5.0,190334944,0.44966112499969313
no_hte,23,causal_forest,True,True,Approximate interval with subgroup covariance omitted,,-1.1102230246251565e-16,-0.046090362959025244,0.0873515673638974,-0.21729943499226415,0.12511870907421366,-0.04609036295902513,True,0.002121885460615278,cf_11,20,0.5,,190334944,0.47069762500177603
no_hte,23,causal_forest,True,True,Approximate interval with subgroup covariance omitted,,-1.1102230246251565e-16,-0.04202894821906111,0.081514054684527,-0.20179649540073402,0.1177385989626118,-0.042028948219061,True,0.0016151114838093257,cf_12,20,0.5,5.0,190334944,0.4700649579972378
no_hte,24,causal_forest,True,True,Approximate interval with subgroup covariance omitted,,-1.1102230246251565e-16,-0.08514051771087344,0.15952208992819353,-0.39780381397013276,0.22752277854838587,-0.08514051771087333,True,0.011522154335761843,cf_01,5,0.45,,2700489423,0.5440333750011632
no_hte,24,causal_forest,True,True,Approximate interval with subgroup covariance omitted,,-1.1102230246251565e-16,-0.07523864260192903,0.11883706108517579,-0.3081592823288736,0.15768199712501552,-0.07523864260192892,True,0.005384820000891438,cf_02,5,0.45,5.0,2700489423,0.484689040997182
no_hte,24,causal_forest,True,True,Approximate interval with subgroup covariance omitted,,-1.1102230246251565e-16,-0.07249263085605462,0.16000229603536778,-0.38609713108537547,0.24111186937326623,-0.07249263085605451,True,0.012623428385158973,cf_03,5,0.5,,2700489423,0.579841792001389
no_hte,24,causal_forest,True,True,Approximate interval with subgroup covariance omitted,,-1.1102230246251565e-16,-0.061730342927693194,0.12277950167973105,-0.30237816621996605,0.17891748036457966,-0.06173034292769308,True,0.005556709717563073,cf_04,5,0.5,5.0,2700489423,0.5062132500024745
no_hte,24,causal_forest,True,True,Approximate interval with subgroup covariance omitted,,-1.1102230246251565e-16,-0.08237749481055551,0.12236022820264014,-0.32220354208773017,0.15744855246661918,-0.0823774948105554,True,0.00671183389587463,cf_05,10,0.45,,2700489423,0.5031106249953154
no_hte,24,causal_forest,True,True,Approximate interval with subgroup covariance omitted,,-1.1102230246251565e-16,-0.07465816577718104,0.10788497114225808,-0.28611270921600684,0.1367963776616448,-0.07465816577718093,True,0.0045026909966660155,cf_06,10,0.45,5.0,2700489423,0.4854006249952363
no_hte,24,causal_forest,True,True,Approximate interval with subgroup covariance omitted,,-1.1102230246251565e-16,-0.07526239786069583,0.1245091647422598,-0.31930036075552504,0.16877556503413338,-0.07526239786069572,True,0.008045021774184273,cf_07,10,0.5,,2700489423,0.5383582919967012
no_hte,24,causal_forest,True,True,Approximate interval with subgroup covariance omitted,,-1.1102230246251565e-16,-0.06149172872714653,0.10884560351667208,-0.2748291116198238,0.15184565416553075,-0.06149172872714642,True,0.004952638035031142,cf_08,10,0.5,5.0,2700489423,0.5182803330026218
no_hte,24,causal_forest,True,True,Approximate interval with subgroup covariance omitted,,-1.1102230246251565e-16,-0.06271720082717758,0.09832850385730527,-0.2554410683874959,0.13000666673314074,-0.06271720082717747,True,0.00377649170972548,cf_09,20,0.45,,2700489423,0.4536240000015823
no_hte,24,causal_forest,True,True,Approximate interval with subgroup covariance omitted,,-1.1102230246251565e-16,-0.06119767418879096,0.09671400661322825,-0.2507571271507183,0.1283617787731364,-0.06119767418879085,True,0.0035177066215766654,cf_10,20,0.45,5.0,2700489423,0.45402479200129164
no_hte,24,causal_forest,True,True,Approximate interval with subgroup covariance omitted,,-1.1102230246251565e-16,-0.05935416918350672,0.09422141895311686,-0.24402815033161576,0.12531981196460232,-0.05935416918350661,True,0.004822773111725418,cf_11,20,0.5,,2700489423,0.4693170419996022
no_hte,24,causal_forest,True,True,Approximate interval with subgroup covariance omitted,,-1.1102230246251565e-16,-0.055244156939629696,0.09191513387382089,-0.23539781933231863,0.12490950545305923,-0.055244156939629585,True,0.004177018324174762,cf_12,20,0.5,5.0,2700489423,0.47099729199544527
no_hte,25,causal_forest,True,True,Approximate interval with subgroup covariance omitted,,-1.1102230246251565e-16,0.07786580946752464,0.15484821494249534,-0.22563669181976626,0.38136831075481553,0.07786580946752475,True,0.010256807611032134,cf_01,5,0.45,,1772589007,0.5528372080007102
no_hte,25,causal_forest,True,True,Approximate interval with subgroup covariance omitted,,-1.1102230246251565e-16,0.06811506379538201,0.12047740222350704,-0.16802064456269178,0.3042507721534558,0.06811506379538212,True,0.006121298430372155,cf_02,5,0.45,5.0,1772589007,0.4841522080023424
no_hte,25,causal_forest,True,True,Approximate interval with subgroup covariance omitted,,-1.1102230246251565e-16,0.06801389798314861,0.1424350289180055,-0.21115875869614215,0.34718655466243936,0.06801389798314872,True,0.011327377765563782,cf_03,5,0.5,,1772589007,0.5791643330012448
no_hte,25,causal_forest,True,True,Approximate interval with subgroup covariance omitted,,-1.1102230246251565e-16,0.0576730579153234,0.10888066294010412,-0.15573304144728067,0.2710791572779275,0.05767305791532351,True,0.006279176362773406,cf_04,5,0.5,5.0,1772589007,0.5018287079947186
no_hte,25,causal_forest,True,True,Approximate interval with subgroup covariance omitted,,-1.1102230246251565e-16,0.05787118646506584,0.123949954771832,-0.18507072488772489,0.3008130978178566,0.05787118646506595,True,0.00694183248669999,cf_05,10,0.45,,1772589007,0.5114792919994215
no_hte,25,causal_forest,True,True,Approximate interval with subgroup covariance omitted,,-1.1102230246251565e-16,0.0547802934979057,0.10864225319431053,-0.15815852276294295,0.26771910975875435,0.05478029349790581,True,0.0053588419964625674,cf_06,10,0.45,5.0,1772589007,0.49307274999591755
no_hte,25,causal_forest,True,True,Approximate interval with subgroup covariance omitted,,-1.1102230246251565e-16,0.043204309402782526,0.1287014837816047,-0.2090505988091627,0.29545921761472776,0.04320430940278264,True,0.00774735448649975,cf_07,10,0.5,,1772589007,0.5399853749986505
no_hte,25,causal_forest,True,True,Approximate interval with subgroup covariance omitted,,-1.1102230246251565e-16,0.039525407874514196,0.11298739158003433,-0.1819298796223531,0.26098069537138147,0.03952540787451431,True,0.005431939579988048,cf_08,10,0.5,5.0,1772589007,0.5128337919959449
no_hte,25,causal_forest,True,True,Approximate interval with subgroup covariance omitted,,-1.1102230246251565e-16,0.027085894319458736,0.09571541832782206,-0.1605163256030725,0.21468811424198997,0.027085894319458848,True,0.004151057452110072,cf_09,20,0.45,,1772589007,0.5657940419987426
no_hte,25,causal_forest,True,True,Approximate interval with subgroup covariance omitted,,-1.1102230246251565e-16,0.026536609072291717,0.09420668355641863,-0.1581084906982888,0.21118170884287224,0.026536609072291828,True,0.003937789887120856,cf_10,20,0.45,5.0,1772589007,0.47758216700458433
no_hte,25,causal_forest,True,True,Approximate interval with subgroup covariance omitted,,-1.1102230246251565e-16,0.023837334320323977,0.09997810173572295,-0.172119745081693,0.21979441372234096,0.02383733432032409,True,0.004746938181909127,cf_11,20,0.5,,1772589007,0.48508216600021115
no_hte,25,causal_forest,True,True,Approximate interval with subgroup covariance omitted,,-1.1102230246251565e-16,0.026070345203652034,0.09528252129747376,-0.16068339653939653,0.2128240869467006,0.026070345203652145,True,0.004394185259626844,cf_12,20,0.5,5.0,1772589007,0.46411504100251477
no_hte,26,causal_forest,True,True,Approximate interval with subgroup covariance omitted,,-1.1102230246251565e-16,-0.01797281837236575,0.15665426130225124,-0.3250151705247782,0.2890695337800467,-0.01797281837236564,True,0.007924632425709456,cf_01,5,0.45,,1722174946,0.5506620830055908
no_hte,26,causal_forest,True,True,Approximate interval with subgroup covariance omitted,,-1.1102230246251565e-16,-0.019287879664050545,0.11972184070730431,-0.25394268745036697,0.2153669281222659,-0.019287879664050434,True,0.003758000862496838,cf_02,5,0.45,5.0,1722174946,0.5017534169965074
no_hte,26,causal_forest,True,True,Approximate interval with subgroup covariance omitted,,-1.1102230246251565e-16,-0.028927883406461852,0.16509123817121762,-0.3525067102220484,0.2946509434091247,-0.02892788340646174,True,0.00801048795665052,cf_03,5,0.5,,1722174946,0.6080206249971525
no_hte,26,causal_forest,True,True,Approximate interval with subgroup covariance omitted,,-1.1102230246251565e-16,-0.02621537169202165,0.12354113525680217,-0.26835599679535393,0.2159252534113106,-0.02621537169202154,True,0.003219447901201924,cf_04,5,0.5,5.0,1722174946,0.5107237500051269
no_hte,26,causal_forest,True,True,Approximate interval with subgroup covariance omitted,,-1.1102230246251565e-16,-0.01800571435384335,0.13026918318334324,-0.2733333133931961,0.2373218846855094,-0.01800571435384324,True,0.004871100433777107,cf_05,10,0.45,,1722174946,0.5059912080032518
no_hte,26,causal_forest,True,True,Approximate interval with subgroup covariance omitted,,-1.1102230246251565e-16,-0.01539387769946532,0.11249950129492134,-0.23589290023751114,0.2051051448385805,-0.015393877699465208,True,0.0033887329121086588,cf_06,10,0.45,5.0,1722174946,0.47843037499842467
no_hte,26,causal_forest,True,True,Approximate interval with subgroup covariance omitted,,-1.1102230246251565e-16,-0.02881311247524576,0.13351978834486544,-0.290511897631182,0.2328856726806905,-0.02881311247524565,True,0.004858312901311848,cf_07,10,0.5,,1722174946,0.5367282500010333
no_hte,26,causal_forest,True,True,Approximate interval with subgroup covariance omitted,,-1.1102230246251565e-16,-0.02553651182965433,0.11604126566721054,-0.252977392537387,0.20190436887807833,-0.025536511829654218,True,0.0029171222375236196,cf_08,10,0.5,5.0,1722174946,0.4948177089972887
no_hte,26,causal_forest,True,True,Approximate interval with subgroup covariance omitted,,-1.1102230246251565e-16,-0.015342659480032439,0.0976058060030101,-0.20665003924593223,0.17596472028586735,-0.015342659480032328,True,0.0031178121442250618,cf_09,20,0.45,,1722174946,0.4617534579956555
no_hte,26,causal_forest,True,True,Approximate interval with subgroup covariance omitted,,-1.1102230246251565e-16,-0.014334741640272597,0.09447808762878414,-0.1995117933926895,0.17084231011214432,-0.014334741640272486,True,0.0028549395722707294,cf_10,20,0.45,5.0,1722174946,0.4561132919989177
no_hte,26,causal_forest,True,True,Approximate interval with subgroup covariance omitted,,-1.1102230246251565e-16,-0.023826645218608,0.10370557906138293,-0.22708958017891853,0.17943628974170253,-0.02382664521860789,True,0.003006028391139003,cf_11,20,0.5,,1722174946,0.4735407080006553
no_hte,26,causal_forest,True,True,Approximate interval with subgroup covariance omitted,,-1.1102230246251565e-16,-0.024314197540593052,0.10103032927006364,-0.22233364290991778,0.17370524782873167,-0.02431419754059294,True,0.00264356762859759,cf_12,20,0.5,5.0,1722174946,0.46879700000135927
no_hte,27,causal_forest,True,True,Approximate interval with subgroup covariance omitted,,-1.1102230246251565e-16,-0.10057781290578732,0.17516114937124264,-0.44389366567342287,0.24273803986184822,-0.10057781290578721,True,0.008144235153096965,cf_01,5,0.45,,3298047481,0.5474946670001373
no_hte,27,causal_forest,True,True,Approximate interval with subgroup covariance omitted,,-1.1102230246251565e-16,-0.07583995332120474,0.1256908072362092,-0.32219393550417474,0.17051402886176528,-0.07583995332120463,True,0.003934174752508429,cf_02,5,0.45,5.0,3298047481,0.4914437089973944
no_hte,27,causal_forest,True,True,Approximate interval with subgroup covariance omitted,,-1.1102230246251565e-16,-0.07824070875448269,0.1826420278760479,-0.4362190833915366,0.2797376658825712,-0.07824070875448258,True,0.008720431924013746,cf_03,5,0.5,,3298047481,0.5713202499973704
no_hte,27,causal_forest,True,True,Approximate interval with subgroup covariance omitted,,-1.1102230246251565e-16,-0.058321609620497816,0.13996637921961597,-0.3326557128909451,0.21601249364994946,-0.058321609620497705,True,0.004154309794348466,cf_04,5,0.5,5.0,3298047481,0.5030570830058423
no_hte,27,causal_forest,True,True,Approximate interval with subgroup covariance omitted,,-1.1102230246251565e-16,-0.07070882289462838,0.12950412557893204,-0.3245369090293352,0.18311926324007843,-0.07070882289462826,True,0.004647640847952023,cf_05,10,0.45,,3298047481,0.49829324999882374
no_hte,27,causal_forest,True,True,Approximate interval with subgroup covariance omitted,,-1.1102230246251565e-16,-0.06258331803691014,0.11863707229122905,-0.2951119797277191,0.1699453436538988,-0.06258331803691003,True,0.0031659458630615817,cf_06,10,0.45,5.0,3298047481,0.4718533330014907
no_hte,27,causal_forest,True,True,Approximate interval with subgroup covariance omitted,,-1.1102230246251565e-16,-0.06028350263324034,0.1486785494553735,-0.3516934595657724,0.23112645429929174,-0.06028350263324023,True,0.0049812707759216935,cf_07,10,0.5,,3298047481,0.5229619999954593
no_hte,27,causal_forest,True,True,Approximate interval with subgroup covariance omitted,,-1.1102230246251565e-16,-0.0501978209818989,0.12778042026769554,-0.30064744470658217,0.20025180274278437,-0.05019782098189879,True,0.003263804927419387,cf_08,10,0.5,5.0,3298047481,0.48759954200068023
no_hte,27,causal_forest,True,True,Approximate interval with subgroup covariance omitted,,-1.1102230246251565e-16,-0.04161297183908019,0.08986464689750885,-0.21774767975819753,0.13452173608003715,-0.04161297183908008,True,0.002302306805186926,cf_09,20,0.45,,3298047481,0.4542747080049594
no_hte,27,causal_forest,True,True,Approximate interval with subgroup covariance omitted,,-1.1102230246251565e-16,-0.04064122051092539,0.09066328095336904,-0.21834125117952868,0.1370588101576779,-0.04064122051092528,True,0.0021769090100128333,cf_10,20,0.45,5.0,3298047481,0.46588016700115986
no_hte,27,causal_forest,True,True,Approximate interval with subgroup covariance omitted,,-1.1102230246251565e-16,-0.03156054469729036,0.1104506319342905,-0.24804378328849974,0.18492269389391902,-0.03156054469729025,True,0.002681039735712498,cf_11,20,0.5,,3298047481,0.4722040000051493
no_hte,27,causal_forest,True,True,Approximate interval with subgroup covariance omitted,,-1.1102230246251565e-16,-0.030900907476095252,0.10400578336212972,-0.2347522428658695,0.17295042791367898,-0.03090090747609514,True,0.0024138489137533275,cf_12,20,0.5,5.0,3298047481,0.46933591699780663
no_hte,28,causal_forest,True,True,Approximate interval with subgroup covariance omitted,,-1.1102230246251565e-16,0.03321884642894235,0.15109266589782602,-0.26292277873079667,0.32936047158868137,0.03321884642894246,True,0.006936917608202919,cf_01,5,0.45,,1489640709,0.547195166000165
no_hte,28,causal_forest,True,True,Approximate interval with subgroup covariance omitted,,-1.1102230246251565e-16,0.03193523459529224,0.11510348888367089,-0.1936676036167027,0.2575380728072872,0.03193523459529235,True,0.0024011629623129148,cf_02,5,0.45,5.0,1489640709,0.4908611249993555
no_hte,28,causal_forest,True,True,Approximate interval with subgroup covariance omitted,,-1.1102230246251565e-16,0.009439956510973957,0.15289399512816915,-0.29023227394023754,0.30911218696218545,0.009439956510974068,True,0.008477519626752396,cf_03,5,0.5,,1489640709,0.567013500003668
no_hte,28,causal_forest,True,True,Approximate interval with subgroup covariance omitted,,-1.1102230246251565e-16,0.015245307209110215,0.10866973139906437,-0.19774736633305595,0.22823798075127638,0.015245307209110326,True,0.0025509355777636874,cf_04,5,0.5,5.0,1489640709,0.49834512500092387
no_hte,28,causal_forest,True,True,Approximate interval with subgroup covariance omitted,,-1.1102230246251565e-16,0.030172456900880773,0.11812950530618617,-0.20136137349924413,0.26170628730100565,0.030172456900880884,True,0.00346948806988634,cf_05,10,0.45,,1489640709,0.4955308339995099
no_hte,28,causal_forest,True,True,Approximate interval with subgroup covariance omitted,,-1.1102230246251565e-16,0.029789275757102995,0.0990953785132415,-0.16443766612885036,0.22401621764305635,0.029789275757103106,True,0.0018719821080976065,cf_06,10,0.45,5.0,1489640709,0.4748648749955464
no_hte,28,causal_forest,True,True,Approximate interval with subgroup covariance omitted,,-1.1102230246251565e-16,0.017059559929049062,0.11357080824976161,-0.20553922424048368,0.2396583440985818,0.017059559929049173,True,0.004034194624742875,cf_07,10,0.5,,1489640709,0.5173385000016424
no_hte,28,causal_forest,True,True,Approximate interval with subgroup covariance omitted,,-1.1102230246251565e-16,0.014696393317360168,0.09561835895537643,-0.17271559023517763,0.20210837686989797,0.014696393317360279,True,0.0019660448560353777,cf_08,10,0.5,5.0,1489640709,0.48822987499443116
no_hte,28,causal_forest,True,True,Approximate interval with subgroup covariance omitted,,-1.1102230246251565e-16,0.019791634430160854,0.09964665564975651,-0.1755158106433619,0.21509907950368362,0.019791634430160965,True,0.001468796968520226,cf_09,20,0.45,,1489640709,0.45176187500328524
no_hte,28,causal_forest,True,True,Approximate interval with subgroup covariance omitted,,-1.1102230246251565e-16,0.019287893917659504,0.09649179650975277,-0.16983602724145594,0.20841181507677495,0.019287893917659615,True,0.0013349755544965131,cf_10,20,0.45,5.0,1489640709,0.44581299999845214
no_hte,28,causal_forest,True,True,Approximate interval with subgroup covariance omitted,,-1.1102230246251565e-16,0.018291354773657176,0.08830151854271988,-0.15477962157007377,0.19136233111738812,0.018291354773657287,True,0.0016708555686273047,cf_11,20,0.5,,1489640709,0.47031474999675993
no_hte,28,causal_forest,True,True,Approximate interval with subgroup covariance omitted,,-1.1102230246251565e-16,0.019577857340493443,0.08461680185047078,-0.1462710742864293,0.18542678896741618,0.019577857340493554,True,0.001395930537817052,cf_12,20,0.5,5.0,1489640709,0.46324187500431435
no_hte,29,causal_forest,True,True,Approximate interval with subgroup covariance omitted,,-1.1102230246251565e-16,-0.07281964064098162,0.16165521489125131,-0.3896638618278342,0.24402458054587095,-0.07281964064098151,True,0.014442588838626662,cf_01,5,0.45,,1683518990,0.5418818749967613
no_hte,29,causal_forest,True,True,Approximate interval with subgroup covariance omitted,,-1.1102230246251565e-16,-0.047099495052580875,0.12410415519033953,-0.2903436392256463,0.1961446491204846,-0.047099495052580764,True,0.009113826093314788,cf_02,5,0.45,5.0,1683518990,0.5129019579981104
no_hte,29,causal_forest,True,True,Approximate interval with subgroup covariance omitted,,-1.1102230246251565e-16,-0.07036274346500959,0.1700875401307466,-0.4037343221212729,0.26300883519125373,-0.07036274346500948,True,0.015496771078560652,cf_03,5,0.5,,1683518990,0.5685639169969363
no_hte,29,causal_forest,True,True,Approximate interval with subgroup covariance omitted,,-1.1102230246251565e-16,-0.052994629404671756,0.12648703110305604,-0.3009092103666616,0.19491995155731806,-0.052994629404671645,True,0.008969904518852422,cf_04,5,0.5,5.0,1683518990,0.5034964580045198
no_hte,29,causal_forest,True,True,Approximate interval with subgroup covariance omitted,,-1.1102230246251565e-16,-0.06058736231568562,0.1265438422505522,-0.30861329312676794,0.1874385684953967,-0.06058736231568551,True,0.010101204058099576,cf_05,10,0.45,,1683518990,0.5010075829995912
no_hte,29,causal_forest,True,True,Approximate interval with subgroup covariance omitted,,-1.1102230246251565e-16,-0.05156454696336704,0.1141537740342813,-0.2753059440705584,0.1721768501438243,-0.05156454696336693,True,0.007921243040643726,cf_06,10,0.45,5.0,1683518990,0.47176745899923844
no_hte,29,causal_forest,True,True,Approximate interval with subgroup covariance omitted,,-1.1102230246251565e-16,-0.06329045350968349,0.13654711482542467,-0.33092279856751583,0.20434189154814886,-0.06329045350968338,True,0.010635982582060333,cf_07,10,0.5,,1683518990,0.5197403750062222
no_hte,29,causal_forest,True,True,Approximate interval with subgroup covariance omitted,,-1.1102230246251565e-16,-0.05108546412571413,0.12144467831981555,-0.2891170336325526,0.18694610538112436,-0.05108546412571402,True,0.008120237314627207,cf_08,10,0.5,5.0,1683518990,0.4880403330025729
no_hte,29,causal_forest,True,True,Approximate interval with subgroup covariance omitted,,-1.1102230246251565e-16,-0.04665197094709023,0.09534697514488737,-0.23353204223106946,0.140228100336889,-0.046651970947090116,True,0.007192934789853878,cf_09,20,0.45,,1683518990,0.4933271249974496
no_hte,29,causal_forest,True,True,Approximate interval with subgroup covariance omitted,,-1.1102230246251565e-16,-0.042970949795468005,0.092921341750262,-0.2250967796259815,0.1391548800350455,-0.042970949795467894,True,0.0069494674005758095,cf_10,20,0.45,5.0,1683518990,0.45601212499605026
no_hte,29,causal_forest,True,True,Approximate interval with subgroup covariance omitted,,-1.1102230246251565e-16,-0.04679833014617013,0.11981630117063753,-0.28163828044061967,0.18804162014827944,-0.04679833014617002,True,0.007429077296840717,cf_11,20,0.5,,1683518990,0.5180127499988885
no_hte,29,causal_forest,True,True,Approximate interval with subgroup covariance omitted,,-1.1102230246251565e-16,-0.04422863849079023,0.11198829531137333,-0.263725697301082,0.1752684203195015,-0.04422863849079012,True,0.0070873324325456954,cf_12,20,0.5,5.0,1683518990,0.5512979579943931
no_hte,30,causal_forest,True,True,Approximate interval with subgroup covariance omitted,,-1.1102230246251565e-16,0.12479489183134296,0.1475383293185643,-0.1643802336330431,0.413970017295729,0.12479489183134307,True,0.011125785312510053,cf_01,5,0.45,,2049898485,0.680961958001717
no_hte,30,causal_forest,True,True,Approximate interval with subgroup covariance omitted,,-1.1102230246251565e-16,0.11213947975834104,0.11165187168524326,-0.10669818874473574,0.33097714826141783,0.11213947975834115,True,0.0058941893421728285,cf_02,5,0.45,5.0,2049898485,0.6036092919966904
no_hte,30,causal_forest,True,True,Approximate interval with subgroup covariance omitted,,-1.1102230246251565e-16,0.1426776146684261,0.1622789022100744,-0.1753890336633197,0.4607442630001719,0.1426776146684262,True,0.012045769178770498,cf_03,5,0.5,,2049898485,0.6699312499986263
no_hte,30,causal_forest,True,True,Approximate interval with subgroup covariance omitted,,-1.1102230246251565e-16,0.1181304656917943,0.12052698197895412,-0.11810241898695575,0.35436335037054434,0.11813046569179442,True,0.005976102613693337,cf_04,5,0.5,5.0,2049898485,0.5933980830013752
no_hte,30,causal_forest,True,True,Approximate interval with subgroup covariance omitted,,-1.1102230246251565e-16,0.1171672138725377,0.11283977716159728,-0.10399874936419296,0.33833317710926836,0.11716721387253781,True,0.007575296751817498,cf_05,10,0.45,,2049898485,0.6230892079984187
no_hte,30,causal_forest,True,True,Approximate interval with subgroup covariance omitted,,-1.1102230246251565e-16,0.10987465623649328,0.10459215236986345,-0.09512596240843907,0.31487527488142564,0.1098746562364934,True,0.005297450268804196,cf_06,10,0.45,5.0,2049898485,0.49940712499665096
no_hte,30,causal_forest,True,True,Approximate interval with subgroup covariance omitted,,-1.1102230246251565e-16,0.12892601393519287,0.1225598211451799,-0.11129123550935971,0.36914326337974546,0.12892601393519298,True,0.007961474418966732,cf_07,10,0.5,,2049898485,0.575467791997653
no_hte,30,causal_forest,True,True,Approximate interval with subgroup covariance omitted,,-1.1102230246251565e-16,0.11819280270861421,0.10708940873676213,-0.09170243841543957,0.328088043832668,0.11819280270861432,True,0.00528022836867105,cf_08,10,0.5,5.0,2049898485,0.5757498750026571
no_hte,30,causal_forest,True,True,Approximate interval with subgroup covariance omitted,,-1.1102230246251565e-16,0.10392879489531526,0.09388935212080309,-0.08009433526145879,0.28795192505208933,0.10392879489531537,True,0.004937215095281078,cf_09,20,0.45,,2049898485,0.5865249170019524
no_hte,30,causal_forest,True,True,Approximate interval with subgroup covariance omitted,,-1.1102230246251565e-16,0.10242525977519845,0.09257339293937733,-0.07901859038598111,0.28386910993637804,0.10242525977519856,True,0.004593845093043376,cf_10,20,0.45,5.0,2049898485,0.6154096249956638
no_hte,30,causal_forest,True,True,Approximate interval with subgroup covariance omitted,,-1.1102230246251565e-16,0.10344781092358657,0.09860646838803172,-0.08982086711695561,0.2967164889641287,0.10344781092358668,True,0.004988511655285468,cf_11,20,0.5,,2049898485,0.6176512500023819
no_hte,30,causal_forest,True,True,Approximate interval with subgroup covariance omitted,,-1.1102230246251565e-16,0.10095607216157554,0.09490545002662755,-0.08505860989061445,0.2869707542137655,0.10095607216157565,True,0.004403024790838971,cf_12,20,0.5,5.0,2049898485,0.6593215409957338
joint_subgroup,1,causal_forest,True,True,Approximate interval with subgroup covariance omitted,,0.09429925661307104,0.17820460850100528,0.1517095642678948,-0.11914613746406855,0.4755553544660791,0.08390535188793424,True,0.007839662712885134,cf_01,5,0.45,,2981070536,0.6882787080030539
joint_subgroup,1,causal_forest,True,True,Approximate interval with subgroup covariance omitted,,0.09429925661307104,0.13259047976602367,0.1151394605014646,-0.09308286281684694,0.3582638223488943,0.038291223152952636,True,0.0033862152361149233,cf_02,5,0.45,5.0,2981070536,0.5840475829973002
joint_subgroup,1,causal_forest,True,True,Approximate interval with subgroup covariance omitted,,0.09429925661307104,0.18370995310161997,0.1698936146029673,-0.14928153152019596,0.5167014377234359,0.08941069648854894,True,0.008272277984356553,cf_03,5,0.5,,2981070536,0.6615692499981378
joint_subgroup,1,causal_forest,True,True,Approximate interval with subgroup covariance omitted,,0.09429925661307104,0.13499472573144233,0.12317045686194612,-0.10641936971797206,0.3764088211808567,0.0406954691183713,True,0.003692211177655731,cf_04,5,0.5,5.0,2981070536,0.6036122080040514
joint_subgroup,1,causal_forest,True,True,Approximate interval with subgroup covariance omitted,,0.09429925661307104,0.15063779734158678,0.12399494870822098,-0.09239230212652633,0.3936678968096999,0.05633854072851574,True,0.004786609824034826,cf_05,10,0.45,,2981070536,0.6606993330060504
joint_subgroup,1,causal_forest,True,True,Approximate interval with subgroup covariance omitted,,0.09429925661307104,0.12820320676262453,0.10952102118424115,-0.08645799475848812,0.3428644082837372,0.0339039501495535,True,0.0031284826282594724,cf_06,10,0.45,5.0,2981070536,0.5703093339980114
joint_subgroup,1,causal_forest,True,True,Approximate interval with subgroup covariance omitted,,0.09429925661307104,0.1586481035438363,0.1290560189418373,-0.09430169358216478,0.41159790066983737,0.06434884693076526,True,0.005539977050573274,cf_07,10,0.5,,2981070536,0.6707332919977489
joint_subgroup,1,causal_forest,True,True,Approximate interval with subgroup covariance omitted,,0.09429925661307104,0.13220570369665063,0.11631743050010872,-0.09577646008356244,0.3601878674768637,0.0379064470835796,True,0.0034448729521624347,cf_08,10,0.5,5.0,2981070536,0.6531562079981086
joint_subgroup,1,causal_forest,True,True,Approximate interval with subgroup covariance omitted,,0.09429925661307104,0.11892026082453355,0.09698298095926855,-0.07116638185563282,0.30900690350469995,0.024621004211462516,True,0.0030988903042957886,cf_09,20,0.45,,2981070536,0.5609950840007514
joint_subgroup,1,causal_forest,True,True,Approximate interval with subgroup covariance omitted,,0.09429925661307104,0.11505400680281186,0.09280369706682491,-0.06684123944816497,0.2969492530537887,0.020754750189740823,True,0.002847096843414255,cf_10,20,0.45,5.0,2981070536,0.5836439170016092
joint_subgroup,1,causal_forest,True,True,Approximate interval with subgroup covariance omitted,,0.09429925661307104,0.13020787002404455,0.10455802755924222,-0.07472586399207021,0.3351416040401593,0.03590861341097351,True,0.003223733219997838,cf_11,20,0.5,,2981070536,0.5600585409993073
joint_subgroup,1,causal_forest,True,True,Approximate interval with subgroup covariance omitted,,0.09429925661307104,0.1261555940446576,0.10315725008572667,-0.07603261612336668,0.32834380421268183,0.03185633743158656,True,0.0028962907116572858,cf_12,20,0.5,5.0,2981070536,0.5480327909972402
joint_subgroup,2,causal_forest,True,True,Approximate interval with subgroup covariance omitted,,0.09429925661307104,0.053831204509824704,0.15237798857106802,-0.24482965308946858,0.352492062109118,-0.04046805210324633,True,0.008215369741239719,cf_01,5,0.45,,3293387999,0.5946185830034665
joint_subgroup,2,causal_forest,True,True,Approximate interval with subgroup covariance omitted,,0.09429925661307104,0.04651392659068909,0.1096017072808223,-0.16830541967972262,0.2613332728611008,-0.047785330022381944,True,0.004234148836654526,cf_02,5,0.45,5.0,3293387999,0.5392185409946251
joint_subgroup,2,causal_forest,True,True,Approximate interval with subgroup covariance omitted,,0.09429925661307104,0.052710448081244254,0.15799387417702163,-0.2569575453057181,0.36237844146820664,-0.04158880853182678,True,0.00884095946422919,cf_03,5,0.5,,3293387999,0.6514085000017076
joint_subgroup,2,causal_forest,True,True,Approximate interval with subgroup covariance omitted,,0.09429925661307104,0.04650510489007609,0.1127372756428652,-0.17445995536993972,0.2674701651500919,-0.04779415172299495,True,0.0042903759864432196,cf_04,5,0.5,5.0,3293387999,0.5682325410016347
joint_subgroup,2,causal_forest,True,True,Approximate interval with subgroup covariance omitted,,0.09429925661307104,0.05392057492619817,0.12324910718773278,-0.1876476751617581,0.2954888250141544,-0.040378681686872864,True,0.005036339442394804,cf_05,10,0.45,,3293387999,0.5905165419972036
joint_subgroup,2,causal_forest,True,True,Approximate interval with subgroup covariance omitted,,0.09429925661307104,0.04379504615667584,0.09817180503926963,-0.14862169172029263,0.23621178403364432,-0.05050421045639519,True,0.0036206692982555825,cf_06,10,0.45,5.0,3293387999,0.5159628750043339
joint_subgroup,2,causal_forest,True,True,Approximate interval with subgroup covariance omitted,,0.09429925661307104,0.045287394077304755,0.13080816504983886,-0.2110966094203794,0.3016713975749889,-0.04901186253576628,True,0.005798059211533974,cf_07,10,0.5,,3293387999,0.5706472090023453
joint_subgroup,2,causal_forest,True,True,Approximate interval with subgroup covariance omitted,,0.09429925661307104,0.04136905910902067,0.10860158363838075,-0.17149004482220562,0.254228163040247,-0.05293019750405037,True,0.003839490315193547,cf_08,10,0.5,5.0,3293387999,0.515827666997211
joint_subgroup,2,causal_forest,True,True,Approximate interval with subgroup covariance omitted,,0.09429925661307104,0.05229863398806023,0.10021842106301229,-0.14412947129544387,0.24872673927156433,-0.04200062262501081,True,0.0033484488107502547,cf_09,20,0.45,,3293387999,0.49448362499970244
joint_subgroup,2,causal_forest,True,True,Approximate interval with subgroup covariance omitted,,0.09429925661307104,0.04991358730547535,0.09541902370477388,-0.13710769915588145,0.23693487376683214,-0.04438566930759569,True,0.00311226582153498,cf_10,20,0.45,5.0,3293387999,0.5948579169998993
joint_subgroup,2,causal_forest,True,True,Approximate interval with subgroup covariance omitted,,0.09429925661307104,0.04522358971841833,0.10342607970237327,-0.15749152649823328,0.24793870593506995,-0.0490756668946527,True,0.00338566903617032,cf_11,20,0.5,,3293387999,0.5508910839998862
joint_subgroup,2,causal_forest,True,True,Approximate interval with subgroup covariance omitted,,0.09429925661307104,0.042676718239264,0.09928085606261212,-0.15191375964345577,0.23726719612198377,-0.051622538373807036,True,0.003198460155426349,cf_12,20,0.5,5.0,3293387999,0.5340761249972275
joint_subgroup,3,causal_forest,True,True,Approximate interval with subgroup covariance omitted,,0.09429925661307104,0.0541167881126734,0.15864645396546884,-0.2568302616596455,0.3650638378849923,-0.04018246850039764,True,0.010207414542509558,cf_01,5,0.45,,3487753374,0.5934152080008062
joint_subgroup,3,causal_forest,True,True,Approximate interval with subgroup covariance omitted,,0.09429925661307104,0.022143532095625584,0.11868274838995498,-0.21047465474868615,0.2547617189399373,-0.07215572451744545,True,0.004980281265008514,cf_02,5,0.45,5.0,3487753374,0.5488297909978428
joint_subgroup,3,causal_forest,True,True,Approximate interval with subgroup covariance omitted,,0.09429925661307104,0.05271997651882432,0.17540757452006542,-0.2910788695405039,0.3965188225781525,-0.04157928009424672,True,0.01111222977721167,cf_03,5,0.5,,3487753374,0.6387816659989767
joint_subgroup,3,causal_forest,True,True,Approximate interval with subgroup covariance omitted,,0.09429925661307104,0.024070402223487997,0.12478087505798185,-0.22050011289015645,0.26864091733713247,-0.07022885438958304,True,0.004882070362209426,cf_04,5,0.5,5.0,3487753374,0.563036125000508
joint_subgroup,3,causal_forest,True,True,Approximate interval with subgroup covariance omitted,,0.09429925661307104,0.03786403032617969,0.1308878483350945,-0.21867615241060556,0.29440421306296494,-0.05643522628689135,True,0.006133006829952995,cf_05,10,0.45,,3487753374,0.5587067090018536
joint_subgroup,3,causal_forest,True,True,Approximate interval with subgroup covariance omitted,,0.09429925661307104,0.0168060000983703,0.1132910130526001,-0.2052443854847259,0.2388563856814665,-0.07749325651470074,True,0.004380217091497651,cf_06,10,0.45,5.0,3487753374,0.5323289170046337
joint_subgroup,3,causal_forest,True,True,Approximate interval with subgroup covariance omitted,,0.09429925661307104,0.042702314431705024,0.13411532290271805,-0.22016371845762234,0.3055683473210324,-0.05159694218136601,True,0.006493760429447475,cf_07,10,0.5,,3487753374,0.5709158750032657
joint_subgroup,3,causal_forest,True,True,Approximate interval with subgroup covariance omitted,,0.09429925661307104,0.02431349342444178,0.11098325114494066,-0.1932136788196419,0.24184066566852547,-0.06998576318862926,True,0.0040508609450370025,cf_08,10,0.5,5.0,3487753374,0.5571450839997851
joint_subgroup,3,causal_forest,True,True,Approximate interval with subgroup covariance omitted,,0.09429925661307104,0.016268528109208424,0.09404053980786573,-0.1680509299142084,0.20058798613262524,-0.07803072850386261,True,0.003966371800437328,cf_09,20,0.45,,3487753374,0.5096462920046179
joint_subgroup,3,causal_forest,True,True,Approximate interval with subgroup covariance omitted,,0.09429925661307104,0.014177184566638301,0.09065124095373664,-0.1634992477026855,0.1918536168359621,-0.08012207204643274,True,0.003663760540311677,cf_10,20,0.45,5.0,3487753374,0.5087377919990104
joint_subgroup,3,causal_forest,True,True,Approximate interval with subgroup covariance omitted,,0.09429925661307104,0.03190054342531823,0.09444044242975606,-0.15320272373700367,0.21700381058764012,-0.06239871318775281,True,0.0035685841874165273,cf_11,20,0.5,,3487753374,0.5171416250013863
joint_subgroup,3,causal_forest,True,True,Approximate interval with subgroup covariance omitted,,0.09429925661307104,0.02730050368777459,0.08843427151176766,-0.14603066847529003,0.20063167585083921,-0.06699875292529645,True,0.0032509040634289377,cf_12,20,0.5,5.0,3487753374,0.5073435000012978
joint_subgroup,4,causal_forest,True,True,Approximate interval with subgroup covariance omitted,,0.09429925661307104,0.11106592803037152,0.1408550960597612,-0.16501006024676046,0.3871419163075035,0.016766671417300483,True,0.016685457365403136,cf_01,5,0.45,,3396362783,0.5817519999982323
joint_subgroup,4,causal_forest,True,True,Approximate interval with subgroup covariance omitted,,0.09429925661307104,0.07089780336004958,0.11138215442657315,-0.1474112193160338,0.28920682603613296,-0.023401453253021454,True,0.008404824285959104,cf_02,5,0.45,5.0,3396362783,0.5395079160007299
joint_subgroup,4,causal_forest,True,True,Approximate interval with subgroup covariance omitted,,0.09429925661307104,0.10194000177457307,0.14913011243272156,-0.1903550185935612,0.39423502214270734,0.007640745161502038,True,0.017113928426953997,cf_03,5,0.5,,3396362783,0.6267303749991697
joint_subgroup,4,causal_forest,True,True,Approximate interval with subgroup covariance omitted,,0.09429925661307104,0.06641022345634473,0.11301648719792405,-0.1551020914515864,0.28792253836427584,-0.027889033156726306,True,0.007867934809295275,cf_04,5,0.5,5.0,3396362783,0.5223102909949375
joint_subgroup,4,causal_forest,True,True,Approximate interval with subgroup covariance omitted,,0.09429925661307104,0.09561227132867334,0.12155090614638099,-0.1426275047182334,0.33385204737558005,0.0013130147156023009,True,0.012293346616225494,cf_05,10,0.45,,3396362783,0.5083367089973763
joint_subgroup,4,causal_forest,True,True,Approximate interval with subgroup covariance omitted,,0.09429925661307104,0.07042068666967316,0.10605611298343093,-0.13744929477785145,0.27829066811719777,-0.023878569943397876,True,0.008494505363028546,cf_06,10,0.45,5.0,3396362783,0.48273224999866216
joint_subgroup,4,causal_forest,True,True,Approximate interval with subgroup covariance omitted,,0.09429925661307104,0.09922396720599158,0.1252618722205689,-0.14628930234632345,0.3447372367583066,0.004924710592920545,True,0.012017197443478825,cf_07,10,0.5,,3396362783,0.5278045419981936
joint_subgroup,4,causal_forest,True,True,Approximate interval with subgroup covariance omitted,,0.09429925661307104,0.07440503019038724,0.11174911848751592,-0.14462324204514396,0.2934333024259185,-0.01989422642268379,True,0.007606269504668331,cf_08,10,0.5,5.0,3396362783,0.4992138750021695
joint_subgroup,4,causal_forest,True,True,Approximate interval with subgroup covariance omitted,,0.09429925661307104,0.07649798976141131,0.09181797059293807,-0.1034652326007473,0.2564612121235699,-0.017801266851659725,True,0.00802304126475739,cf_09,20,0.45,,3396362783,0.48059358300088206
joint_subgroup,4,causal_forest,True,True,Approximate interval with subgroup covariance omitted,,0.09429925661307104,0.07342417908119903,0.08985623136938195,-0.1026940344027896,0.24954239256518765,-0.02087507753187201,True,0.007361488979417027,cf_10,20,0.45,5.0,3396362783,0.46185041699936846
joint_subgroup,4,causal_forest,True,True,Approximate interval with subgroup covariance omitted,,0.09429925661307104,0.07781060621349234,0.09760394799309104,-0.11349313185296608,0.26911434427995073,-0.016488650399578697,True,0.007826791766736011,cf_11,20,0.5,,3396362783,0.4775031669996679
joint_subgroup,4,causal_forest,True,True,Approximate interval with subgroup covariance omitted,,0.09429925661307104,0.07671195894733529,0.09559013496724876,-0.11064470558847228,0.26406862348314286,-0.017587297665735746,True,0.0070929245031549895,cf_12,20,0.5,5.0,3396362783,0.4716217909954139
joint_subgroup,5,causal_forest,True,True,Approximate interval with subgroup covariance omitted,,0.09429925661307104,0.048782566433364316,0.1520223664820748,-0.24918127187150224,0.3467464047382309,-0.04551669017970672,True,0.010057992855101498,cf_01,5,0.45,,2728288099,0.5685111250058981
joint_subgroup,5,causal_forest,True,True,Approximate interval with subgroup covariance omitted,,0.09429925661307104,0.023160244709967026,0.10922836387453293,-0.19092734848411752,0.23724783790405157,-0.07113901190310401,True,0.004792688646449593,cf_02,5,0.45,5.0,2728288099,0.49549416700028814
joint_subgroup,5,causal_forest,True,True,Approximate interval with subgroup covariance omitted,,0.09429925661307104,0.0481175961710848,0.1612110060661006,-0.26785597571847236,0.36409116806064196,-0.04618166044198624,True,0.011087319918342806,cf_03,5,0.5,,2728288099,0.580780667005456
joint_subgroup,5,causal_forest,True,True,Approximate interval with subgroup covariance omitted,,0.09429925661307104,0.022643790793736907,0.11911822008420554,-0.21082792057130595,0.25611550215877976,-0.07165546581933413,True,0.0049525238687625,cf_04,5,0.5,5.0,2728288099,0.5094592919995193
joint_subgroup,5,causal_forest,True,True,Approximate interval with subgroup covariance omitted,,0.09429925661307104,0.03819885220560315,0.12225385556120598,-0.20141870469436057,0.2778164091055669,-0.056100404407467885,True,0.00641089733385671,cf_05,10,0.45,,2728288099,0.511442833005276
joint_subgroup,5,causal_forest,True,True,Approximate interval with subgroup covariance omitted,,0.09429925661307104,0.022643070264454446,0.10210822660822129,-0.1774890538876593,0.22277519441656818,-0.07165618634861659,True,0.004463782839009473,cf_06,10,0.45,5.0,2728288099,0.48309733299538493
joint_subgroup,5,causal_forest,True,True,Approximate interval with subgroup covariance omitted,,0.09429925661307104,0.047775156475249436,0.12295351197554472,-0.1932137269968182,0.2887640399473171,-0.0465241001378216,True,0.007086379167096791,cf_07,10,0.5,,2728288099,0.5356382079989999
joint_subgroup,5,causal_forest,True,True,Approximate interval with subgroup covariance omitted,,0.09429925661307104,0.027040786883261725,0.10924076170886182,-0.18707110606610744,0.2411526798326309,-0.06725846972980931,True,0.004494977483941056,cf_08,10,0.5,5.0,2728288099,0.49627412499830825
joint_subgroup,5,causal_forest,True,True,Approximate interval with subgroup covariance omitted,,0.09429925661307104,0.03355658008195972,0.09276739824878877,-0.14826752048566627,0.2153806806495857,-0.06074267653111132,True,0.003911070561475201,cf_09,20,0.45,,2728288099,0.4639630000019679
joint_subgroup,5,causal_forest,True,True,Approximate interval with subgroup covariance omitted,,0.09429925661307104,0.031359580572419166,0.09167008082111883,-0.14831377783697372,0.21103293898181205,-0.06293967604065187,True,0.0037794158136945422,cf_10,20,0.45,5.0,2728288099,0.4616936250022263
joint_subgroup,5,causal_forest,True,True,Approximate interval with subgroup covariance omitted,,0.09429925661307104,0.03882569597751928,0.10313403612801281,-0.16331701483338582,0.24096840678842438,-0.055473560635551755,True,0.0048282683619626995,cf_11,20,0.5,,2728288099,0.48272204200475244
joint_subgroup,5,causal_forest,True,True,Approximate interval with subgroup covariance omitted,,0.09429925661307104,0.032361065193696525,0.0994726611038241,-0.16260535056979872,0.22732748095719177,-0.06193819141937451,True,0.0042117052375897045,cf_12,20,0.5,5.0,2728288099,0.4778163750015665
joint_subgroup,6,causal_forest,True,True,Approximate interval with subgroup covariance omitted,,0.09429925661307104,0.09117089917962096,0.17405153965583253,-0.2499701185458108,0.4323119169050527,-0.0031283574334500797,True,0.012636678084846828,cf_01,5,0.45,,748100879,0.558873833004327
joint_subgroup,6,causal_forest,True,True,Approximate interval with subgroup covariance omitted,,0.09429925661307104,0.062070954947440304,0.12512285454562744,-0.18316983996198946,0.30731174985687004,-0.03222830166563073,True,0.005176169966434794,cf_02,5,0.45,5.0,748100879,0.4939877080032602
joint_subgroup,6,causal_forest,True,True,Approximate interval with subgroup covariance omitted,,0.09429925661307104,0.10017538690608696,0.17648707011000414,-0.24573927050952116,0.4460900443216951,0.005876130293015924,True,0.012479445886453512,cf_03,5,0.5,,748100879,0.5827000419958495
joint_subgroup,6,causal_forest,True,True,Approximate interval with subgroup covariance omitted,,0.09429925661307104,0.06921103315617982,0.11911890638880873,-0.16426202336588527,0.3026840896782449,-0.025088223456891212,True,0.004983027510424833,cf_04,5,0.5,5.0,748100879,0.5040266670039273
joint_subgroup,6,causal_forest,True,True,Approximate interval with subgroup covariance omitted,,0.09429925661307104,0.07306239061770803,0.13704228255739218,-0.19554048319478062,0.3416652644301967,-0.021236865995363008,True,0.007161497924986621,cf_05,10,0.45,,748100879,0.5096434169972781
joint_subgroup,6,causal_forest,True,True,Approximate interval with subgroup covariance omitted,,0.09429925661307104,0.05752334333577114,0.1200051064090186,-0.17768666522590532,0.2927333518974476,-0.0367759132772999,True,0.004849043275505972,cf_06,10,0.45,5.0,748100879,0.4936240410024766
joint_subgroup,6,causal_forest,True,True,Approximate interval with subgroup covariance omitted,,0.09429925661307104,0.08102115892768907,0.12992446856052933,-0.1736307994509484,0.33567311730632654,-0.013278097685381962,True,0.007585161375210781,cf_07,10,0.5,,748100879,0.5344436669984134
joint_subgroup,6,causal_forest,True,True,Approximate interval with subgroup covariance omitted,,0.09429925661307104,0.06537533615036539,0.10651086286975128,-0.14338595507434712,0.27413662737507793,-0.028923920462705643,True,0.004890115790424269,cf_08,10,0.5,5.0,748100879,0.4990328749991022
joint_subgroup,6,causal_forest,True,True,Approximate interval with subgroup covariance omitted,,0.09429925661307104,0.055732850484938645,0.10606687455817267,-0.15215822364907977,0.26362392461895706,-0.03856640612813239,True,0.004566027307163759,cf_09,20,0.45,,748100879,0.45913354200456524
joint_subgroup,6,causal_forest,True,True,Approximate interval with subgroup covariance omitted,,0.09429925661307104,0.05269407797977277,0.10371334890594414,-0.15058408587587774,0.2559722418354233,-0.04160517863329827,True,0.004228061059587971,cf_10,20,0.45,5.0,748100879,0.45638904200313846
joint_subgroup,6,causal_forest,True,True,Approximate interval with subgroup covariance omitted,,0.09429925661307104,0.06471290985802541,0.09722586861755651,-0.12584979263238535,0.2552756123484362,-0.029586346755045623,True,0.004515673058151629,cf_11,20,0.5,,748100879,0.4788929159985855
joint_subgroup,6,causal_forest,True,True,Approximate interval with subgroup covariance omitted,,0.09429925661307104,0.06081540129332769,0.0951707447719497,-0.12571925845969373,0.2473500610463491,-0.03348385531974335,True,0.004129708781532712,cf_12,20,0.5,5.0,748100879,0.471481374996074
joint_subgroup,7,causal_forest,True,True,Approximate interval with subgroup covariance omitted,,0.09429925661307104,-0.014882599423745368,0.15969790134781267,-0.3278904860654582,0.29812528721796744,-0.1091818560368164,True,0.012204093336358027,cf_01,5,0.45,,2863685289,0.5557356249992154
joint_subgroup,7,causal_forest,True,True,Approximate interval with subgroup covariance omitted,,0.09429925661307104,-0.011907144266267045,0.11122387279191347,-0.22990593493841743,0.20609164640588334,-0.10620640087933808,True,0.006400402810160745,cf_02,5,0.45,5.0,2863685289,0.49241170899767894
joint_subgroup,7,causal_forest,True,True,Approximate interval with subgroup covariance omitted,,0.09429925661307104,-0.009280269192265655,0.16572281650976187,-0.3340969895513989,0.31553645116686757,-0.10357952580533669,True,0.014194411436103862,cf_03,5,0.5,,2863685289,0.5798913749968051
joint_subgroup,7,causal_forest,True,True,Approximate interval with subgroup covariance omitted,,0.09429925661307104,-0.007228180584762156,0.11772837760311841,-0.23797580068687424,0.22351943951734993,-0.10152743719783319,True,0.006596846057666668,cf_04,5,0.5,5.0,2863685289,0.5025074159930227
joint_subgroup,7,causal_forest,True,True,Approximate interval with subgroup covariance omitted,,0.09429925661307104,-0.006571495387699855,0.11854490959946222,-0.23891951820264581,0.2257765274272461,-0.10087075200077089,True,0.008011805522105488,cf_05,10,0.45,,2863685289,0.5048420409948449
joint_subgroup,7,causal_forest,True,True,Approximate interval with subgroup covariance omitted,,0.09429925661307104,-0.0064446072858428405,0.1018857517907102,-0.20614068079563483,0.19325146622394915,-0.10074386389891388,True,0.0059514884818976255,cf_06,10,0.45,5.0,2863685289,0.47959362500114366
joint_subgroup,7,causal_forest,True,True,Approximate interval with subgroup covariance omitted,,0.09429925661307104,-0.010149519867985957,0.12459381853166768,-0.2543534041900546,0.23405436445408268,-0.10444877648105699,True,0.00913801284971784,cf_07,10,0.5,,2863685289,0.5289818329983973
joint_subgroup,7,causal_forest,True,True,Approximate interval with subgroup covariance omitted,,0.09429925661307104,-0.010016146061382014,0.10898581628774431,-0.22362834598536085,0.20359605386259683,-0.10431540267445305,True,0.006468680337541182,cf_08,10,0.5,5.0,2863685289,0.4920432080034516
joint_subgroup,7,causal_forest,True,True,Approximate interval with subgroup covariance omitted,,0.09429925661307104,-0.0030061907058638315,0.09501544309594293,-0.18923645917391196,0.1832240777621843,-0.09730544731893487,True,0.005383800124512033,cf_09,20,0.45,,2863685289,0.4567497079988243
joint_subgroup,7,causal_forest,True,True,Approximate interval with subgroup covariance omitted,,0.09429925661307104,-0.0036075252288877424,0.09092728098788252,-0.1818249959651375,0.174609945507362,-0.09790678184195878,True,0.005040747784513926,cf_10,20,0.45,5.0,2863685289,0.4548510000022361
joint_subgroup,7,causal_forest,True,True,Approximate interval with subgroup covariance omitted,,0.09429925661307104,-0.00488691136885111,0.10185628447374485,-0.20452522893739103,0.1947514061996888,-0.09918616798192215,True,0.005752044702357366,cf_11,20,0.5,,2863685289,0.4755752089986345
joint_subgroup,7,causal_forest,True,True,Approximate interval with subgroup covariance omitted,,0.09429925661307104,-0.005298337738955161,0.09994664067288309,-0.20119375345780602,0.1905970779798957,-0.0995975943520262,True,0.0053560681144773775,cf_12,20,0.5,5.0,2863685289,0.48386104100063676
joint_subgroup,8,causal_forest,True,True,Approximate interval with subgroup covariance omitted,,0.09429925661307104,0.03969570908688691,0.14397321995535484,-0.24249180202560855,0.32188322019938237,-0.054603547526184126,True,0.010251216238955425,cf_01,5,0.45,,1681555621,0.5475825829998939
joint_subgroup,8,causal_forest,True,True,Approximate interval with subgroup covariance omitted,,0.09429925661307104,0.02251743092801861,0.10408638677603699,-0.18149188715301387,0.2265267490090511,-0.07178182568505243,True,0.006179986992912291,cf_02,5,0.45,5.0,1681555621,0.4937256669945782
joint_subgroup,8,causal_forest,True,True,Approximate interval with subgroup covariance omitted,,0.09429925661307104,0.0269317522226864,0.1508729312394682,-0.2687791930066713,0.3226426974520441,-0.06736750439038464,True,0.011852565206589177,cf_03,5,0.5,,1681555621,0.5728058329987107
joint_subgroup,8,causal_forest,True,True,Approximate interval with subgroup covariance omitted,,0.09429925661307104,0.014041507025241873,0.10920992832915156,-0.2000099524998952,0.22809296655037894,-0.08025774958782916,True,0.006815144708292298,cf_04,5,0.5,5.0,1681555621,0.5042396669959999
joint_subgroup,8,causal_forest,True,True,Approximate interval with subgroup covariance omitted,,0.09429925661307104,0.031194055813389965,0.12136689264346977,-0.20668505376781077,0.2690731653945907,-0.06310520079968107,True,0.00701174545755082,cf_05,10,0.45,,1681555621,0.5042581250017975
joint_subgroup,8,causal_forest,True,True,Approximate interval with subgroup covariance omitted,,0.09429925661307104,0.02218612965470934,0.10281094081440455,-0.17932331434152357,0.22369557365094225,-0.0721131269583617,True,0.005553993105153601,cf_06,10,0.45,5.0,1681555621,0.4763258329985547
joint_subgroup,8,causal_forest,True,True,Approximate interval with subgroup covariance omitted,,0.09429925661307104,0.02387059724107654,0.11570865227336294,-0.20291836121471482,0.25065955569686793,-0.0704286593719945,True,0.008154566077217677,cf_07,10,0.5,,1681555621,0.5293259579993901
joint_subgroup,8,causal_forest,True,True,Approximate interval with subgroup covariance omitted,,0.09429925661307104,0.015637886612747676,0.09977341513809956,-0.17991800705792746,0.2111937802834228,-0.07866137000032336,True,0.0063481087174660205,cf_08,10,0.5,5.0,1681555621,0.49460787499992875
joint_subgroup,8,causal_forest,True,True,Approximate interval with subgroup covariance omitted,,0.09429925661307104,0.020751461626937417,0.08965375898930941,-0.15496990599210902,0.19647282924598386,-0.07354779498613362,True,0.005425958826788963,cf_09,20,0.45,,1681555621,0.4586200419944362
joint_subgroup,8,causal_forest,True,True,Approximate interval with subgroup covariance omitted,,0.09429925661307104,0.018326539078515114,0.08852572497446401,-0.15518388187143434,0.19183696002846456,-0.07597271753455592,True,0.005289954393962907,cf_10,20,0.45,5.0,1681555621,0.4540693340022699
joint_subgroup,8,causal_forest,True,True,Approximate interval with subgroup covariance omitted,,0.09429925661307104,0.016470745994243363,0.0894677053248266,-0.1588859564424168,0.19182744843090352,-0.07782851061882767,True,0.005853975546651488,cf_11,20,0.5,,1681555621,0.4722482500001206
joint_subgroup,8,causal_forest,True,True,Approximate interval with subgroup covariance omitted,,0.09429925661307104,0.014086675085427158,0.08608400168384023,-0.1546379682148997,0.182811318385754,-0.08021258152764388,True,0.0057242263382757605,cf_12,20,0.5,5.0,1681555621,0.4695219159984845
joint_subgroup,9,causal_forest,True,True,Approximate interval with subgroup covariance omitted,,0.09429925661307104,-0.014925480503098831,0.16108775963884947,-0.3306574893952438,0.30080652838904615,-0.10922473711616987,True,0.012792301095764937,cf_01,5,0.45,,1891312794,0.5775652910015197
joint_subgroup,9,causal_forest,True,True,Approximate interval with subgroup covariance omitted,,0.09429925661307104,0.0077574942645975975,0.11175565492501162,-0.21128358938842517,0.22679857791762037,-0.08654176234847344,True,0.005578909039097121,cf_02,5,0.45,5.0,1891312794,0.49136949999956414
joint_subgroup,9,causal_forest,True,True,Approximate interval with subgroup covariance omitted,,0.09429925661307104,-0.007291325560628836,0.1700764914485363,-0.34064124879975993,0.32605859767850226,-0.10159058217369987,True,0.014120628292201674,cf_03,5,0.5,,1891312794,0.5875682499972754
joint_subgroup,9,causal_forest,True,True,Approximate interval with subgroup covariance omitted,,0.09429925661307104,0.001768704725048309,0.11434557783227853,-0.2223486278262176,0.2258860372763142,-0.09253055188802273,True,0.00622379421325833,cf_04,5,0.5,5.0,1891312794,0.5047623749997001
joint_subgroup,9,causal_forest,True,True,Approximate interval with subgroup covariance omitted,,0.09429925661307104,0.001220569523740167,0.12073854945556073,-0.23542698740915885,0.23786812645663918,-0.09307868708933087,True,0.00699338735364158,cf_05,10,0.45,,1891312794,0.5088642080008867
joint_subgroup,9,causal_forest,True,True,Approximate interval with subgroup covariance omitted,,0.09429925661307104,0.0039768655587980595,0.10300980872374436,-0.19792235953974088,0.205876090657337,-0.09032239105427298,True,0.0048764777777690355,cf_06,10,0.45,5.0,1891312794,0.4803867079972406
joint_subgroup,9,causal_forest,True,True,Approximate interval with subgroup covariance omitted,,0.09429925661307104,0.0033814589751431923,0.12987832839241528,-0.25118006467399073,0.2579429826242771,-0.09091779763792784,True,0.008181196511793056,cf_07,10,0.5,,1891312794,0.5359327920014039
joint_subgroup,9,causal_forest,True,True,Approximate interval with subgroup covariance omitted,,0.09429925661307104,0.002739621136569559,0.10291728900612945,-0.19897826531544416,0.20445750758858328,-0.09155963547650148,True,0.005568778093561314,cf_08,10,0.5,5.0,1891312794,0.4950950830025249
joint_subgroup,9,causal_forest,True,True,Approximate interval with subgroup covariance omitted,,0.09429925661307104,0.00657951138618762,0.09114987160628811,-0.17207423696213708,0.18523325973451232,-0.08771974522688342,True,0.004217881126072568,cf_09,20,0.45,,1891312794,0.47663466700032586
joint_subgroup,9,causal_forest,True,True,Approximate interval with subgroup covariance omitted,,0.09429925661307104,0.005402831073609282,0.08760572709861564,-0.16630439403967737,0.17711005618689593,-0.08889642553946175,True,0.004076174790341193,cf_10,20,0.45,5.0,1891312794,0.4584129579961882
joint_subgroup,9,causal_forest,True,True,Approximate interval with subgroup covariance omitted,,0.09429925661307104,0.001906435117605576,0.0929774599171861,-0.1803293863200792,0.18414225655529035,-0.09239282149546546,True,0.004595211125064109,cf_11,20,0.5,,1891312794,0.5649486249967595
joint_subgroup,9,causal_forest,True,True,Approximate interval with subgroup covariance omitted,,0.09429925661307104,0.0022941285105304576,0.0900638742127576,-0.17423106494647445,0.17881932196753536,-0.09200512810254058,True,0.004175443866939415,cf_12,20,0.5,5.0,1891312794,0.4693589999951655
joint_subgroup,10,causal_forest,True,True,Approximate interval with subgroup covariance omitted,,0.09429925661307104,0.049049051862930626,0.1543721343931834,-0.2535203315477088,0.35161843527357006,-0.04525020475014041,True,0.01618785930046994,cf_01,5,0.45,,4122108473,0.5508803749980871
joint_subgroup,10,causal_forest,True,True,Approximate interval with subgroup covariance omitted,,0.09429925661307104,0.039063941223147325,0.11864833565298474,-0.19348679665670276,0.2716146791029974,-0.05523531538992371,True,0.01032776693584563,cf_02,5,0.45,5.0,4122108473,0.48868179200508166
joint_subgroup,10,causal_forest,True,True,Approximate interval with subgroup covariance omitted,,0.09429925661307104,0.0508015869516788,0.16688966680344522,-0.27630215998307384,0.37790533388643144,-0.043497669661392235,True,0.015612140470160633,cf_03,5,0.5,,4122108473,0.5737742920027813
joint_subgroup,10,causal_forest,True,True,Approximate interval with subgroup covariance omitted,,0.09429925661307104,0.03863599102066395,0.12525324903587465,-0.20686037708965035,0.28413235913097823,-0.055663265592407085,True,0.009228038883600551,cf_04,5,0.5,5.0,4122108473,0.5031308749967138
joint_subgroup,10,causal_forest,True,True,Approximate interval with subgroup covariance omitted,,0.09429925661307104,0.04820051244494211,0.12572865040062248,-0.19822764234027793,0.2946286672301621,-0.046098744168128925,True,0.011458087169024574,cf_05,10,0.45,,4122108473,0.5037372500009951
joint_subgroup,10,causal_forest,True,True,Approximate interval with subgroup covariance omitted,,0.09429925661307104,0.03664323718672968,0.10889808009355735,-0.17679699979664273,0.2500834741701021,-0.057656019426341354,True,0.009312597431483844,cf_06,10,0.45,5.0,4122108473,0.4775306669980637
joint_subgroup,10,causal_forest,True,True,Approximate interval with subgroup covariance omitted,,0.09429925661307104,0.05166622904189999,0.13430427627701141,-0.21157015246104238,0.31490261054484237,-0.042633027571171045,True,0.011249638416838284,cf_07,10,0.5,,4122108473,0.5319251670007361
joint_subgroup,10,causal_forest,True,True,Approximate interval with subgroup covariance omitted,,0.09429925661307104,0.0403403504569127,0.11990861800201787,-0.1946805408270423,0.27536124174086773,-0.05395890615615834,True,0.009020244028811582,cf_08,10,0.5,5.0,4122108473,0.4891224160019192
joint_subgroup,10,causal_forest,True,True,Approximate interval with subgroup covariance omitted,,0.09429925661307104,0.0431081224235913,0.10370092352951826,-0.1601456876942645,0.2463619325414471,-0.05119113418947974,True,0.007481735651950185,cf_09,20,0.45,,4122108473,0.45978933299920755
joint_subgroup,10,causal_forest,True,True,Approximate interval with subgroup covariance omitted,,0.09429925661307104,0.04077274632272915,0.10052440752004632,-0.15625509241656163,0.23780058506201993,-0.05352651029034189,True,0.0072551974187551735,cf_10,20,0.45,5.0,4122108473,0.4531762080005137
joint_subgroup,10,causal_forest,True,True,Approximate interval with subgroup covariance omitted,,0.09429925661307104,0.0377839152766164,0.11758837020388009,-0.19268929032298857,0.26825712087622133,-0.05651534133645464,True,0.007559172247461561,cf_11,20,0.5,,4122108473,0.4783902919953107
joint_subgroup,10,causal_forest,True,True,Approximate interval with subgroup covariance omitted,,0.09429925661307104,0.03411940272947245,0.11337872746865586,-0.18810290310909303,0.25634170856803795,-0.06017985388359859,True,0.007175699578749433,cf_12,20,0.5,5.0,4122108473,0.46887141699698986
joint_subgroup,11,causal_forest,True,True,Approximate interval with subgroup covariance omitted,,0.09429925661307104,-0.007197890318525801,0.1608864555028813,-0.32253534310417314,0.30813956246712154,-0.10149714693159684,True,0.014550539859921685,cf_01,5,0.45,,3111472790,0.549914750001335
joint_subgroup,11,causal_forest,True,True,Approximate interval with subgroup covariance omitted,,0.09429925661307104,-0.0020553629700660325,0.11936794745085294,-0.23601653997373778,0.23190581403360572,-0.09635461958313707,True,0.008044890847756829,cf_02,5,0.45,5.0,3111472790,0.5060988330005785
joint_subgroup,11,causal_forest,True,True,Approximate interval with subgroup covariance omitted,,0.09429925661307104,-0.007400522744953841,0.1591316609395814,-0.31929857818653334,0.30449753269662566,-0.10169977935802488,True,0.015889674911532165,cf_03,5,0.5,,3111472790,0.574597790997359
joint_subgroup,11,causal_forest,True,True,Approximate interval with subgroup covariance omitted,,0.09429925661307104,-0.006459812734197601,0.11102706880059057,-0.22407286758335512,0.21115324211495992,-0.10075906934726864,True,0.008393016601961062,cf_04,5,0.5,5.0,3111472790,0.5032698750001146
joint_subgroup,11,causal_forest,True,True,Approximate interval with subgroup covariance omitted,,0.09429925661307104,-0.004194830816367068,0.12052035991263117,-0.24041473624512416,0.23202507461239003,-0.0984940874294381,True,0.00988661022896518,cf_05,10,0.45,,3111472790,0.5087705000041751
joint_subgroup,11,causal_forest,True,True,Approximate interval with subgroup covariance omitted,,0.09429925661307104,-0.005659566937524341,0.1016954261194374,-0.20498260213162164,0.19366346825657296,-0.09995882355059538,True,0.0072165466560051485,cf_06,10,0.45,5.0,3111472790,0.4789337090041954
joint_subgroup,11,causal_forest,True,True,Approximate interval with subgroup covariance omitted,,0.09429925661307104,-0.005234390444951664,0.12831609182097195,-0.2567339304140567,0.24626514952415335,-0.0995336470580227,True,0.011598440033056035,cf_07,10,0.5,,3111472790,0.5315660409978591
joint_subgroup,11,causal_forest,True,True,Approximate interval with subgroup covariance omitted,,0.09429925661307104,-0.008449155747749515,0.10309839978005636,-0.21052201931665998,0.19362370782116095,-0.10274841236082055,True,0.008056644871884346,cf_08,10,0.5,5.0,3111472790,0.4868504580008448
joint_subgroup,11,causal_forest,True,True,Approximate interval with subgroup covariance omitted,,0.09429925661307104,-0.010702601261253442,0.09902096559971225,-0.20478369383668946,0.18337849131418257,-0.10500185787432448,True,0.00708903453301352,cf_09,20,0.45,,3111472790,0.46098412499850383
joint_subgroup,11,causal_forest,True,True,Approximate interval with subgroup covariance omitted,,0.09429925661307104,-0.010171360142850028,0.09531691742754195,-0.19699251830083225,0.1766497980151322,-0.10447061675592106,True,0.006609555241491302,cf_10,20,0.45,5.0,3111472790,0.4540584169953945
joint_subgroup,11,causal_forest,True,True,Approximate interval with subgroup covariance omitted,,0.09429925661307104,-0.007716647290688106,0.1055812247720188,-0.21465584784384495,0.19922255326246874,-0.10201590390375914,True,0.007806342604691382,cf_11,20,0.5,,3111472790,0.4800300420029089
joint_subgroup,11,causal_forest,True,True,Approximate interval with subgroup covariance omitted,,0.09429925661307104,-0.007951194598837863,0.10043389011933508,-0.20480161923273463,0.1888992300350589,-0.1022504512119089,True,0.007006137208737602,cf_12,20,0.5,5.0,3111472790,0.471505834000709
joint_subgroup,12,causal_forest,True,True,Approximate interval with subgroup covariance omitted,,0.09429925661307104,0.060566240889874334,0.16685521117138033,-0.2664699730060311,0.38760245478577976,-0.0337330157231967,True,0.009291877810144861,cf_01,5,0.45,,2336832259,0.5612897499959217
joint_subgroup,12,causal_forest,True,True,Approximate interval with subgroup covariance omitted,,0.09429925661307104,0.0402618434297608,0.11475595486462106,-0.18465982810489648,0.26518351496441805,-0.054037413183310234,True,0.004104259031745803,cf_02,5,0.45,5.0,2336832259,0.4906633749997127
joint_subgroup,12,causal_forest,True,True,Approximate interval with subgroup covariance omitted,,0.09429925661307104,0.061965595243162974,0.183274435603362,-0.2972522985394266,0.42118348902575253,-0.03233366136990806,True,0.011186515259098357,cf_03,5,0.5,,2336832259,0.5828456669987645
joint_subgroup,12,causal_forest,True,True,Approximate interval with subgroup covariance omitted,,0.09429925661307104,0.03407922606930164,0.11783569350845491,-0.19687873320726998,0.2650371853458733,-0.0602200305437694,True,0.004570064954109073,cf_04,5,0.5,5.0,2336832259,0.5031509999971604
joint_subgroup,12,causal_forest,True,True,Approximate interval with subgroup covariance omitted,,0.09429925661307104,0.042531595215167584,0.1306026341345604,-0.21344956768857082,0.298512758118906,-0.05176766139790345,True,0.005009140449364024,cf_05,10,0.45,,2336832259,0.5117906249943189
joint_subgroup,12,causal_forest,True,True,Approximate interval with subgroup covariance omitted,,0.09429925661307104,0.03436625675353577,0.10494633129159264,-0.1713285525779858,0.24006106608505734,-0.05993299985953526,True,0.003627884721834308,cf_06,10,0.45,5.0,2336832259,0.47620945800008485
joint_subgroup,12,causal_forest,True,True,Approximate interval with subgroup covariance omitted,,0.09429925661307104,0.040220657695709094,0.13069895575950027,-0.21594929559291143,0.2963906109843296,-0.05407859891736194,True,0.006350312075361145,cf_07,10,0.5,,2336832259,0.5487916249985574
joint_subgroup,12,causal_forest,True,True,Approximate interval with subgroup covariance omitted,,0.09429925661307104,0.028261614029342963,0.10933039126775694,-0.18602595285546064,0.24254918091414657,-0.06603764258372807,True,0.004524117292367889,cf_08,10,0.5,5.0,2336832259,0.4926173329949961
joint_subgroup,12,causal_forest,True,True,Approximate interval with subgroup covariance omitted,,0.09429925661307104,0.03652381067515387,0.09259481102489231,-0.14496201893363506,0.2180096402839428,-0.05777544593791717,True,0.003461841808925115,cf_09,20,0.45,,2336832259,0.4630254169969703
joint_subgroup,12,causal_forest,True,True,Approximate interval with subgroup covariance omitted,,0.09429925661307104,0.034947540321399906,0.08899964678469556,-0.13949176737660338,0.2093868480194032,-0.05935171629167113,True,0.0032529867362671053,cf_10,20,0.45,5.0,2336832259,0.45601937500032363
joint_subgroup,12,causal_forest,True,True,Approximate interval with subgroup covariance omitted,,0.09429925661307104,0.027618343773671783,0.10232479254048857,-0.1729382496056858,0.22817493715302936,-0.06668091283939925,True,0.004417479171128586,cf_11,20,0.5,,2336832259,0.4820064160012407
joint_subgroup,12,causal_forest,True,True,Approximate interval with subgroup covariance omitted,,0.09429925661307104,0.025019721525424587,0.09664678400207904,-0.16440797511865032,0.2144474181694995,-0.06927953508764645,True,0.004213709607619193,cf_12,20,0.5,5.0,2336832259,0.47156979200372007
joint_subgroup,13,causal_forest,True,True,Approximate interval with subgroup covariance omitted,,0.09429925661307104,0.034008563859739716,0.15383839691558218,-0.26751469409480133,0.33553182181428076,-0.06029069275333132,True,0.008714331622040517,cf_01,5,0.45,,404748150,0.5517149169972981
joint_subgroup,13,causal_forest,True,True,Approximate interval with subgroup covariance omitted,,0.09429925661307104,0.024998043495032318,0.11759964572202992,-0.20549726212014632,0.25549334911021093,-0.06930121311803872,True,0.00395353293564103,cf_02,5,0.45,5.0,404748150,0.49252145799982827
joint_subgroup,13,causal_forest,True,True,Approximate interval with subgroup covariance omitted,,0.09429925661307104,0.03776926836672123,0.15812848661063875,-0.27216256539013073,0.3477011021235732,-0.056529988246349805,True,0.009869739073824414,cf_03,5,0.5,,404748150,0.5794903749992955
joint_subgroup,13,causal_forest,True,True,Approximate interval with subgroup covariance omitted,,0.09429925661307104,0.029840829229752286,0.11375174286396836,-0.1931125867836257,0.25279424524313027,-0.06445842738331875,True,0.0037488955540699465,cf_04,5,0.5,5.0,404748150,0.5047156250002445
joint_subgroup,13,causal_forest,True,True,Approximate interval with subgroup covariance omitted,,0.09429925661307104,0.02793826338937644,0.124038819603206,-0.2151778230329073,0.2710543498116602,-0.0663609932236946,True,0.004759735128531693,cf_05,10,0.45,,404748150,0.5092895000052522
joint_subgroup,13,causal_forest,True,True,Approximate interval with subgroup covariance omitted,,0.09429925661307104,0.024536363787311166,0.10805698875030031,-0.18725533416327744,0.23632806173789977,-0.06976289282575987,True,0.0030667578112096913,cf_06,10,0.45,5.0,404748150,0.4788167090009665
joint_subgroup,13,causal_forest,True,True,Approximate interval with subgroup covariance omitted,,0.09429925661307104,0.02986266560139328,0.12876899508712034,-0.22252456476936255,0.2822498959721491,-0.06443659101167776,True,0.005297640762804455,cf_07,10,0.5,,404748150,0.5322067919987603
joint_subgroup,13,causal_forest,True,True,Approximate interval with subgroup covariance omitted,,0.09429925661307104,0.023207625369524698,0.09907775820658177,-0.17098478071537557,0.21740003145442496,-0.07109163124354634,True,0.0031409607413943595,cf_08,10,0.5,5.0,404748150,0.49133749999600695
joint_subgroup,13,causal_forest,True,True,Approximate interval with subgroup covariance omitted,,0.09429925661307104,0.03187952438159214,0.09478049365453632,-0.15389024318129904,0.21764929194448332,-0.0624197322314789,True,0.0022212705328757644,cf_09,20,0.45,,404748150,0.46057049999944866
joint_subgroup,13,causal_forest,True,True,Approximate interval with subgroup covariance omitted,,0.09429925661307104,0.02970500636768547,0.09306379947862957,-0.1527000406104285,0.21211005334579944,-0.06459425024538556,True,0.00205893687707809,cf_10,20,0.45,5.0,404748150,0.45587737500318326
joint_subgroup,13,causal_forest,True,True,Approximate interval with subgroup covariance omitted,,0.09429925661307104,0.02719636053622887,0.10040458403105838,-0.16959662416464555,0.2239893452371033,-0.06710289607684217,True,0.0025308988317397346,cf_11,20,0.5,,404748150,0.48251962500216905
joint_subgroup,13,causal_forest,True,True,Approximate interval with subgroup covariance omitted,,0.09429925661307104,0.02411578707746742,0.09660492533089644,-0.1652298665710896,0.21346144072602444,-0.07018346953560362,True,0.0022612678152576044,cf_12,20,0.5,5.0,404748150,0.4842880420037545
joint_subgroup,14,causal_forest,True,True,Approximate interval with subgroup covariance omitted,,0.09429925661307104,-0.007908500269533048,0.1534187182869719,-0.30860918811199795,0.29279218757293185,-0.10220775688260408,True,0.0072048666096732935,cf_01,5,0.45,,317552097,0.5528275000033318
joint_subgroup,14,causal_forest,True,True,Approximate interval with subgroup covariance omitted,,0.09429925661307104,-0.005087963944514162,0.11341906961690097,-0.22738934039364006,0.21721341250461174,-0.0993872205575852,True,0.0038821345044389322,cf_02,5,0.45,5.0,317552097,0.49604050000198185
joint_subgroup,14,causal_forest,True,True,Approximate interval with subgroup covariance omitted,,0.09429925661307104,-0.014932781430902042,0.15842158310822274,-0.3254390843230186,0.2955735214612145,-0.10923203804397308,True,0.008285253631413475,cf_03,5,0.5,,317552097,0.5768586670019431
joint_subgroup,14,causal_forest,True,True,Approximate interval with subgroup covariance omitted,,0.09429925661307104,-0.0023097277556851648,0.11301659184129556,-0.22382224776462445,0.21920279225325412,-0.0966089843687562,True,0.004179360898180703,cf_04,5,0.5,5.0,317552097,0.5093593330020667
joint_subgroup,14,causal_forest,True,True,Approximate interval with subgroup covariance omitted,,0.09429925661307104,-0.011794866515412838,0.12618827119431303,-0.25912387805626635,0.2355341450254407,-0.10609412312848387,True,0.004547771491909223,cf_05,10,0.45,,317552097,0.5089467920042807
joint_subgroup,14,causal_forest,True,True,Approximate interval with subgroup covariance omitted,,0.09429925661307104,-0.0058048302675217656,0.10630339769524409,-0.2141594897502002,0.20254982921515666,-0.1001040868805928,True,0.0035111481545462013,cf_06,10,0.45,5.0,317552097,0.47979441699862946
joint_subgroup,14,causal_forest,True,True,Approximate interval with subgroup covariance omitted,,0.09429925661307104,-0.0037694542440714907,0.1217875069936429,-0.24247296795161155,0.23493405946346857,-0.09806871085714253,True,0.0049991749000018095,cf_07,10,0.5,,317552097,0.5278143329996965
joint_subgroup,14,causal_forest,True,True,Approximate interval with subgroup covariance omitted,,0.09429925661307104,-0.002056292145635741,0.10161656194109062,-0.20122475355017336,0.19711216925890188,-0.09635554875870678,True,0.0037668328148325035,cf_08,10,0.5,5.0,317552097,0.4956689169994206
joint_subgroup,14,causal_forest,True,True,Approximate interval with subgroup covariance omitted,,0.09429925661307104,-0.008405120976714753,0.0910175468686649,-0.18679951283929794,0.16998927088586843,-0.10270437758978579,True,0.0034305452797015476,cf_09,20,0.45,,317552097,0.4625670000023092
joint_subgroup,14,causal_forest,True,True,Approximate interval with subgroup covariance omitted,,0.09429925661307104,-0.005122844999379206,0.08724303586131661,-0.17611919528755976,0.16587350528880135,-0.09942210161245024,True,0.003208578686599607,cf_10,20,0.45,5.0,317552097,0.4571886670019012
joint_subgroup,14,causal_forest,True,True,Approximate interval with subgroup covariance omitted,,0.09429925661307104,-0.006305633144760514,0.09394633033879085,-0.1904404406087906,0.17782917431926956,-0.10060488975783155,True,0.0036128264496022577,cf_11,20,0.5,,317552097,0.4770619170012651
joint_subgroup,14,causal_forest,True,True,Approximate interval with subgroup covariance omitted,,0.09429925661307104,-0.005291100228024703,0.09270743470940043,-0.18699767225844954,0.17641547180240014,-0.09959035684109574,True,0.003428193995906301,cf_12,20,0.5,5.0,317552097,0.47357095799816307
joint_subgroup,15,causal_forest,True,True,Approximate interval with subgroup covariance omitted,,0.09429925661307104,0.12752882915334118,0.16180980777025056,-0.1896183940763499,0.44467605238303226,0.03322957254027015,True,0.009330657273373387,cf_01,5,0.45,,2643583874,0.5478246659986326
joint_subgroup,15,causal_forest,True,True,Approximate interval with subgroup covariance omitted,,0.09429925661307104,0.09054496289473801,0.12015970689776614,-0.14496806262488363,0.3260579884143596,-0.003754293718333024,True,0.004420633952292869,cf_02,5,0.45,5.0,2643583874,0.49144212499959394
joint_subgroup,15,causal_forest,True,True,Approximate interval with subgroup covariance omitted,,0.09429925661307104,0.1245333874125234,0.1491171127993136,-0.16773615367413125,0.41680292849917805,0.030234130799452363,True,0.010237533259206804,cf_03,5,0.5,,2643583874,0.574182333999488
joint_subgroup,15,causal_forest,True,True,Approximate interval with subgroup covariance omitted,,0.09429925661307104,0.08784654362770117,0.11305186213292402,-0.1337351061528299,0.30942819340823224,-0.006452712985369868,True,0.0044337685545530895,cf_04,5,0.5,5.0,2643583874,0.5033267500039074
joint_subgroup,15,causal_forest,True,True,Approximate interval with subgroup covariance omitted,,0.09429925661307104,0.10651582435624007,0.12512260270508946,-0.13872447694573525,0.3517561256582154,0.012216567743169038,True,0.005622056722546505,cf_05,10,0.45,,2643583874,0.5192035420041066
joint_subgroup,15,causal_forest,True,True,Approximate interval with subgroup covariance omitted,,0.09429925661307104,0.09323164967579856,0.1082031602651766,-0.11884654444394757,0.3053098437955447,-0.0010676069372724806,True,0.003830095504367467,cf_06,10,0.45,5.0,2643583874,0.4760032499980298
joint_subgroup,15,causal_forest,True,True,Approximate interval with subgroup covariance omitted,,0.09429925661307104,0.10681468357420665,0.12825141492238865,-0.14455808967367512,0.3581874568220884,0.012515426961135612,True,0.006533891231556546,cf_07,10,0.5,,2643583874,0.5237917080012267
joint_subgroup,15,causal_forest,True,True,Approximate interval with subgroup covariance omitted,,0.09429925661307104,0.0853312942743325,0.10485857292293743,-0.12019150865462486,0.29085409720328986,-0.008967962338738533,True,0.004085363442427962,cf_08,10,0.5,5.0,2643583874,0.4939005000051111
joint_subgroup,15,causal_forest,True,True,Approximate interval with subgroup covariance omitted,,0.09429925661307104,0.08535467582221534,0.08833668132686368,-0.08778521957843746,0.2584945712228681,-0.008944580790855694,True,0.003692443295674993,cf_09,20,0.45,,2643583874,0.4606819170003291
joint_subgroup,15,causal_forest,True,True,Approximate interval with subgroup covariance omitted,,0.09429925661307104,0.08418948053032349,0.08530129879954286,-0.08300106511678051,0.2513800261774275,-0.010109776082747546,True,0.003379039904490592,cf_10,20,0.45,5.0,2643583874,0.45422570899972925
joint_subgroup,15,causal_forest,True,True,Approximate interval with subgroup covariance omitted,,0.09429925661307104,0.0965777568872479,0.09557925667929212,-0.09075758620416466,0.28391309997866043,0.0022785002741768645,True,0.003861181102763738,cf_11,20,0.5,,2643583874,0.4738362080024672
joint_subgroup,15,causal_forest,True,True,Approximate interval with subgroup covariance omitted,,0.09429925661307104,0.0928013883512524,0.09207495992932467,-0.08766553311022396,0.27326830981272876,-0.0014978682618186356,True,0.003510255791817827,cf_12,20,0.5,5.0,2643583874,0.46634379099850776
joint_subgroup,16,causal_forest,True,True,Approximate interval with subgroup covariance omitted,,0.09429925661307104,-0.008354901095737333,0.15082128242526205,-0.30396461464925095,0.2872548124577763,-0.10265415770880837,True,0.013260731133501428,cf_01,5,0.45,,2577223772,0.5535704999929294
joint_subgroup,16,causal_forest,True,True,Approximate interval with subgroup covariance omitted,,0.09429925661307104,0.00039436805979486955,0.11496124969914329,-0.22492968135052596,0.2257184174701157,-0.09390488855327617,True,0.007220622470495645,cf_02,5,0.45,5.0,2577223772,0.49196966699673794
joint_subgroup,16,causal_forest,True,True,Approximate interval with subgroup covariance omitted,,0.09429925661307104,0.0006729931879799755,0.15171051041187036,-0.29667960721928593,0.2980255935952459,-0.09362626342509106,True,0.014405849148993403,cf_03,5,0.5,,2577223772,0.5775789160034037
joint_subgroup,16,causal_forest,True,True,Approximate interval with subgroup covariance omitted,,0.09429925661307104,0.0025183715629801817,0.10609508325218675,-0.20542799161130584,0.2104647347372662,-0.09178088505009085,True,0.007557215690957845,cf_04,5,0.5,5.0,2577223772,0.5053743329990539
joint_subgroup,16,causal_forest,True,True,Approximate interval with subgroup covariance omitted,,0.09429925661307104,-0.0007364090152864877,0.12484292528027834,-0.24542854256463204,0.24395572453405906,-0.09503566562835752,True,0.00846973602056073,cf_05,10,0.45,,2577223772,0.5083270000031916
joint_subgroup,16,causal_forest,True,True,Approximate interval with subgroup covariance omitted,,0.09429925661307104,0.0037312338556126923,0.10892170567361785,-0.20975530926467828,0.21721777697590366,-0.09056802275745834,True,0.006044538327963979,cf_06,10,0.45,5.0,2577223772,0.47965145900525386
joint_subgroup,16,causal_forest,True,True,Approximate interval with subgroup covariance omitted,,0.09429925661307104,-0.007644184850325031,0.1218803728833265,-0.24652971570164495,0.23124134600099489,-0.10194344146339607,True,0.00982141977219997,cf_07,10,0.5,,2577223772,0.5438421250000829
joint_subgroup,16,causal_forest,True,True,Approximate interval with subgroup covariance omitted,,0.09429925661307104,6.0892736115647494e-06,0.0987946834575374,-0.19363149030316174,0.19364366885038486,-0.09429316733945947,True,0.006912535898032916,cf_08,10,0.5,5.0,2577223772,0.495246041995415
joint_subgroup,16,causal_forest,True,True,Approximate interval with subgroup covariance omitted,,0.09429925661307104,-0.0023344187221659984,0.10425527018897748,-0.20667474829256186,0.20200591084822986,-0.09663367533523703,True,0.005015278875237814,cf_09,20,0.45,,2577223772,0.4638933329988504
joint_subgroup,16,causal_forest,True,True,Approximate interval with subgroup covariance omitted,,0.09429925661307104,-0.0025671729517747766,0.1021417731407367,-0.2027650483076187,0.19763070240406916,-0.09686642956484581,True,0.004769223677131789,cf_10,20,0.45,5.0,2577223772,0.45678237499669194
joint_subgroup,16,causal_forest,True,True,Approximate interval with subgroup covariance omitted,,0.09429925661307104,-0.004274403568059748,0.10139806831083673,-0.20301461745729973,0.19446581032118024,-0.09857366018113078,True,0.00589649010619976,cf_11,20,0.5,,2577223772,0.5674510000026203
joint_subgroup,16,causal_forest,True,True,Approximate interval with subgroup covariance omitted,,0.09429925661307104,-0.0036890572007038935,0.09695637134930417,-0.19372354504534006,0.18634543064393227,-0.09798831381377493,True,0.005324363571198877,cf_12,20,0.5,5.0,2577223772,0.47171166600310244
joint_subgroup,17,causal_forest,True,True,Approximate interval with subgroup covariance omitted,,0.09429925661307104,-0.018766880712962952,0.1701042663030157,-0.3521712426668737,0.3146374812409478,-0.11306613732603399,True,0.015094590203587185,cf_01,5,0.45,,21307095,0.5533427920017857
joint_subgroup,17,causal_forest,True,True,Approximate interval with subgroup covariance omitted,,0.09429925661307104,-0.025375751800469637,0.12243749831510764,-0.2653532484980806,0.21460174489714134,-0.11967500841354067,True,0.008565997702599878,cf_02,5,0.45,5.0,21307095,0.49571841600118205
joint_subgroup,17,causal_forest,True,True,Approximate interval with subgroup covariance omitted,,0.09429925661307104,-0.021352204416055454,0.18139602438724298,-0.3768884122150517,0.3341840033829408,-0.11565146102912649,True,0.01709724680777436,cf_03,5,0.5,,21307095,0.5804732089964091
joint_subgroup,17,causal_forest,True,True,Approximate interval with subgroup covariance omitted,,0.09429925661307104,-0.020463608079220763,0.12491167644505692,-0.26529049391153237,0.2243632777530908,-0.1147628646922918,True,0.008481877819670046,cf_04,5,0.5,5.0,21307095,0.5070667079999112
joint_subgroup,17,causal_forest,True,True,Approximate interval with subgroup covariance omitted,,0.09429925661307104,-0.027804270854602298,0.12312228949723719,-0.2691239582691872,0.2135154165599826,-0.12210352746767333,True,0.010453342684409504,cf_05,10,0.45,,21307095,0.5035761249964708
joint_subgroup,17,causal_forest,True,True,Approximate interval with subgroup covariance omitted,,0.09429925661307104,-0.026646243285821547,0.11043382675658364,-0.24309654372872547,0.18980405715708237,-0.12094549989889258,True,0.007829239232825776,cf_06,10,0.45,5.0,21307095,0.4804434589968878
joint_subgroup,17,causal_forest,True,True,Approximate interval with subgroup covariance omitted,,0.09429925661307104,-0.027329077260417833,0.13542428422475916,-0.29276067434094577,0.2381025198201101,-0.12162833387348887,True,0.011829846576696253,cf_07,10,0.5,,21307095,0.5258226669975556
joint_subgroup,17,causal_forest,True,True,Approximate interval with subgroup covariance omitted,,0.09429925661307104,-0.025361057375478224,0.11685902510045156,-0.2544047465723632,0.2036826318214068,-0.11966031398854926,True,0.008337216484105974,cf_08,10,0.5,5.0,21307095,0.4949015829988639
joint_subgroup,17,causal_forest,True,True,Approximate interval with subgroup covariance omitted,,0.09429925661307104,-0.02360416940945903,0.0964046110996286,-0.2125572071647311,0.16534886834581303,-0.11790342602253007,True,0.00723483164673918,cf_09,20,0.45,,21307095,0.46236674999818206
joint_subgroup,17,causal_forest,True,True,Approximate interval with subgroup covariance omitted,,0.09429925661307104,-0.02267341245201715,0.09517402735008391,-0.20921450605818162,0.16386768115414732,-0.11697266906508819,True,0.006864736899548731,cf_10,20,0.45,5.0,21307095,0.4597805419980432
joint_subgroup,17,causal_forest,True,True,Approximate interval with subgroup covariance omitted,,0.09429925661307104,-0.021504241124212342,0.10671176332190219,-0.23065929723514061,0.18765081498671593,-0.11580349773728338,True,0.007749653111970453,cf_11,20,0.5,,21307095,0.47919208299572347
joint_subgroup,17,causal_forest,True,True,Approximate interval with subgroup covariance omitted,,0.09429925661307104,-0.021444541595614597,0.10316028425064216,-0.22363869872687323,0.18074961553564403,-0.11574379820868563,True,0.007145988530115081,cf_12,20,0.5,5.0,21307095,0.48084029099845793
joint_subgroup,18,causal_forest,True,True,Approximate interval with subgroup covariance omitted,,0.09429925661307104,0.06790902570103763,0.15612666233703107,-0.2380992324795433,0.37391728388161855,-0.026390230912033408,True,0.010015377678717685,cf_01,5,0.45,,2249732067,0.5481516250001732
joint_subgroup,18,causal_forest,True,True,Approximate interval with subgroup covariance omitted,,0.09429925661307104,0.05124588513389916,0.11844864654689263,-0.1809134620980104,0.2834052323658087,-0.043053371479171876,True,0.0052958749218185225,cf_02,5,0.45,5.0,2249732067,0.49676445800287183
joint_subgroup,18,causal_forest,True,True,Approximate interval with subgroup covariance omitted,,0.09429925661307104,0.060733208239291736,0.16728829597364242,-0.2671518518690474,0.38861826834763086,-0.0335660483737793,True,0.010624714015901968,cf_03,5,0.5,,2249732067,0.5727727080011391
joint_subgroup,18,causal_forest,True,True,Approximate interval with subgroup covariance omitted,,0.09429925661307104,0.052482772778088216,0.11487298962124767,-0.1726682868795572,0.27763383243573364,-0.04181648383498282,True,0.005169889620159256,cf_04,5,0.5,5.0,2249732067,0.5077642499963986
joint_subgroup,18,causal_forest,True,True,Approximate interval with subgroup covariance omitted,,0.09429925661307104,0.06186633220593518,0.11685053005707047,-0.16716070670592292,0.2908933711177933,-0.032432924407135855,True,0.007192583411409998,cf_05,10,0.45,,2249732067,0.5083380420037429
joint_subgroup,18,causal_forest,True,True,Approximate interval with subgroup covariance omitted,,0.09429925661307104,0.05350677799891801,0.09995850451374241,-0.14241189084801711,0.24942544684585313,-0.04079247861415303,True,0.004948975614060986,cf_06,10,0.45,5.0,2249732067,0.47963337499822956
joint_subgroup,18,causal_forest,True,True,Approximate interval with subgroup covariance omitted,,0.09429925661307104,0.05951686629568986,0.13240429245278526,-0.19999554691176924,0.31902927950314897,-0.03478239031738117,True,0.006752574311885534,cf_07,10,0.5,,2249732067,0.5285772499992163
joint_subgroup,18,causal_forest,True,True,Approximate interval with subgroup covariance omitted,,0.09429925661307104,0.05208973571225417,0.10875423904260782,-0.16106857281125717,0.26524804423576553,-0.042209520900816866,True,0.004504639642621115,cf_08,10,0.5,5.0,2249732067,0.49743566699908115
joint_subgroup,18,causal_forest,True,True,Approximate interval with subgroup covariance omitted,,0.09429925661307104,0.05553023804373236,0.09353300593740013,-0.1277944535935719,0.2388549296810366,-0.038769018569338676,True,0.0047494708615931636,cf_09,20,0.45,,2249732067,0.4622779589990387
joint_subgroup,18,causal_forest,True,True,Approximate interval with subgroup covariance omitted,,0.09429925661307104,0.054516918136748305,0.09070699644864885,-0.12326879490260345,0.23230263117610006,-0.03978233847632273,True,0.004372916145323662,cf_10,20,0.45,5.0,2249732067,0.458193124999525
joint_subgroup,18,causal_forest,True,True,Approximate interval with subgroup covariance omitted,,0.09429925661307104,0.056126266726774565,0.09673393106706145,-0.13347223816466586,0.245724771618215,-0.03817298988629647,True,0.004605419491546767,cf_11,20,0.5,,2249732067,0.4813244590040995
joint_subgroup,18,causal_forest,True,True,Approximate interval with subgroup covariance omitted,,0.09429925661307104,0.05361258459592655,0.0935251589269784,-0.1296967269009511,0.2369218960928042,-0.04068667201714449,True,0.004166535120364826,cf_12,20,0.5,5.0,2249732067,0.47628520800208207
joint_subgroup,19,causal_forest,True,True,Approximate interval with subgroup covariance omitted,,0.09429925661307104,-0.07202832723311536,0.15322261171537424,-0.3723446461952489,0.22828799172901815,-0.1663275838461864,True,0.020292702533235712,cf_01,5,0.45,,2478791127,0.55225608299952
joint_subgroup,19,causal_forest,True,True,Approximate interval with subgroup covariance omitted,,0.09429925661307104,-0.06841960558983007,0.11521631922854302,-0.2942435912777744,0.15740438009811425,-0.1627188622029011,True,0.012223068448367144,cf_02,5,0.45,5.0,2478791127,0.49129770900617586
joint_subgroup,19,causal_forest,True,True,Approximate interval with subgroup covariance omitted,,0.09429925661307104,-0.07653956433456521,0.16251771220682815,-0.3950742802599484,0.24199515159081797,-0.17083882094763625,True,0.021060039772362593,cf_03,5,0.5,,2478791127,0.5760032920006779
joint_subgroup,19,causal_forest,True,True,Approximate interval with subgroup covariance omitted,,0.09429925661307104,-0.06656971682876578,0.126740348900551,-0.3149808006738457,0.18184136701631418,-0.16086897344183682,True,0.011677247261948558,cf_04,5,0.5,5.0,2478791127,0.5062652500055265
joint_subgroup,19,causal_forest,True,True,Approximate interval with subgroup covariance omitted,,0.09429925661307104,-0.07360640521404971,0.12098749791377987,-0.3107419011250583,0.16352909069695884,-0.16790566182712074,True,0.016231385881790315,cf_05,10,0.45,,2478791127,0.5225225409958512
joint_subgroup,19,causal_forest,True,True,Approximate interval with subgroup covariance omitted,,0.09429925661307104,-0.06779612325334627,0.10701429933527912,-0.27754414995049337,0.1419519034438008,-0.1620953798664173,True,0.011983312987283787,cf_06,10,0.45,5.0,2478791127,0.48076133400172694
joint_subgroup,19,causal_forest,True,True,Approximate interval with subgroup covariance omitted,,0.09429925661307104,-0.07703864568755903,0.1447374318334667,-0.3607240120811538,0.20664672070603574,-0.17133790230063006,True,0.016691769196967,cf_07,10,0.5,,2478791127,0.5275224580036593
joint_subgroup,19,causal_forest,True,True,Approximate interval with subgroup covariance omitted,,0.09429925661307104,-0.06768900619428209,0.12379677943395774,-0.31033069388483925,0.17495268149627508,-0.16198826280735312,True,0.011575905777478315,cf_08,10,0.5,5.0,2478791127,0.49786966699321056
joint_subgroup,19,causal_forest,True,True,Approximate interval with subgroup covariance omitted,,0.09429925661307104,-0.0729323905113467,0.09512201682772493,-0.2593715434936876,0.11350676247099417,-0.16723164712441774,True,0.01190470207672956,cf_09,20,0.45,,2478791127,0.461582374999125
joint_subgroup,19,causal_forest,True,True,Approximate interval with subgroup covariance omitted,,0.09429925661307104,-0.07271486466850519,0.09140980284805539,-0.25187807825069375,0.10644834891368338,-0.16701412128157622,True,0.011323642658764172,cf_10,20,0.45,5.0,2478791127,0.45587199999863515
joint_subgroup,19,causal_forest,True,True,Approximate interval with subgroup covariance omitted,,0.09429925661307104,-0.06979346194963909,0.1093155718371289,-0.2840519827504117,0.14446505885113353,-0.16409271856271013,True,0.011954123168332878,cf_11,20,0.5,,2478791127,0.4799526249989867
joint_subgroup,19,causal_forest,True,True,Approximate interval with subgroup covariance omitted,,0.09429925661307104,-0.0666918765331097,0.10705538345913866,-0.27652042811302147,0.14313667504680205,-0.16099113314618074,True,0.010752309251835498,cf_12,20,0.5,5.0,2478791127,0.4742035000017495
joint_subgroup,20,causal_forest,True,True,Approximate interval with subgroup covariance omitted,,0.09429925661307104,0.07777258776761153,0.1579131677014492,-0.23173722092722887,0.38728239646245194,-0.016526668845459502,True,0.00936741384584129,cf_01,5,0.45,,1661769920,0.5500241660047323
joint_subgroup,20,causal_forest,True,True,Approximate interval with subgroup covariance omitted,,0.09429925661307104,0.05763610439025446,0.11188086364706101,-0.16165038835798512,0.27692259713849404,-0.036663152222816575,True,0.004915712899722665,cf_02,5,0.45,5.0,1661769920,0.4898190419989987
joint_subgroup,20,causal_forest,True,True,Approximate interval with subgroup covariance omitted,,0.09429925661307104,0.08288872680448722,0.1645555578922122,-0.2396401666642487,0.40541762027322314,-0.011410529808583814,True,0.01020784270281734,cf_03,5,0.5,,1661769920,0.5732683339956566
joint_subgroup,20,causal_forest,True,True,Approximate interval with subgroup covariance omitted,,0.09429925661307104,0.06649176103761312,0.11885966791092369,-0.1664731880677973,0.29945671014302355,-0.02780749557545792,True,0.005232330303340958,cf_04,5,0.5,5.0,1661769920,0.5046390000061365
joint_subgroup,20,causal_forest,True,True,Approximate interval with subgroup covariance omitted,,0.09429925661307104,0.07028523999048486,0.11845745238852481,-0.16189136669102377,0.3024618466719935,-0.024014016622586176,True,0.005709050240290449,cf_05,10,0.45,,1661769920,0.5087528750009369
joint_subgroup,20,causal_forest,True,True,Approximate interval with subgroup covariance omitted,,0.09429925661307104,0.05996568522244128,0.10431872718868114,-0.14449902006737375,0.2644303905122563,-0.03433357139062976,True,0.004279063590028018,cf_06,10,0.45,5.0,1661769920,0.47615570799825946
joint_subgroup,20,causal_forest,True,True,Approximate interval with subgroup covariance omitted,,0.09429925661307104,0.07176127751896089,0.13278212059311648,-0.1884916788435474,0.33201423388146917,-0.02253797909411015,True,0.006973412360917778,cf_07,10,0.5,,1661769920,0.5423035830026492
joint_subgroup,20,causal_forest,True,True,Approximate interval with subgroup covariance omitted,,0.09429925661307104,0.06267871263938318,0.11039954896622581,-0.1537044033344194,0.27906182861318574,-0.031620543973687854,True,0.004849367033838622,cf_08,10,0.5,5.0,1661769920,0.49211724999622675
joint_subgroup,20,causal_forest,True,True,Approximate interval with subgroup covariance omitted,,0.09429925661307104,0.05114911188620086,0.09666617990364645,-0.1383166007249462,0.24061482449734792,-0.04315014472687018,True,0.003446274677108283,cf_09,20,0.45,,1661769920,0.4607541660006973
joint_subgroup,20,causal_forest,True,True,Approximate interval with subgroup covariance omitted,,0.09429925661307104,0.04981724235411733,0.09547338786335591,-0.13731059785806024,0.2369450825662949,-0.044482014258953706,True,0.0032970632077409805,cf_10,20,0.45,5.0,1661769920,0.4545642079974641
joint_subgroup,20,causal_forest,True,True,Approximate interval with subgroup covariance omitted,,0.09429925661307104,0.05986890047919202,0.10260368570869845,-0.14123432350985693,0.260972124468241,-0.034430356133879014,True,0.003842659161425429,cf_11,20,0.5,,1661769920,0.47712766699987696
joint_subgroup,20,causal_forest,True,True,Approximate interval with subgroup covariance omitted,,0.09429925661307104,0.05676435499208188,0.09979036907570343,-0.13882476839629684,0.2523534783804606,-0.03753490162098916,True,0.0036061368551643467,cf_12,20,0.5,5.0,1661769920,0.47119816600024933
joint_subgroup,21,causal_forest,True,True,Approximate interval with subgroup covariance omitted,,0.09429925661307104,-0.02555057953134854,0.17241439509364315,-0.3634827939148891,0.312381634852192,-0.11984983614441957,True,0.010140892417439049,cf_01,5,0.45,,3047783055,0.5547698750015115
joint_subgroup,21,causal_forest,True,True,Approximate interval with subgroup covariance omitted,,0.09429925661307104,-0.008872379290829957,0.12214734584141214,-0.24828117713999776,0.23053641855833784,-0.103171635903901,True,0.004606037243948073,cf_02,5,0.45,5.0,3047783055,0.4874402089990326
joint_subgroup,21,causal_forest,True,True,Approximate interval with subgroup covariance omitted,,0.09429925661307104,-0.018864126438536077,0.18043540214289888,-0.3725175146386179,0.3347892617615457,-0.11316338305160711,True,0.010039269612860042,cf_03,5,0.5,,3047783055,0.5816647920000833
joint_subgroup,21,causal_forest,True,True,Approximate interval with subgroup covariance omitted,,0.09429925661307104,-0.005838873048135906,0.12087664909110991,-0.24275710526671132,0.2310793591704395,-0.10013812966120694,True,0.0044705348201697385,cf_04,5,0.5,5.0,3047783055,0.5011187909985892
joint_subgroup,21,causal_forest,True,True,Approximate interval with subgroup covariance omitted,,0.09429925661307104,-0.012817822859988781,0.12665151182287018,-0.26105478603281435,0.23541914031283678,-0.10711707947305982,True,0.005058100093307889,cf_05,10,0.45,,3047783055,0.5083989159975317
joint_subgroup,21,causal_forest,True,True,Approximate interval with subgroup covariance omitted,,0.09429925661307104,-0.006620039940462008,0.10872191405534916,-0.21971499148894635,0.20647491160802234,-0.10091929655353304,True,0.003519444818897698,cf_06,10,0.45,5.0,3047783055,0.474619790998986
joint_subgroup,21,causal_forest,True,True,Approximate interval with subgroup covariance omitted,,0.09429925661307104,-0.007506739873963331,0.14232829574135847,-0.2864701995270259,0.27145671977909924,-0.10180599648703437,True,0.005358776750989324,cf_07,10,0.5,,3047783055,0.528177374995721
joint_subgroup,21,causal_forest,True,True,Approximate interval with subgroup covariance omitted,,0.09429925661307104,-0.002189165133406834,0.11620259124921531,-0.22994624398186883,0.22556791371505516,-0.09648842174647787,True,0.003516785522570477,cf_08,10,0.5,5.0,3047783055,0.4935875829978613
joint_subgroup,21,causal_forest,True,True,Approximate interval with subgroup covariance omitted,,0.09429925661307104,-0.004811337633824131,0.10122817596037159,-0.20321856251615245,0.19359588724850418,-0.09911059424689517,True,0.002754573169303527,cf_09,20,0.45,,3047783055,0.45602812500146683
joint_subgroup,21,causal_forest,True,True,Approximate interval with subgroup covariance omitted,,0.09429925661307104,-0.005313287086236906,0.09758645393564042,-0.1965827368000921,0.1859561626276183,-0.09961254369930794,True,0.0026664681941724246,cf_10,20,0.45,5.0,3047783055,0.45406337500025984
joint_subgroup,21,causal_forest,True,True,Approximate interval with subgroup covariance omitted,,0.09429925661307104,-0.005074285780683252,0.11180912755337105,-0.22422017578529052,0.21407160422392402,-0.09937354239375429,True,0.002961721364763858,cf_11,20,0.5,,3047783055,0.4757777080012602
joint_subgroup,21,causal_forest,True,True,Approximate interval with subgroup covariance omitted,,0.09429925661307104,-0.0029499285963261457,0.10522822909247864,-0.2091972576175843,0.203297400424932,-0.09724918520939718,True,0.002731588672729903,cf_12,20,0.5,5.0,3047783055,0.4670828750022338
joint_subgroup,22,causal_forest,True,True,Approximate interval with subgroup covariance omitted,,0.09429925661307104,-0.02052895523427889,0.15521864896576648,-0.32475750720718116,0.2836995967386234,-0.11482821184734993,True,0.010759412984548213,cf_01,5,0.45,,1780007432,0.5669951250019949
joint_subgroup,22,causal_forest,True,True,Approximate interval with subgroup covariance omitted,,0.09429925661307104,-0.01146281290389517,0.11414304425238672,-0.23518317963857313,0.2122575538307828,-0.1057620695169662,True,0.005925737388376962,cf_02,5,0.45,5.0,1780007432,0.48830412499955855
joint_subgroup,22,causal_forest,True,True,Approximate interval with subgroup covariance omitted,,0.09429925661307104,-0.0221755844082413,0.16010312035371774,-0.33597770030152807,0.29162653148504547,-0.11647484102131234,True,0.011018778542363496,cf_03,5,0.5,,1780007432,0.5779098330021952
joint_subgroup,22,causal_forest,True,True,Approximate interval with subgroup covariance omitted,,0.09429925661307104,-0.011755928667342763,0.12323183321743321,-0.25329032177351185,0.22977846443882632,-0.1060551852804138,True,0.005631143737913472,cf_04,5,0.5,5.0,1780007432,0.5014933749989723
joint_subgroup,22,causal_forest,True,True,Approximate interval with subgroup covariance omitted,,0.09429925661307104,-0.007222014077461925,0.1205983153896864,-0.24359471224124726,0.22915068408632341,-0.10152127069053296,True,0.00661458187630967,cf_05,10,0.45,,1780007432,0.5083020829988527
joint_subgroup,22,causal_forest,True,True,Approximate interval with subgroup covariance omitted,,0.09429925661307104,-0.007707385296744862,0.10809498717152233,-0.21957356015292862,0.2041587895594389,-0.1020066419098159,True,0.004903864847440529,cf_06,10,0.45,5.0,1780007432,0.4786480830007349
joint_subgroup,22,causal_forest,True,True,Approximate interval with subgroup covariance omitted,,0.09429925661307104,-0.013853408776496767,0.13298676335310813,-0.2745074649485887,0.24680064739559515,-0.1081526653895678,True,0.006974405811137491,cf_07,10,0.5,,1780007432,0.5307574580001528
joint_subgroup,22,causal_forest,True,True,Approximate interval with subgroup covariance omitted,,0.09429925661307104,-0.009187964002549287,0.11442626656758571,-0.2334634464750173,0.21508751846991872,-0.10348722061562032,True,0.004821360891275203,cf_08,10,0.5,5.0,1780007432,0.4900545409982442
joint_subgroup,22,causal_forest,True,True,Approximate interval with subgroup covariance omitted,,0.09429925661307104,-0.005660538453624353,0.09978892703215606,-0.20124683543665023,0.18992575852940152,-0.09995979506669539,True,0.003257124372226909,cf_09,20,0.45,,1780007432,0.4629046659974847
joint_subgroup,22,causal_forest,True,True,Approximate interval with subgroup covariance omitted,,0.09429925661307104,-0.00349770950045436,0.09493204267145713,-0.18956451313651035,0.18256909413560163,-0.0977969661135254,True,0.003005144123554154,cf_10,20,0.45,5.0,1780007432,0.4535881670017261
joint_subgroup,22,causal_forest,True,True,Approximate interval with subgroup covariance omitted,,0.09429925661307104,-0.006592323910245224,0.1055286440744614,-0.21342846629618956,0.2002438184756991,-0.10089158052331626,True,0.0036942283635454628,cf_11,20,0.5,,1780007432,0.48045750000164844
joint_subgroup,22,causal_forest,True,True,Approximate interval with subgroup covariance omitted,,0.09429925661307104,-0.007535680529274558,0.10041804857874136,-0.2043550557436076,0.18928369468505848,-0.1018349371423456,True,0.0033989063826527104,cf_12,20,0.5,5.0,1780007432,0.4706093749991851
joint_subgroup,23,causal_forest,True,True,Approximate interval with subgroup covariance omitted,,0.09429925661307104,0.10308360156472574,0.15623934273492623,-0.20314551019572968,0.40931271332518115,0.008784344951654699,True,0.013118084633216325,cf_01,5,0.45,,182669438,0.5523827910001273
joint_subgroup,23,causal_forest,True,True,Approximate interval with subgroup covariance omitted,,0.09429925661307104,0.08826640948277786,0.11681892216136391,-0.14069867795349542,0.31723149691905117,-0.006032847130293173,True,0.0052385525057957105,cf_02,5,0.45,5.0,182669438,0.4922734159990796
joint_subgroup,23,causal_forest,True,True,Approximate interval with subgroup covariance omitted,,0.09429925661307104,0.09768589673671901,0.1595220118007857,-0.21497724639282095,0.410349039866259,0.003386640123647977,True,0.014000534841493585,cf_03,5,0.5,,182669438,0.582027874996129
joint_subgroup,23,causal_forest,True,True,Approximate interval with subgroup covariance omitted,,0.09429925661307104,0.07831518765416123,0.11829354189762731,-0.1535401544651883,0.3101705297735108,-0.015984068958909803,True,0.005318651036617852,cf_04,5,0.5,5.0,182669438,0.5052362080023158
joint_subgroup,23,causal_forest,True,True,Approximate interval with subgroup covariance omitted,,0.09429925661307104,0.09591446538604831,0.13020405808999758,-0.15928548847034696,0.3511144192424436,0.0016152087729772724,True,0.007499088083828074,cf_05,10,0.45,,182669438,0.5120217500007129
joint_subgroup,23,causal_forest,True,True,Approximate interval with subgroup covariance omitted,,0.09429925661307104,0.08946847225914356,0.11169099498723549,-0.129445877915838,0.3083828224341251,-0.004830784353927475,True,0.004410782537988032,cf_06,10,0.45,5.0,182669438,0.48981937499775086
joint_subgroup,23,causal_forest,True,True,Approximate interval with subgroup covariance omitted,,0.09429925661307104,0.0911591576849905,0.13667531356759283,-0.17672445690749145,0.35904277227747244,-0.003140098928080537,True,0.008403975935177478,cf_07,10,0.5,,182669438,0.53575570799876
joint_subgroup,23,causal_forest,True,True,Approximate interval with subgroup covariance omitted,,0.09429925661307104,0.07599274006535794,0.11709756376721049,-0.1535184849183746,0.3055039650490905,-0.018306516547713092,True,0.004767409241339162,cf_08,10,0.5,5.0,182669438,0.4950897079979768
joint_subgroup,23,causal_forest,True,True,Approximate interval with subgroup covariance omitted,,0.09429925661307104,0.08287784179814117,0.10395086286047753,-0.12086584940839479,0.28662153300467713,-0.011421414814929864,True,0.004111889562076072,cf_09,20,0.45,,182669438,0.4654979999977513
joint_subgroup,23,causal_forest,True,True,Approximate interval with subgroup covariance omitted,,0.09429925661307104,0.07894106026202585,0.10304722927863112,-0.12303150912409114,0.2809136296481428,-0.015358196351045184,True,0.003555688595909225,cf_10,20,0.45,5.0,182669438,0.45861395799875027
joint_subgroup,23,causal_forest,True,True,Approximate interval with subgroup covariance omitted,,0.09429925661307104,0.07732066920522984,0.1112979547217798,-0.14082332204945855,0.29546466045991826,-0.016978587407841195,True,0.004626534606125436,cf_11,20,0.5,,182669438,0.48032304100343026
joint_subgroup,23,causal_forest,True,True,Approximate interval with subgroup covariance omitted,,0.09429925661307104,0.07355792150244711,0.10508736162726175,-0.13241330728698592,0.27952915029188014,-0.020741335110623926,True,0.003956905200165772,cf_12,20,0.5,5.0,182669438,0.5593462909964728
joint_subgroup,24,causal_forest,True,True,Approximate interval with subgroup covariance omitted,,0.09429925661307104,0.0350859239830601,0.14826901438482393,-0.2555213442111948,0.325693192177315,-0.05921333263001094,True,0.011642358643824834,cf_01,5,0.45,,2850689037,0.549311167000269
joint_subgroup,24,causal_forest,True,True,Approximate interval with subgroup covariance omitted,,0.09429925661307104,0.02267046184328625,0.11080124570490724,-0.19449997973833194,0.23984090342490444,-0.07162879476978479,True,0.006047665348031803,cf_02,5,0.45,5.0,2850689037,0.4945430829975521
joint_subgroup,24,causal_forest,True,True,Approximate interval with subgroup covariance omitted,,0.09429925661307104,0.045427773888612855,0.16225065363110108,-0.27258350722834523,0.36343905500557094,-0.04887148272445818,True,0.012641212064028583,cf_03,5,0.5,,2850689037,0.5829743330032215
joint_subgroup,24,causal_forest,True,True,Approximate interval with subgroup covariance omitted,,0.09429925661307104,0.030685652886818682,0.1240779120018985,-0.21250705463690236,0.2738783604105397,-0.06361360372625235,True,0.005879256924601743,cf_04,5,0.5,5.0,2850689037,0.5091092500006198
joint_subgroup,24,causal_forest,True,True,Approximate interval with subgroup covariance omitted,,0.09429925661307104,0.034076450224749255,0.11523409180618044,-0.1917823697153644,0.2599352701648629,-0.06022280638832178,True,0.00804323287542778,cf_05,10,0.45,,2850689037,0.5082817090005847
joint_subgroup,24,causal_forest,True,True,Approximate interval with subgroup covariance omitted,,0.09429925661307104,0.02538123358479505,0.09889359172500232,-0.1684502061962095,0.2192126733657996,-0.06891802302827599,True,0.005683607930539635,cf_06,10,0.45,5.0,2850689037,0.480716999998549
joint_subgroup,24,causal_forest,True,True,Approximate interval with subgroup covariance omitted,,0.09429925661307104,0.03765188192702307,0.13219829193771382,-0.221456770270896,0.29676053412494213,-0.05664737468604797,True,0.008550055596937422,cf_07,10,0.5,,2850689037,0.5311277500004508
joint_subgroup,24,causal_forest,True,True,Approximate interval with subgroup covariance omitted,,0.09429925661307104,0.03135823210578437,0.11805896781813117,-0.20003734481775273,0.26275380902932144,-0.06294102450728667,True,0.005298010941168515,cf_08,10,0.5,5.0,2850689037,0.496611833004863
joint_subgroup,24,causal_forest,True,True,Approximate interval with subgroup covariance omitted,,0.09429925661307104,0.021885907881637356,0.095951637696511,-0.16617930200352418,0.2099511177667989,-0.07241334873143368,True,0.00508864060214376,cf_09,20,0.45,,2850689037,0.4634868749999441
joint_subgroup,24,causal_forest,True,True,Approximate interval with subgroup covariance omitted,,0.09429925661307104,0.02116868469829103,0.09134676942261574,-0.15787098337003583,0.2002083527666179,-0.07313057191478001,True,0.004646704089331434,cf_10,20,0.45,5.0,2850689037,0.4613970420032274
joint_subgroup,24,causal_forest,True,True,Approximate interval with subgroup covariance omitted,,0.09429925661307104,0.03360281379738106,0.10575900822098956,-0.17368484231575848,0.2408904699105206,-0.06069644281568998,True,0.005565045329994799,cf_11,20,0.5,,2850689037,0.4943159590038704
joint_subgroup,24,causal_forest,True,True,Approximate interval with subgroup covariance omitted,,0.09429925661307104,0.03160812872509344,0.10446441728974476,-0.17314212916280627,0.23635838661299316,-0.0626911278879776,True,0.005045656140470449,cf_12,20,0.5,5.0,2850689037,0.4743258340022294
joint_subgroup,25,causal_forest,True,True,Approximate interval with subgroup covariance omitted,,0.09429925661307104,0.05847366304598567,0.15109754306102152,-0.23767752135361653,0.35462484744558787,-0.03582559356708537,True,0.008815524082770896,cf_01,5,0.45,,1415768028,0.5489281659974949
joint_subgroup,25,causal_forest,True,True,Approximate interval with subgroup covariance omitted,,0.09429925661307104,0.05185804258998361,0.10790137389388219,-0.15962865024202547,0.26334473542199266,-0.042441214023087426,True,0.004332134049011419,cf_02,5,0.45,5.0,1415768028,0.4896634169999743
joint_subgroup,25,causal_forest,True,True,Approximate interval with subgroup covariance omitted,,0.09429925661307104,0.054335779314649946,0.16539063591865033,-0.2698298670859047,0.37850142571520456,-0.03996347729842109,True,0.009056194700516003,cf_03,5,0.5,,1415768028,0.5774897919982322
joint_subgroup,25,causal_forest,True,True,Approximate interval with subgroup covariance omitted,,0.09429925661307104,0.04221525301325413,0.11415017610637411,-0.18151909215523912,0.26594959818174735,-0.05208400359981691,True,0.004328460536244013,cf_04,5,0.5,5.0,1415768028,0.5040502499978174
joint_subgroup,25,causal_forest,True,True,Approximate interval with subgroup covariance omitted,,0.09429925661307104,0.05411665874703586,0.1206649443729241,-0.18238663222389537,0.2906199497179671,-0.040182597866035175,True,0.005616290429224408,cf_05,10,0.45,,1415768028,0.5078585829978692
joint_subgroup,25,causal_forest,True,True,Approximate interval with subgroup covariance omitted,,0.09429925661307104,0.05027870758233677,0.1017784123953494,-0.14920698071254807,0.2497643958772216,-0.04402054903073427,True,0.0039045842464108522,cf_06,10,0.45,5.0,1415768028,0.4771321660009562
joint_subgroup,25,causal_forest,True,True,Approximate interval with subgroup covariance omitted,,0.09429925661307104,0.05283164029480858,0.1284023266354561,-0.19883691991068536,0.3045002005003025,-0.04146761631826246,True,0.005584907958558504,cf_07,10,0.5,,1415768028,0.526233125005092
joint_subgroup,25,causal_forest,True,True,Approximate interval with subgroup covariance omitted,,0.09429925661307104,0.04463508549046935,0.10648291531084053,-0.1640714285187781,0.2533415994997168,-0.049664171122601686,True,0.0037393708382304435,cf_08,10,0.5,5.0,1415768028,0.49383483400015393
joint_subgroup,25,causal_forest,True,True,Approximate interval with subgroup covariance omitted,,0.09429925661307104,0.053025295627521674,0.0892801342920687,-0.12196376758493296,0.2280143588399763,-0.04127396098554936,True,0.0036608290491000933,cf_09,20,0.45,,1415768028,0.4585883749969071
joint_subgroup,25,causal_forest,True,True,Approximate interval with subgroup covariance omitted,,0.09429925661307104,0.05081955105800484,0.08732574745602792,-0.12033891395580987,0.22197801607181955,-0.043479705555066195,True,0.0034514491397206496,cf_10,20,0.45,5.0,1415768028,0.4558055419984157
joint_subgroup,25,causal_forest,True,True,Approximate interval with subgroup covariance omitted,,0.09429925661307104,0.046120262668848166,0.1039205764211696,-0.15756406711664425,0.24980459245434058,-0.04817899394422287,True,0.0035418657612288564,cf_11,20,0.5,,1415768028,0.4797848329981207
joint_subgroup,25,causal_forest,True,True,Approximate interval with subgroup covariance omitted,,0.09429925661307104,0.04475091332280712,0.09801578072302103,-0.1473600168943141,0.23686184353992834,-0.04954834329026392,True,0.003166001325475283,cf_12,20,0.5,5.0,1415768028,0.46838983400084544
joint_subgroup,26,causal_forest,True,True,Approximate interval with subgroup covariance omitted,,0.09429925661307104,-0.03788596051674531,0.16061260701179333,-0.3526866702598602,0.2769147492263696,-0.13218521712981635,True,0.010233159783823446,cf_01,5,0.45,,2709222468,0.5456284999963827
joint_subgroup,26,causal_forest,True,True,Approximate interval with subgroup covariance omitted,,0.09429925661307104,-0.023673717441382358,0.11984111652048152,-0.2585623058215261,0.2112148709387614,-0.1179729740544534,True,0.006222542077340678,cf_02,5,0.45,5.0,2709222468,0.49023420800222084
joint_subgroup,26,causal_forest,True,True,Approximate interval with subgroup covariance omitted,,0.09429925661307104,-0.03897395378783486,0.16884703104939927,-0.36991413464465744,0.2919662270689877,-0.1332732104009059,True,0.011361653566686109,cf_03,5,0.5,,2709222468,0.5710935829993105
joint_subgroup,26,causal_forest,True,True,Approximate interval with subgroup covariance omitted,,0.09429925661307104,-0.028830727826403946,0.12402554231503601,-0.27192079076387454,0.21425933511106662,-0.12312998443947498,True,0.006763837084221221,cf_04,5,0.5,5.0,2709222468,0.515098958996532
joint_subgroup,26,causal_forest,True,True,Approximate interval with subgroup covariance omitted,,0.09429925661307104,-0.029940398149260083,0.12176435360387636,-0.2685985312128577,0.20871773491433757,-0.12423965476233112,True,0.006781585845366032,cf_05,10,0.45,,2709222468,0.5046738340024604
joint_subgroup,26,causal_forest,True,True,Approximate interval with subgroup covariance omitted,,0.09429925661307104,-0.025789144074843784,0.10771354554272598,-0.23690769333858672,0.18532940518889915,-0.12008840068791482,True,0.0056817437759504735,cf_06,10,0.45,5.0,2709222468,0.47813962499640184
joint_subgroup,26,causal_forest,True,True,Approximate interval with subgroup covariance omitted,,0.09429925661307104,-0.02419562832509292,0.13216009644944718,-0.2832294173660094,0.23483816071582353,-0.11849488493816396,True,0.007309876900595921,cf_07,10,0.5,,2709222468,0.525848916004179
joint_subgroup,26,causal_forest,True,True,Approximate interval with subgroup covariance omitted,,0.09429925661307104,-0.02353939127210125,0.11306702865218063,-0.24515076743037528,0.19807198488617278,-0.11783864788517229,True,0.005967615252586263,cf_08,10,0.5,5.0,2709222468,0.48938525000266964
joint_subgroup,26,causal_forest,True,True,Approximate interval with subgroup covariance omitted,,0.09429925661307104,-0.024949058960196502,0.09957953307245276,-0.2201249437822039,0.1702268258618109,-0.11924831557326754,True,0.004497913622052104,cf_09,20,0.45,,2709222468,0.46103274999768473
joint_subgroup,26,causal_forest,True,True,Approximate interval with subgroup covariance omitted,,0.09429925661307104,-0.02445303177326319,0.09750375593264649,-0.2155603934012503,0.16665432985472392,-0.11875228838633423,True,0.0043866456519774675,cf_10,20,0.45,5.0,2709222468,0.45488391700200737
joint_subgroup,26,causal_forest,True,True,Approximate interval with subgroup covariance omitted,,0.09429925661307104,-0.023825653508510958,0.10775974491625964,-0.23503475354437986,0.18738344652735794,-0.118124910121582,True,0.004895084789687807,cf_11,20,0.5,,2709222468,0.47379741599434055
joint_subgroup,26,causal_forest,True,True,Approximate interval with subgroup covariance omitted,,0.09429925661307104,-0.022867442097083024,0.1039051584333402,-0.2265215526264298,0.18078666843226376,-0.11716669871015406,True,0.0047030868843962745,cf_12,20,0.5,5.0,2709222468,0.4684141250036191
joint_subgroup,27,causal_forest,True,True,Approximate interval with subgroup covariance omitted,,0.09429925661307104,0.11038758307049934,0.14747815687799576,-0.17866960441037233,0.399444770551371,0.016088326457428304,True,0.006527911761078402,cf_01,5,0.45,,3063155351,0.5503707910029334
joint_subgroup,27,causal_forest,True,True,Approximate interval with subgroup covariance omitted,,0.09429925661307104,0.08713169738703186,0.10637445782439212,-0.12136223994877668,0.2956256347228404,-0.007167559226039177,True,0.0030541976600483352,cf_02,5,0.45,5.0,3063155351,0.4909440409974195
joint_subgroup,27,causal_forest,True,True,Approximate interval with subgroup covariance omitted,,0.09429925661307104,0.10470816408989914,0.15495172160352982,-0.1989972102530193,0.4084135384328176,0.0104089074768281,True,0.007384546180447448,cf_03,5,0.5,,3063155351,0.5766926659998717
joint_subgroup,27,causal_forest,True,True,Approximate interval with subgroup covariance omitted,,0.09429925661307104,0.08143554086547689,0.10858792127491054,-0.13139678483334777,0.29426786656430154,-0.012863715747594151,True,0.0030526376452040455,cf_04,5,0.5,5.0,3063155351,0.5022814999974798
joint_subgroup,27,causal_forest,True,True,Approximate interval with subgroup covariance omitted,,0.09429925661307104,0.08996434395672204,0.11824947362229819,-0.1418046243429824,0.3217333122564265,-0.004334912656348999,True,0.0036534121989441307,cf_05,10,0.45,,3063155351,0.5081979580063489
joint_subgroup,27,causal_forest,True,True,Approximate interval with subgroup covariance omitted,,0.09429925661307104,0.08097274510042984,0.09965465131808385,-0.1143503714830145,0.2762958616838742,-0.013326511512641193,True,0.0024995145285991857,cf_06,10,0.45,5.0,3063155351,0.47787970900390064
joint_subgroup,27,causal_forest,True,True,Approximate interval with subgroup covariance omitted,,0.09429925661307104,0.092074442148257,0.12753616798395648,-0.15789644710029768,0.3420453313968117,-0.00222481446481404,True,0.004379428850914282,cf_07,10,0.5,,3063155351,0.5323985420036479
joint_subgroup,27,causal_forest,True,True,Approximate interval with subgroup covariance omitted,,0.09429925661307104,0.07639968675841546,0.10743297919781625,-0.13416895246930438,0.2869683259861353,-0.017899569854655573,True,0.0026398953419024215,cf_08,10,0.5,5.0,3063155351,0.49134804099594476
joint_subgroup,27,causal_forest,True,True,Approximate interval with subgroup covariance omitted,,0.09429925661307104,0.07132678868364195,0.0909282024516973,-0.10689248812168475,0.24954606548896865,-0.022972467929429086,True,0.002152908637560277,cf_09,20,0.45,,3063155351,0.4616477500021574
joint_subgroup,27,causal_forest,True,True,Approximate interval with subgroup covariance omitted,,0.09429925661307104,0.06926916790036797,0.08912552821954135,-0.10541686740993308,0.24395520321066902,-0.02503008871270307,True,0.0019987517535418873,cf_10,20,0.45,5.0,3063155351,0.4674100839984021
joint_subgroup,27,causal_forest,True,True,Approximate interval with subgroup covariance omitted,,0.09429925661307104,0.07340852332752512,0.10016259663680352,-0.12291016608060978,0.26972721273566,-0.020890733285545915,True,0.002128396127963043,cf_11,20,0.5,,3063155351,0.4773860000059358
joint_subgroup,27,causal_forest,True,True,Approximate interval with subgroup covariance omitted,,0.09429925661307104,0.07016555073843855,0.09521517885342065,-0.11645619981426591,0.256787301291143,-0.024133705874632483,True,0.001883631603432879,cf_12,20,0.5,5.0,3063155351,0.4705291659993236
joint_subgroup,28,causal_forest,True,True,Approximate interval with subgroup covariance omitted,,0.09429925661307104,0.0023009685754360465,0.16140480009974265,-0.3140524396200595,0.3186543767709316,-0.09199828803763499,True,0.009018557949841771,cf_01,5,0.45,,1350908068,0.5532868329974008
joint_subgroup,28,causal_forest,True,True,Approximate interval with subgroup covariance omitted,,0.09429925661307104,-0.0031660989765170955,0.11399832896281963,-0.22660282374364354,0.22027062579060935,-0.09746535558958813,True,0.004594950762799248,cf_02,5,0.45,5.0,1350908068,0.48929512500035344
joint_subgroup,28,causal_forest,True,True,Approximate interval with subgroup covariance omitted,,0.09429925661307104,-0.007400966373414808,0.15748700052142037,-0.3160754873953987,0.3012735546485691,-0.10170022298648584,True,0.010274154676378043,cf_03,5,0.5,,1350908068,0.578946708003059
joint_subgroup,28,causal_forest,True,True,Approximate interval with subgroup covariance omitted,,0.09429925661307104,-0.002633784254268523,0.10809601261591018,-0.21450196898145246,0.20923440047291542,-0.09693304086733956,True,0.004687988566377465,cf_04,5,0.5,5.0,1350908068,0.5043024580008932
joint_subgroup,28,causal_forest,True,True,Approximate interval with subgroup covariance omitted,,0.09429925661307104,-0.000439022474957973,0.13182315675977294,-0.2588124097241129,0.25793436477419696,-0.09473827908802901,True,0.005707988581135629,cf_05,10,0.45,,1350908068,0.5085468750039581
joint_subgroup,28,causal_forest,True,True,Approximate interval with subgroup covariance omitted,,0.09429925661307104,0.00010866001327025643,0.10950826631824241,-0.21452754197048488,0.2147448619970254,-0.09419059659980078,True,0.004032502009776236,cf_06,10,0.45,5.0,1350908068,0.48099458300566766
joint_subgroup,28,causal_forest,True,True,Approximate interval with subgroup covariance omitted,,0.09429925661307104,-0.004165616997634403,0.12158759633584643,-0.24247730581589338,0.23414607182062458,-0.09846487361070544,True,0.006816581693691987,cf_07,10,0.5,,1350908068,0.5291777089951211
joint_subgroup,28,causal_forest,True,True,Approximate interval with subgroup covariance omitted,,0.09429925661307104,-0.000775387470775879,0.09892723523482692,-0.19467276853103666,0.1931219935894849,-0.09507464408384692,True,0.00438177804837113,cf_08,10,0.5,5.0,1350908068,0.4917093750045751
joint_subgroup,28,causal_forest,True,True,Approximate interval with subgroup covariance omitted,,0.09429925661307104,1.133561385335824e-05,0.09769552559822425,-0.19147189455866617,0.1914945657863729,-0.09428792099921768,True,0.003491202448014223,cf_09,20,0.45,,1350908068,0.4662703750000219
joint_subgroup,28,causal_forest,True,True,Approximate interval with subgroup covariance omitted,,0.09429925661307104,-0.00037104199312565367,0.09410766913763194,-0.18482207350288424,0.18407998951663293,-0.09467029860619669,True,0.0032887823492203667,cf_10,20,0.45,5.0,1350908068,0.45651741699839476
joint_subgroup,28,causal_forest,True,True,Approximate interval with subgroup covariance omitted,,0.09429925661307104,0.0018020297067613544,0.09718152407061878,-0.18867375747165144,0.19227781688517415,-0.09249722690630968,True,0.0039714164333705506,cf_11,20,0.5,,1350908068,0.4833743749986752
joint_subgroup,28,causal_forest,True,True,Approximate interval with subgroup covariance omitted,,0.09429925661307104,0.002177108692281382,0.0938724126361433,-0.18181282007455946,0.18616703745912222,-0.09212214792078965,True,0.003556912428370577,cf_12,20,0.5,5.0,1350908068,0.46759916699375026
joint_subgroup,29,causal_forest,True,True,Approximate interval with subgroup covariance omitted,,0.09429925661307104,0.13122855086947083,0.14661971033883361,-0.15614608139464303,0.4186031831335847,0.03692929425639979,True,0.01079210716956005,cf_01,5,0.45,,3124931217,0.545228707997012
joint_subgroup,29,causal_forest,True,True,Approximate interval with subgroup covariance omitted,,0.09429925661307104,0.11089766341353158,0.11543451991338352,-0.11535399561670012,0.3371493224437633,0.01659840680046054,True,0.005712751373437312,cf_02,5,0.45,5.0,3124931217,0.4942919999957667
joint_subgroup,29,causal_forest,True,True,Approximate interval with subgroup covariance omitted,,0.09429925661307104,0.1127202803901195,0.15927374855495247,-0.19945626677758732,0.4248968275578263,0.018421023777048462,True,0.011298780639323812,cf_03,5,0.5,,3124931217,0.5849105000015697
joint_subgroup,29,causal_forest,True,True,Approximate interval with subgroup covariance omitted,,0.09429925661307104,0.09224388994866217,0.11624441849548646,-0.1355951703024913,0.32008295019981564,-0.002055366664408864,True,0.005383419567053185,cf_04,5,0.5,5.0,3124931217,0.505990917001327
joint_subgroup,29,causal_forest,True,True,Approximate interval with subgroup covariance omitted,,0.09429925661307104,0.10977665770548428,0.12562185137462956,-0.13644217098878964,0.3559954863997582,0.015477401092413245,True,0.006763078220279345,cf_05,10,0.45,,3124931217,0.5046250840023276
joint_subgroup,29,causal_forest,True,True,Approximate interval with subgroup covariance omitted,,0.09429925661307104,0.10064745235935701,0.11118497888300516,-0.11727510625133308,0.3185700109700471,0.006348195746285978,True,0.004896772625531078,cf_06,10,0.45,5.0,3124931217,0.47676883399981307
joint_subgroup,29,causal_forest,True,True,Approximate interval with subgroup covariance omitted,,0.09429925661307104,0.10115461994814234,0.12518572190648897,-0.14420939498857602,0.3465186348848607,0.006855363335071307,True,0.007039881232722106,cf_07,10,0.5,,3124931217,0.5307927499961806
joint_subgroup,29,causal_forest,True,True,Approximate interval with subgroup covariance omitted,,0.09429925661307104,0.09046370804629922,0.10835710760753997,-0.12191622286447912,0.30284363895707755,-0.003835548566771818,True,0.004717316734602603,cf_08,10,0.5,5.0,3124931217,0.4918022919955547
joint_subgroup,29,causal_forest,True,True,Approximate interval with subgroup covariance omitted,,0.09429925661307104,0.09451182118461665,0.09441697746545037,-0.09054545464766608,0.27956909701689936,0.0002125645715456148,True,0.0039127117336993445,cf_09,20,0.45,,3124931217,0.4621657090028748
joint_subgroup,29,causal_forest,True,True,Approximate interval with subgroup covariance omitted,,0.09429925661307104,0.0932557849938015,0.09265698341653619,-0.08835190250260944,0.2748634724902124,-0.0010434716192695426,True,0.00361068980577682,cf_10,20,0.45,5.0,3124931217,0.4566251670039492
joint_subgroup,29,causal_forest,True,True,Approximate interval with subgroup covariance omitted,,0.09429925661307104,0.08922277874703222,0.10156648977565629,-0.1098475412132541,0.28829309870731856,-0.00507647786603882,True,0.004164564146470937,cf_11,20,0.5,,3124931217,0.4774299999990035
joint_subgroup,29,causal_forest,True,True,Approximate interval with subgroup covariance omitted,,0.09429925661307104,0.08728363482849633,0.09681784416032618,-0.102479339725743,0.2770466093827356,-0.00701562178457471,True,0.0038022113326196,cf_12,20,0.5,5.0,3124931217,0.47126483299507527
joint_subgroup,30,causal_forest,True,True,Approximate interval with subgroup covariance omitted,,0.09429925661307104,-0.0509384647290857,0.1499204526235418,-0.34478255187122764,0.24290562241305624,-0.14523772134215673,True,0.014456249991397503,cf_01,5,0.45,,2454976762,0.5524900000018533
joint_subgroup,30,causal_forest,True,True,Approximate interval with subgroup covariance omitted,,0.09429925661307104,-0.03709748543045943,0.11085460760017828,-0.25437251632680885,0.18017754546589,-0.13139674204353047,True,0.007893010105046094,cf_02,5,0.45,5.0,2454976762,0.49274645900004543
joint_subgroup,30,causal_forest,True,True,Approximate interval with subgroup covariance omitted,,0.09429925661307104,-0.05061287744262005,0.16716149698499375,-0.3782494115332078,0.2770236566479677,-0.1449121340556911,True,0.01703159838833009,cf_03,5,0.5,,2454976762,0.5803819579959963
joint_subgroup,30,causal_forest,True,True,Approximate interval with subgroup covariance omitted,,0.09429925661307104,-0.0373214265656196,0.1236320221122374,-0.2796401899056049,0.20499733677436568,-0.13162068317869063,True,0.008863986720928878,cf_04,5,0.5,5.0,2454976762,0.5034378749987809
joint_subgroup,30,causal_forest,True,True,Approximate interval with subgroup covariance omitted,,0.09429925661307104,-0.048269732498089024,0.12041258431619346,-0.2842783977578282,0.18773893276165016,-0.14256898911116006,True,0.010125125279927729,cf_05,10,0.45,,2454976762,0.5233319170001778
joint_subgroup,30,causal_forest,True,True,Approximate interval with subgroup covariance omitted,,0.09429925661307104,-0.037904997138130614,0.10054342363192491,-0.23497010745670344,0.1591601131804422,-0.13220425375120165,True,0.007285440250738884,cf_06,10,0.45,5.0,2454976762,0.480329250000068
joint_subgroup,30,causal_forest,True,True,Approximate interval with subgroup covariance omitted,,0.09429925661307104,-0.04894647096428145,0.13770284277123104,-0.3188440427958943,0.22095110086733138,-0.1432457275773525,True,0.01156004204533589,cf_07,10,0.5,,2454976762,0.5345295839942992
joint_subgroup,30,causal_forest,True,True,Approximate interval with subgroup covariance omitted,,0.09429925661307104,-0.03978740477068149,0.11984792451396692,-0.27468933681805663,0.19511452727669368,-0.13408666138375253,True,0.00836001451741367,cf_08,10,0.5,5.0,2454976762,0.4973928750041523
joint_subgroup,30,causal_forest,True,True,Approximate interval with subgroup covariance omitted,,0.09429925661307104,-0.04311277926082674,0.0914960856860451,-0.22244510720547514,0.13621954868382166,-0.13741203587389778,True,0.007499100052902275,cf_09,20,0.45,,2454976762,0.46375204200012377
joint_subgroup,30,causal_forest,True,True,Approximate interval with subgroup covariance omitted,,0.09429925661307104,-0.042119198827295534,0.08779586566861851,-0.21419909553778782,0.12996069788319675,-0.13641845544036657,True,0.0071870551389015954,cf_10,20,0.45,5.0,2454976762,0.4565871250015334
joint_subgroup,30,causal_forest,True,True,Approximate interval with subgroup covariance omitted,,0.09429925661307104,-0.046083586960313505,0.1104507324426774,-0.2625670225479612,0.1703998486273342,-0.14038284357338454,True,0.007978614209190887,cf_11,20,0.5,,2454976762,0.48006395799893653
joint_subgroup,30,causal_forest,True,True,Approximate interval with subgroup covariance omitted,,0.09429925661307104,-0.0440476649982377,0.10723367458727401,-0.25422566718929474,0.16613033719281936,-0.13834692161130874,True,0.007370039817024937,cf_12,20,0.5,5.0,2454976762,0.4715874579997035
published_scenario,1,causal_forest,True,True,Approximate interval with subgroup covariance omitted,,-0.1766478682072401,-0.010481304910639033,0.14715757065612664,-0.29891014339664723,0.27794753357536917,0.16616656329660107,True,0.01047188349370465,cf_01,5,0.45,,25898419,0.6376799159988877
published_scenario,1,causal_forest,True,True,Approximate interval with subgroup covariance omitted,,-0.1766478682072401,0.006767261992228657,0.11861729057761664,-0.22572262753989994,0.23925715152435725,0.18341513019946876,True,0.006384983156202717,cf_02,5,0.45,5.0,25898419,0.49052512500202283
published_scenario,1,causal_forest,True,True,Approximate interval with subgroup covariance omitted,,-0.1766478682072401,-0.010150264846336743,0.1679688929989279,-0.3393692951242354,0.31906876543156193,0.16649760336090336,True,0.012172953710245423,cf_03,5,0.5,,25898419,0.5762738749981509
published_scenario,1,causal_forest,True,True,Approximate interval with subgroup covariance omitted,,-0.1766478682072401,0.0010230768940265866,0.13465746193622688,-0.2629055485009781,0.26495170228903125,0.1776709451012667,True,0.006893360025421629,cf_04,5,0.5,5.0,25898419,0.5042628750015865
published_scenario,1,causal_forest,True,True,Approximate interval with subgroup covariance omitted,,-0.1766478682072401,-0.0035461477259612906,0.12168179485867618,-0.24204246564896661,0.23495017019704403,0.1731017204812788,True,0.007739024152374043,cf_05,10,0.45,,25898419,0.505453582998598
published_scenario,1,causal_forest,True,True,Approximate interval with subgroup covariance omitted,,-0.1766478682072401,0.00024721250643933157,0.10763396748399998,-0.21071536376220062,0.2112097887750793,0.17689508071367943,True,0.006053461042452809,cf_06,10,0.45,5.0,25898419,0.48149658300098963
published_scenario,1,causal_forest,True,True,Approximate interval with subgroup covariance omitted,,-0.1766478682072401,-0.0048373279179961814,0.1383044367714495,-0.27591402399003717,0.2662393681540448,0.17181054028924392,True,0.00812813630094442,cf_07,10,0.5,,25898419,0.5265693750043283
published_scenario,1,causal_forest,True,True,Approximate interval with subgroup covariance omitted,,-0.1766478682072401,-0.006626363221200471,0.12549316255255946,-0.252592961824217,0.23934023538181606,0.17002150498603963,True,0.006206380791963806,cf_08,10,0.5,5.0,25898419,0.4929428329996881
published_scenario,1,causal_forest,True,True,Approximate interval with subgroup covariance omitted,,-0.1766478682072401,-0.005069686706652976,0.09706796743687587,-0.1953229028829297,0.18518352946962374,0.17157818150058712,True,0.005820993100600779,cf_09,20,0.45,,25898419,0.4636869999958435
published_scenario,1,causal_forest,True,True,Approximate interval with subgroup covariance omitted,,-0.1766478682072401,-0.004576146328664876,0.09562501527934529,-0.19200117627618163,0.18284888361885188,0.17207172187857522,True,0.005551151842582363,cf_10,20,0.45,5.0,25898419,0.45760962500207825
published_scenario,1,causal_forest,True,True,Approximate interval with subgroup covariance omitted,,-0.1766478682072401,-0.007693739171615865,0.11110332218610303,-0.22545625065637778,0.21006877231314605,0.16895412903562423,True,0.006011026669624299,cf_11,20,0.5,,25898419,0.4940294160041958
published_scenario,1,causal_forest,True,True,Approximate interval with subgroup covariance omitted,,-0.1766478682072401,-0.009421435690057156,0.10758883855504317,-0.22029555925794175,0.20145268787782744,0.16722643251718294,True,0.005595426303875135,cf_12,20,0.5,5.0,25898419,0.4714988749983604
published_scenario,2,causal_forest,True,True,Approximate interval with subgroup covariance omitted,,-0.1766478682072401,-0.18367438454330198,0.16412641852514942,-0.5053621648525948,0.13801339576599087,-0.007026516336061883,True,0.012866964321456406,cf_01,5,0.45,,2860141006,0.5601314590021502
published_scenario,2,causal_forest,True,True,Approximate interval with subgroup covariance omitted,,-0.1766478682072401,-0.16987631163536393,0.14413684351247877,-0.4523845249198223,0.11263190164909442,0.0067715565718761694,True,0.00822229100166439,cf_02,5,0.45,5.0,2860141006,0.49686462500540074
published_scenario,2,causal_forest,True,True,Approximate interval with subgroup covariance omitted,,-0.1766478682072401,-0.21507832611159322,0.18279278622274225,-0.573352187108168,0.1431955348849816,-0.03843045790435312,True,0.01386739677469383,cf_03,5,0.5,,2860141006,0.5844764170033159
published_scenario,2,causal_forest,True,True,Approximate interval with subgroup covariance omitted,,-0.1766478682072401,-0.18492333619465812,0.15962779255161916,-0.49779380959583164,0.1279471372065154,-0.008275467987418017,True,0.008621992802553801,cf_04,5,0.5,5.0,2860141006,0.5100872909970349
published_scenario,2,causal_forest,True,True,Approximate interval with subgroup covariance omitted,,-0.1766478682072401,-0.1643899581529209,0.13841156572560911,-0.4356766269751148,0.10689671066927298,0.012257910054319199,True,0.009864633528871295,cf_05,10,0.45,,2860141006,0.5166072499996517
published_scenario,2,causal_forest,True,True,Approximate interval with subgroup covariance omitted,,-0.1766478682072401,-0.15836769623374025,0.12959953766453727,-0.4123827900562333,0.09564739758875279,0.018280171973499848,True,0.007946156109772657,cf_06,10,0.45,5.0,2860141006,0.4910440829989966
published_scenario,2,causal_forest,True,True,Approximate interval with subgroup covariance omitted,,-0.1766478682072401,-0.17968114510710076,0.14628996993828644,-0.4664094861861422,0.10704719597194068,-0.0030332768998606596,True,0.010863132107063639,cf_07,10,0.5,,2860141006,0.5391526249950402
published_scenario,2,causal_forest,True,True,Approximate interval with subgroup covariance omitted,,-0.1766478682072401,-0.16664411022468478,0.13844548394982661,-0.43799725876634493,0.10470903831697537,0.010003757982555317,True,0.008564331339789597,cf_08,10,0.5,5.0,2860141006,0.4977754999999888
published_scenario,2,causal_forest,True,True,Approximate interval with subgroup covariance omitted,,-0.1766478682072401,-0.11842428106260683,0.11167656607584213,-0.3373103505712574,0.10046178844604375,0.05822358714463327,True,0.008531554703722263,cf_09,20,0.45,,2860141006,0.46893445800378686
published_scenario,2,causal_forest,True,True,Approximate interval with subgroup covariance omitted,,-0.1766478682072401,-0.1174894507401868,0.10968794437675601,-0.3324778217186286,0.09749892023825499,0.059158417467053304,True,0.008050477810013066,cf_10,20,0.45,5.0,2860141006,0.4624474169977475
published_scenario,2,causal_forest,True,True,Approximate interval with subgroup covariance omitted,,-0.1766478682072401,-0.1448554682504939,0.11196276658713979,-0.36430249076128784,0.07459155426030009,0.03179239995674621,True,0.008735726115972838,cf_11,20,0.5,,2860141006,0.48766833300032886
published_scenario,2,causal_forest,True,True,Approximate interval with subgroup covariance omitted,,-0.1766478682072401,-0.14162707199118968,0.110709798217513,-0.35861827649751515,0.0753641325151358,0.03502079621605042,True,0.00833635458138723,cf_12,20,0.5,5.0,2860141006,0.47722533300111536
published_scenario,3,causal_forest,True,True,Approximate interval with subgroup covariance omitted,,-0.1766478682072401,-0.20943359679425322,0.19045032494796807,-0.5827162336922707,0.16384904010376417,-0.03278572858701312,True,0.014397673334963048,cf_01,5,0.45,,2022032537,0.5623255000027712
published_scenario,3,causal_forest,True,True,Approximate interval with subgroup covariance omitted,,-0.1766478682072401,-0.20043178790100086,0.16132456848616572,-0.5166279421338857,0.11576436633188397,-0.023783919693760758,True,0.008371364286232618,cf_02,5,0.45,5.0,2022032537,0.48845354100194527
published_scenario,3,causal_forest,True,True,Approximate interval with subgroup covariance omitted,,-0.1766478682072401,-0.2356140391952385,0.202499851180044,-0.6325137475081247,0.16128566911764775,-0.05896617098799839,True,0.0162558725964341,cf_03,5,0.5,,2022032537,0.5872827920029522
published_scenario,3,causal_forest,True,True,Approximate interval with subgroup covariance omitted,,-0.1766478682072401,-0.22164859221018768,0.18073510743141483,-0.5758894027757607,0.13259221835538537,-0.04500072400294758,True,0.008659151124598466,cf_04,5,0.5,5.0,2022032537,0.5148061660001986
published_scenario,3,causal_forest,True,True,Approximate interval with subgroup covariance omitted,,-0.1766478682072401,-0.18760049739398482,0.160769083348168,-0.5027079007563942,0.12750690596842446,-0.010952629186744722,True,0.010231858292642693,cf_05,10,0.45,,2022032537,0.5155040409954381
published_scenario,3,causal_forest,True,True,Approximate interval with subgroup covariance omitted,,-0.1766478682072401,-0.1794686705245921,0.14788760244438548,-0.46932837131558763,0.11039103026640346,-0.002820802317351989,True,0.008200276474092324,cf_06,10,0.45,5.0,2022032537,0.4780706659948919
published_scenario,3,causal_forest,True,True,Approximate interval with subgroup covariance omitted,,-0.1766478682072401,-0.20754610788367028,0.16656434440125897,-0.5340122229101378,0.11892000714279732,-0.030898239676430184,True,0.010410036172492277,cf_07,10,0.5,,2022032537,0.5347720830031903
published_scenario,3,causal_forest,True,True,Approximate interval with subgroup covariance omitted,,-0.1766478682072401,-0.20074378334021942,0.15506645474789454,-0.5046740346460927,0.1031864679656539,-0.024095915132979318,True,0.007819448044471622,cf_08,10,0.5,5.0,2022032537,0.48895570899912855
published_scenario,3,causal_forest,True,True,Approximate interval with subgroup covariance omitted,,-0.1766478682072401,-0.17145768556300278,0.12853405948340713,-0.42338444215048077,0.0804690710244752,0.005190182644237318,True,0.007256863480794016,cf_09,20,0.45,,2022032537,0.4660713749981369
published_scenario,3,causal_forest,True,True,Approximate interval with subgroup covariance omitted,,-0.1766478682072401,-0.16792636544588063,0.12613907570115868,-0.41515895382015167,0.07930622292839037,0.008721502761359468,True,0.006852405512310876,cf_10,20,0.45,5.0,2022032537,0.45849154199822806
published_scenario,3,causal_forest,True,True,Approximate interval with subgroup covariance omitted,,-0.1766478682072401,-0.1881386962747083,0.1348142937335062,-0.45237471199238044,0.07609731944296383,-0.011490828067468206,True,0.008080414661791092,cf_11,20,0.5,,2022032537,0.4838186670021969
published_scenario,3,causal_forest,True,True,Approximate interval with subgroup covariance omitted,,-0.1766478682072401,-0.18450958771764642,0.13441935093599036,-0.4479715155521875,0.07895234011689467,-0.007861719510406318,True,0.007469216725006911,cf_12,20,0.5,5.0,2022032537,0.4736961659946246
published_scenario,4,causal_forest,True,True,Approximate interval with subgroup covariance omitted,,-0.1766478682072401,-0.12901296054121597,0.16320408662264854,-0.44889297032160713,0.1908670492391752,0.04763490766602413,True,0.013330498919433872,cf_01,5,0.45,,3360635865,0.5569475419979426
published_scenario,4,causal_forest,True,True,Approximate interval with subgroup covariance omitted,,-0.1766478682072401,-0.10861292603509415,0.13560152660358185,-0.37439191817811457,0.15716606610792627,0.06803494217214595,True,0.007965195584483123,cf_02,5,0.45,5.0,3360635865,0.495431750001444
published_scenario,4,causal_forest,True,True,Approximate interval with subgroup covariance omitted,,-0.1766478682072401,-0.12453858510343813,0.15964388635312152,-0.4374406023555563,0.18836343214868007,0.05210928310380197,True,0.015144673265222114,cf_03,5,0.5,,3360635865,0.582278416994086
published_scenario,4,causal_forest,True,True,Approximate interval with subgroup covariance omitted,,-0.1766478682072401,-0.10526844911911548,0.12782882021092845,-0.3558129367325352,0.14527603849430426,0.07137941908812462,True,0.00820402149109131,cf_04,5,0.5,5.0,3360635865,0.507809750000888
published_scenario,4,causal_forest,True,True,Approximate interval with subgroup covariance omitted,,-0.1766478682072401,-0.11468649095297584,0.12780156280471916,-0.3651775540502254,0.13580457214427372,0.06196137725426426,True,0.009632965310259973,cf_05,10,0.45,,3360635865,0.5132769589981763
published_scenario,4,causal_forest,True,True,Approximate interval with subgroup covariance omitted,,-0.1766478682072401,-0.1047291131520352,0.11557516382607211,-0.3312564342511365,0.12179820794706611,0.0719187550552049,True,0.007414793539397935,cf_06,10,0.45,5.0,3360635865,0.4865592089990969
published_scenario,4,causal_forest,True,True,Approximate interval with subgroup covariance omitted,,-0.1766478682072401,-0.11864892296348006,0.1323110462191981,-0.3779785735531083,0.1406807276261482,0.057998945243760036,True,0.010890974242805981,cf_07,10,0.5,,3360635865,0.5342857079958776
published_scenario,4,causal_forest,True,True,Approximate interval with subgroup covariance omitted,,-0.1766478682072401,-0.10572754398425477,0.12034438704817393,-0.3416025425986757,0.13014745463016614,0.07092032422298533,True,0.007701478739267306,cf_08,10,0.5,5.0,3360635865,0.4976868750018184
published_scenario,4,causal_forest,True,True,Approximate interval with subgroup covariance omitted,,-0.1766478682072401,-0.10108318569288272,0.09872369207690436,-0.2945816221636153,0.09241525077784982,0.07556468251435738,True,0.007502054564771843,cf_09,20,0.45,,3360635865,0.46823795799718937
published_scenario,4,causal_forest,True,True,Approximate interval with subgroup covariance omitted,,-0.1766478682072401,-0.09739323248342413,0.09482087148833457,-0.28324214060055986,0.08845567563371162,0.07925463572381597,True,0.00708645285117337,cf_10,20,0.45,5.0,3360635865,0.47360254199884366
published_scenario,4,causal_forest,True,True,Approximate interval with subgroup covariance omitted,,-0.1766478682072401,-0.09711620494475742,0.10132298968281975,-0.2957092647230841,0.10147685483356927,0.07953166326248268,True,0.00824075534823028,cf_11,20,0.5,,3360635865,0.4850248750008177
published_scenario,4,causal_forest,True,True,Approximate interval with subgroup covariance omitted,,-0.1766478682072401,-0.09363249791250605,0.09865238591633645,-0.2869911743085255,0.09972617848351337,0.08301537029473405,True,0.007497672894845184,cf_12,20,0.5,5.0,3360635865,0.4763453749983455
published_scenario,5,causal_forest,True,True,Approximate interval with subgroup covariance omitted,,-0.1766478682072401,-0.32380816699663795,0.183740746079181,-0.6839400293118327,0.03632369531855684,-0.14716029878939785,True,0.012337441755907669,cf_01,5,0.45,,3369272816,0.572714250003628
published_scenario,5,causal_forest,True,True,Approximate interval with subgroup covariance omitted,,-0.1766478682072401,-0.2865020345252872,0.15245675984850277,-0.5853172838283527,0.012313214777778192,-0.10985416631804712,True,0.006913653807262293,cf_02,5,0.45,5.0,3369272816,0.49594570800400106
published_scenario,5,causal_forest,True,True,Approximate interval with subgroup covariance omitted,,-0.1766478682072401,-0.33076098591313574,0.19364656847026762,-0.7103082601148603,0.048786288288588775,-0.15411311770589564,True,0.013147882149758835,cf_03,5,0.5,,3369272816,0.6013210419987445
published_scenario,5,causal_forest,True,True,Approximate interval with subgroup covariance omitted,,-0.1766478682072401,-0.29079341231083344,0.16634187356174554,-0.6168234844918548,0.035236659870187814,-0.11414554410359334,True,0.007520847904362761,cf_04,5,0.5,5.0,3369272816,0.5101716249992023
published_scenario,5,causal_forest,True,True,Approximate interval with subgroup covariance omitted,,-0.1766478682072401,-0.29193992860356394,0.16584957431231,-0.6170050942556915,0.03312523704856368,-0.11529206039632384,True,0.007330963358213693,cf_05,10,0.45,,3369272816,0.5211989160015946
published_scenario,5,causal_forest,True,True,Approximate interval with subgroup covariance omitted,,-0.1766478682072401,-0.273695906954084,0.15732997669238202,-0.5820626612711528,0.03467084736298476,-0.09704803874684392,True,0.005775439111292523,cf_06,10,0.45,5.0,3369272816,0.48258116700162645
published_scenario,5,causal_forest,True,True,Approximate interval with subgroup covariance omitted,,-0.1766478682072401,-0.2956328846873802,0.15632521640226502,-0.6020303088358196,0.010764539461059208,-0.1189850164801401,True,0.008043319623691208,cf_07,10,0.5,,3369272816,0.5458727910008747
published_scenario,5,causal_forest,True,True,Approximate interval with subgroup covariance omitted,,-0.1766478682072401,-0.28158791976204856,0.14686964987266454,-0.5694524335124711,0.006276593988373935,-0.10494005155480846,True,0.0062994119057069005,cf_08,10,0.5,5.0,3369272816,0.5008196249982575
published_scenario,5,causal_forest,True,True,Approximate interval with subgroup covariance omitted,,-0.1766478682072401,-0.24137194679879348,0.144657634876934,-0.5249009111575842,0.04215701755999718,-0.06472407859155338,True,0.005354194559932827,cf_09,20,0.45,,3369272816,0.4749525419974816
published_scenario,5,causal_forest,True,True,Approximate interval with subgroup covariance omitted,,-0.1766478682072401,-0.2394736068310263,0.14194906351984243,-0.5176937713299175,0.038746557667864834,-0.06282573862378621,True,0.005179111694778343,cf_10,20,0.45,5.0,3369272816,0.46524283300095703
published_scenario,5,causal_forest,True,True,Approximate interval with subgroup covariance omitted,,-0.1766478682072401,-0.24176239548432094,0.13775985579189118,-0.5117717128364276,0.028246921867785768,-0.06511452727708084,True,0.0057088858536692155,cf_11,20,0.5,,3369272816,0.4928748749953229
published_scenario,5,causal_forest,True,True,Approximate interval with subgroup covariance omitted,,-0.1766478682072401,-0.23912665924621024,0.13520309484579043,-0.5041247251439596,0.02587140665153903,-0.06247879103897014,True,0.005378690964599103,cf_12,20,0.5,5.0,3369272816,0.4793520829989575
published_scenario,6,causal_forest,True,True,Approximate interval with subgroup covariance omitted,,-0.1766478682072401,-0.06819795922576738,0.16192747300460755,-0.38557580631479815,0.2491798878632634,0.10844990898147272,True,0.010491735792764117,cf_01,5,0.45,,646722519,0.5477229589960189
published_scenario,6,causal_forest,True,True,Approximate interval with subgroup covariance omitted,,-0.1766478682072401,-0.053013629079924185,0.12569781847775197,-0.29938135329631804,0.19335409513646967,0.12363423912731591,True,0.006858511814468125,cf_02,5,0.45,5.0,646722519,0.49587125000107335
published_scenario,6,causal_forest,True,True,Approximate interval with subgroup covariance omitted,,-0.1766478682072401,-0.05005860441032589,0.16521560870333418,-0.3738811974688609,0.2737639886482091,0.1265892637969142,True,0.011593140755629141,cf_03,5,0.5,,646722519,0.590815957999439
published_scenario,6,causal_forest,True,True,Approximate interval with subgroup covariance omitted,,-0.1766478682072401,-0.03822012013328341,0.12996984725302171,-0.29296102074920594,0.21652078048263912,0.1384277480739567,True,0.006952581361133751,cf_04,5,0.5,5.0,646722519,0.5073545000050217
published_scenario,6,causal_forest,True,True,Approximate interval with subgroup covariance omitted,,-0.1766478682072401,-0.054700642431141755,0.12977406970166303,-0.3090578190464013,0.19965653418411777,0.12194722577609834,True,0.007574986112170192,cf_05,10,0.45,,646722519,0.5108848750023753
published_scenario,6,causal_forest,True,True,Approximate interval with subgroup covariance omitted,,-0.1766478682072401,-0.04515948165008621,0.11378881815483999,-0.2681855652335726,0.17786660193340018,0.1314883865571539,True,0.0063013447159116645,cf_06,10,0.45,5.0,646722519,0.4839609170012409
published_scenario,6,causal_forest,True,True,Approximate interval with subgroup covariance omitted,,-0.1766478682072401,-0.03767663547676553,0.12512551021037063,-0.28292263548909197,0.2075693645355609,0.13897123273047457,True,0.008323652733886107,cf_07,10,0.5,,646722519,0.5336591660015984
published_scenario,6,causal_forest,True,True,Approximate interval with subgroup covariance omitted,,-0.1766478682072401,-0.031999191019528306,0.1114943206103183,-0.2505280594157522,0.18652967737669557,0.1446486771877118,True,0.006412181878136856,cf_08,10,0.5,5.0,646722519,0.49829033400601475
published_scenario,6,causal_forest,True,True,Approximate interval with subgroup covariance omitted,,-0.1766478682072401,-0.04447606800313436,0.09561583668010804,-0.2318831078961461,0.14293097188987738,0.13217180020410574,True,0.005656169319361909,cf_09,20,0.45,,646722519,0.46046175000083167
published_scenario,6,causal_forest,True,True,Approximate interval with subgroup covariance omitted,,-0.1766478682072401,-0.04307656781412683,0.09534502134449133,-0.22995280964932982,0.14379967402107616,0.13357130039311327,True,0.005632137829518426,cf_10,20,0.45,5.0,646722519,0.4592024580051657
published_scenario,6,causal_forest,True,True,Approximate interval with subgroup covariance omitted,,-0.1766478682072401,-0.040296069769672926,0.10474338378395259,-0.24559310198622,0.16500096244687415,0.13635179843756717,True,0.006366704026160374,cf_11,20,0.5,,646722519,0.4824905409986968
published_scenario,6,causal_forest,True,True,Approximate interval with subgroup covariance omitted,,-0.1766478682072401,-0.03826106836616927,0.10044726457656124,-0.2351377069362293,0.15861557020389075,0.13838679984107083,True,0.006047566694254112,cf_12,20,0.5,5.0,646722519,0.47545304099912755
published_scenario,7,causal_forest,True,True,Approximate interval with subgroup covariance omitted,,-0.1766478682072401,-0.20883262666258617,0.17627886751793906,-0.5543392069977467,0.1366739536725744,-0.032184758455346074,True,0.018882021341563165,cf_01,5,0.45,,194201402,0.559822917006386
published_scenario,7,causal_forest,True,True,Approximate interval with subgroup covariance omitted,,-0.1766478682072401,-0.17998499406972585,0.1484673851332685,-0.47098106893093206,0.11101108079148037,-0.003337125862485746,True,0.01012708218087725,cf_02,5,0.45,5.0,194201402,0.49246662500081584
published_scenario,7,causal_forest,True,True,Approximate interval with subgroup covariance omitted,,-0.1766478682072401,-0.2381200489304594,0.1923368261881881,-0.6151002282593081,0.13886013039838924,-0.061472180723219305,True,0.01955760629341561,cf_03,5,0.5,,194201402,0.5870284999982687
published_scenario,7,causal_forest,True,True,Approximate interval with subgroup covariance omitted,,-0.1766478682072401,-0.2061786494865238,0.16355493551045874,-0.526746323087023,0.11438902411397533,-0.029530781279283713,True,0.009897335509653164,cf_04,5,0.5,5.0,194201402,0.5054364169991459
published_scenario,7,causal_forest,True,True,Approximate interval with subgroup covariance omitted,,-0.1766478682072401,-0.17761079502727856,0.15507172291281413,-0.48155137193639425,0.12632978188183713,-0.0009629268200384566,True,0.0118965805093031,cf_05,10,0.45,,194201402,0.5268875410038163
published_scenario,7,causal_forest,True,True,Approximate interval with subgroup covariance omitted,,-0.1766478682072401,-0.1671401678860044,0.14323251986458302,-0.4478759068205871,0.11359557104857831,0.009507700321235713,True,0.008372420709449529,cf_06,10,0.45,5.0,194201402,0.48306987500109244
published_scenario,7,causal_forest,True,True,Approximate interval with subgroup covariance omitted,,-0.1766478682072401,-0.20212247527455146,0.16643238378547728,-0.5283299474940869,0.12408499694498398,-0.02547460706731136,True,0.013041378111689105,cf_07,10,0.5,,194201402,0.5399835420030286
published_scenario,7,causal_forest,True,True,Approximate interval with subgroup covariance omitted,,-0.1766478682072401,-0.18431638421870733,0.15024228530644176,-0.4787912634193332,0.11015849498191854,-0.00766851601146723,True,0.008334890441865653,cf_08,10,0.5,5.0,194201402,0.49591558300016914
published_scenario,7,causal_forest,True,True,Approximate interval with subgroup covariance omitted,,-0.1766478682072401,-0.11533394315485052,0.13075571446636275,-0.3716151435089215,0.14094725719922047,0.061313925052389584,True,0.007391474194743285,cf_09,20,0.45,,194201402,0.4692159999976866
published_scenario,7,causal_forest,True,True,Approximate interval with subgroup covariance omitted,,-0.1766478682072401,-0.11286314882941251,0.13042899024976928,-0.3685039697189603,0.1427776720601353,0.06378471937782759,True,0.0067731945179528895,cf_10,20,0.45,5.0,194201402,0.46130737500061514
published_scenario,7,causal_forest,True,True,Approximate interval with subgroup covariance omitted,,-0.1766478682072401,-0.14118798281651812,0.126006455977179,-0.38816063653178895,0.10578467089875271,0.03545988539072198,True,0.007892590370823512,cf_11,20,0.5,,194201402,0.49097558300127275
published_scenario,7,causal_forest,True,True,Approximate interval with subgroup covariance omitted,,-0.1766478682072401,-0.13878193792583038,0.1238405927103087,-0.38150949963803543,0.10394562378637467,0.03786593028140972,True,0.007003147327145275,cf_12,20,0.5,5.0,194201402,0.4750964999984717
published_scenario,8,causal_forest,True,True,Approximate interval with subgroup covariance omitted,,-0.1766478682072401,-0.22695907716007713,0.21415537118647532,-0.6467036046855688,0.1927854503654145,-0.05031120895283703,True,0.013228692317848728,cf_01,5,0.45,,2140287985,0.5573389999990468
published_scenario,8,causal_forest,True,True,Approximate interval with subgroup covariance omitted,,-0.1766478682072401,-0.2039428654867076,0.17701551956488212,-0.5508932838338765,0.14300755286046135,-0.027294997279467492,True,0.007347667587185643,cf_02,5,0.45,5.0,2140287985,0.5794673749987851
published_scenario,8,causal_forest,True,True,Approximate interval with subgroup covariance omitted,,-0.1766478682072401,-0.22568886120643045,0.19069685614390702,-0.5994546992484882,0.14807697683562732,-0.04904099299919035,True,0.014423731645259345,cf_03,5,0.5,,2140287985,0.5820718749964726
published_scenario,8,causal_forest,True,True,Approximate interval with subgroup covariance omitted,,-0.1766478682072401,-0.19568723189421544,0.1497794241265657,-0.4892549031822842,0.09788043939385332,-0.01903936368697534,True,0.008349052398906962,cf_04,5,0.5,5.0,2140287985,0.5036962090016459
published_scenario,8,causal_forest,True,True,Approximate interval with subgroup covariance omitted,,-0.1766478682072401,-0.21277703381485524,0.15764734490332194,-0.5217658298253662,0.09621176219565575,-0.036129165607615144,True,0.008938327431467082,cf_05,10,0.45,,2140287985,0.5081719169975258
published_scenario,8,causal_forest,True,True,Approximate interval with subgroup covariance omitted,,-0.1766478682072401,-0.20250920566289238,0.14638246525636722,-0.48941883756537213,0.08440042623958738,-0.025861337455652278,True,0.007129462407442505,cf_06,10,0.45,5.0,2140287985,0.4801353750008275
published_scenario,8,causal_forest,True,True,Approximate interval with subgroup covariance omitted,,-0.1766478682072401,-0.20718845866687213,0.14369839947818452,-0.4888373216441138,0.07446040431036954,-0.030540590459632033,True,0.0096417939427202,cf_07,10,0.5,,2140287985,0.5286177499947371
published_scenario,8,causal_forest,True,True,Approximate interval with subgroup covariance omitted,,-0.1766478682072401,-0.19793968761235714,0.13454818131054236,-0.46165412298102015,0.06577474775630587,-0.02129181940511704,True,0.007765894524382171,cf_08,10,0.5,5.0,2140287985,0.49412870800006203
published_scenario,8,causal_forest,True,True,Approximate interval with subgroup covariance omitted,,-0.1766478682072401,-0.18818333346648525,0.12212484530368888,-0.42754803026171545,0.051181363328744955,-0.011535465259245148,True,0.006972762948501714,cf_09,20,0.45,,2140287985,0.46313320800254587
published_scenario,8,causal_forest,True,True,Approximate interval with subgroup covariance omitted,,-0.1766478682072401,-0.18653334542056066,0.12150213497012252,-0.4246775299620008,0.05161083912087949,-0.00988547721332056,True,0.006854171815363669,cf_10,20,0.45,5.0,2140287985,0.471709750003356
published_scenario,8,causal_forest,True,True,Approximate interval with subgroup covariance omitted,,-0.1766478682072401,-0.19489216981516128,0.12915645615306676,-0.44803882387517213,0.05825448424484958,-0.018244301607921176,True,0.007386280327939925,cf_11,20,0.5,,2140287985,0.47785804100567475
published_scenario,8,causal_forest,True,True,Approximate interval with subgroup covariance omitted,,-0.1766478682072401,-0.19259302160209857,0.1266656595565965,-0.4408577143330277,0.05567167112883056,-0.01594515339485847,True,0.00711177993187495,cf_12,20,0.5,5.0,2140287985,0.4724549169986858
published_scenario,9,causal_forest,True,True,Approximate interval with subgroup covariance omitted,,-0.1766478682072401,-0.07308349670410197,0.1658149528318507,-0.3980808042545293,0.25191381084632536,0.10356437150313813,True,0.009321298006722956,cf_01,5,0.45,,1351257726,0.5578535840031691
published_scenario,9,causal_forest,True,True,Approximate interval with subgroup covariance omitted,,-0.1766478682072401,-0.06021917001437638,0.12135879694059953,-0.2980824120179515,0.1776440719891987,0.11642869819286372,True,0.006216649942860064,cf_02,5,0.45,5.0,1351257726,0.49647099999856437
published_scenario,9,causal_forest,True,True,Approximate interval with subgroup covariance omitted,,-0.1766478682072401,-0.07558647086764575,0.1779068623660659,-0.4242839211051349,0.2731109793698434,0.10106139733959435,True,0.01067846307575743,cf_03,5,0.5,,1351257726,0.5844081249961164
published_scenario,9,causal_forest,True,True,Approximate interval with subgroup covariance omitted,,-0.1766478682072401,-0.04648386356119738,0.12394439706309764,-0.28941488180486874,0.19644715468247398,0.13016400464604272,True,0.006732544999564082,cf_04,5,0.5,5.0,1351257726,0.5177647079981398
published_scenario,9,causal_forest,True,True,Approximate interval with subgroup covariance omitted,,-0.1766478682072401,-0.06855086060934823,0.13647304759351975,-0.3360380338926469,0.19893631267395046,0.10809700759789187,True,0.0067657128002913325,cf_05,10,0.45,,1351257726,0.5132406250049826
published_scenario,9,causal_forest,True,True,Approximate interval with subgroup covariance omitted,,-0.1766478682072401,-0.05778436911429041,0.11503802848602651,-0.28325890494690237,0.16769016671832154,0.11886349909294969,True,0.00558589491472257,cf_06,10,0.45,5.0,1351257726,0.4805264999959036
published_scenario,9,causal_forest,True,True,Approximate interval with subgroup covariance omitted,,-0.1766478682072401,-0.059151050913021974,0.13703492426988595,-0.32773950248199846,0.2094374006559545,0.11749681729421813,True,0.007963282154777734,cf_07,10,0.5,,1351257726,0.534830584001611
published_scenario,9,causal_forest,True,True,Approximate interval with subgroup covariance omitted,,-0.1766478682072401,-0.04845559926884857,0.11322585322549535,-0.27037827159081945,0.1734670730531223,0.12819226893839153,True,0.006179121850914746,cf_08,10,0.5,5.0,1351257726,0.4947761669973261
published_scenario,9,causal_forest,True,True,Approximate interval with subgroup covariance omitted,,-0.1766478682072401,-0.04950433519649111,0.10213087346316659,-0.24968084718429762,0.1506721767913154,0.127143533010749,True,0.00587048162045409,cf_09,20,0.45,,1351257726,0.46767616699798964
published_scenario,9,causal_forest,True,True,Approximate interval with subgroup covariance omitted,,-0.1766478682072401,-0.047582746781537955,0.10003141686903107,-0.24364432384483883,0.14847883028176292,0.12906512142570215,True,0.0056812906541483,cf_10,20,0.45,5.0,1351257726,0.46165629199822433
published_scenario,9,causal_forest,True,True,Approximate interval with subgroup covariance omitted,,-0.1766478682072401,-0.0432489480371504,0.10992231918437792,-0.2586966936385311,0.17219879756423032,0.1333989201700897,True,0.0060160628728262765,cf_11,20,0.5,,1351257726,0.481840166998154
published_scenario,9,causal_forest,True,True,Approximate interval with subgroup covariance omitted,,-0.1766478682072401,-0.04106762771287542,0.10291338241347943,-0.2427778572432951,0.16064260181754425,0.13558024049436468,True,0.005721758490292569,cf_12,20,0.5,5.0,1351257726,0.4763924170038081
published_scenario,10,causal_forest,True,True,Approximate interval with subgroup covariance omitted,,-0.1766478682072401,-0.030083660762197706,0.14697413531073425,-0.3181529659712368,0.2579856444468414,0.1465642074450424,True,0.01182165491239389,cf_01,5,0.45,,2104931056,0.5528712919985992
published_scenario,10,causal_forest,True,True,Approximate interval with subgroup covariance omitted,,-0.1766478682072401,-0.025866107565981955,0.10924341904651526,-0.23998320889715186,0.18825099376518795,0.15078176064125814,True,0.007193234534790481,cf_02,5,0.45,5.0,2104931056,0.4921209579988499
published_scenario,10,causal_forest,True,True,Approximate interval with subgroup covariance omitted,,-0.1766478682072401,-0.0332619262372168,0.16300141274631705,-0.3527446952199982,0.2862208427455646,0.1433859419700233,True,0.01256075891242822,cf_03,5,0.5,,2104931056,0.5838920410024002
published_scenario,10,causal_forest,True,True,Approximate interval with subgroup covariance omitted,,-0.1766478682072401,-0.029011790924467373,0.12885509940749615,-0.28156778576315983,0.22354420391422508,0.14763607728277273,True,0.0071128048150128145,cf_04,5,0.5,5.0,2104931056,0.5085552500022459
published_scenario,10,causal_forest,True,True,Approximate interval with subgroup covariance omitted,,-0.1766478682072401,-0.025629208641114953,0.11574171400071809,-0.2524829680825224,0.2012245508002925,0.15101865956612515,True,0.00839045148891113,cf_05,10,0.45,,2104931056,0.5280231249998906
published_scenario,10,causal_forest,True,True,Approximate interval with subgroup covariance omitted,,-0.1766478682072401,-0.025378779472981505,0.09647895656086292,-0.21447753433227282,0.1637199753863098,0.1512690887342586,True,0.006598347923520434,cf_06,10,0.45,5.0,2104931056,0.4820618329977151
published_scenario,10,causal_forest,True,True,Approximate interval with subgroup covariance omitted,,-0.1766478682072401,-0.01819670262045181,0.12063238208377478,-0.25463617150465034,0.21824276626374675,0.1584511655867883,True,0.009686309323547727,cf_07,10,0.5,,2104931056,0.5295838750025723
published_scenario,10,causal_forest,True,True,Approximate interval with subgroup covariance omitted,,-0.1766478682072401,-0.020422778342976566,0.10611777382068832,-0.22841361503152569,0.18756805834557255,0.15622508986426353,True,0.006800682731364587,cf_08,10,0.5,5.0,2104931056,0.49548083399713505
published_scenario,10,causal_forest,True,True,Approximate interval with subgroup covariance omitted,,-0.1766478682072401,-0.013068665627799514,0.08722306795622399,-0.18402587882199853,0.1578885475663995,0.16357920257944059,True,0.005906397072686062,cf_09,20,0.45,,2104931056,0.4615576670039445
published_scenario,10,causal_forest,True,True,Approximate interval with subgroup covariance omitted,,-0.1766478682072401,-0.013119051772983004,0.08429112905330995,-0.1783296647174705,0.1520915611715045,0.1635288164342571,True,0.005767067382570886,cf_10,20,0.45,5.0,2104931056,0.4603189580011531
published_scenario,10,causal_forest,True,True,Approximate interval with subgroup covariance omitted,,-0.1766478682072401,-0.0154310915383441,0.09643243008871348,-0.2044386545122225,0.1735764714355343,0.161216776668896,True,0.0063286921844362375,cf_11,20,0.5,,2104931056,0.47959958299907157
published_scenario,10,causal_forest,True,True,Approximate interval with subgroup covariance omitted,,-0.1766478682072401,-0.014512460766750834,0.09498198585422017,-0.20067715304102238,0.1716522315075207,0.16213540744048927,True,0.006017560579838372,cf_12,20,0.5,5.0,2104931056,0.4736796659999527
published_scenario,11,causal_forest,True,True,Approximate interval with subgroup covariance omitted,,-0.1766478682072401,-0.05484166197411128,0.16812506222528176,-0.38436678393566354,0.274683459987441,0.12180620623312882,True,0.0168740540285795,cf_01,5,0.45,,1386311446,0.5506895419966895
published_scenario,11,causal_forest,True,True,Approximate interval with subgroup covariance omitted,,-0.1766478682072401,-0.04763511556762845,0.1456577543519477,-0.3331243140974459,0.23785408296218902,0.12901275263961165,True,0.012395972895215619,cf_02,5,0.45,5.0,1386311446,0.4911605419983971
published_scenario,11,causal_forest,True,True,Approximate interval with subgroup covariance omitted,,-0.1766478682072401,-0.03805895100840406,0.178763848690012,-0.38843609444082755,0.3123181924240194,0.13858891719883604,True,0.01712232798981198,cf_03,5,0.5,,1386311446,0.5819485829997575
published_scenario,11,causal_forest,True,True,Approximate interval with subgroup covariance omitted,,-0.1766478682072401,-0.031117300252856694,0.13454430901025718,-0.29482414591296074,0.23258954540724736,0.1455305679543834,True,0.011778412425153838,cf_04,5,0.5,5.0,1386311446,0.5052356669984874
published_scenario,11,causal_forest,True,True,Approximate interval with subgroup covariance omitted,,-0.1766478682072401,-0.057211772552005824,0.13679155403808316,-0.3253232184666488,0.21089967336263715,0.11943609565523428,True,0.013383254600121328,cf_05,10,0.45,,1386311446,0.5060671669998555
published_scenario,11,causal_forest,True,True,Approximate interval with subgroup covariance omitted,,-0.1766478682072401,-0.04880115717112676,0.12482804428736116,-0.2934641239743546,0.19586180963210112,0.12784671103611334,True,0.011918058279937069,cf_06,10,0.45,5.0,1386311446,0.47823875000176486
published_scenario,11,causal_forest,True,True,Approximate interval with subgroup covariance omitted,,-0.1766478682072401,-0.04372788178147602,0.1343493232305918,-0.3070525553134359,0.21959679175048386,0.13291998642576408,True,0.013081599109661746,cf_07,10,0.5,,1386311446,0.5279206249979325
published_scenario,11,causal_forest,True,True,Approximate interval with subgroup covariance omitted,,-0.1766478682072401,-0.03710743166287456,0.11359736361943945,-0.2597582643569759,0.18554340103122677,0.13954043654436554,True,0.010987337289415504,cf_08,10,0.5,5.0,1386311446,0.49157216700405115
published_scenario,11,causal_forest,True,True,Approximate interval with subgroup covariance omitted,,-0.1766478682072401,-0.04601356137084539,0.1059826302553051,-0.2537395166712434,0.1617123939295526,0.1306343068363947,True,0.011501142962208935,cf_09,20,0.45,,1386311446,0.4638040420031757
published_scenario,11,causal_forest,True,True,Approximate interval with subgroup covariance omitted,,-0.1766478682072401,-0.04191998309088535,0.099823939255688,-0.23757490403203382,0.15373493785026313,0.13472788511635475,True,0.011274991170349491,cf_10,20,0.45,5.0,1386311446,0.4536424160032766
published_scenario,11,causal_forest,True,True,Approximate interval with subgroup covariance omitted,,-0.1766478682072401,-0.0341769781121648,0.10714307950399958,-0.24417741394000397,0.17582345771567437,0.1424708900950753,True,0.010853034961097184,cf_11,20,0.5,,1386311446,0.49498583400418283
published_scenario,11,causal_forest,True,True,Approximate interval with subgroup covariance omitted,,-0.1766478682072401,-0.032295495245230454,0.10023082944556334,-0.2287479209585346,0.1641569304680737,0.14435237296200965,True,0.010560637580649913,cf_12,20,0.5,5.0,1386311446,0.470541915994545
published_scenario,12,causal_forest,True,True,Approximate interval with subgroup covariance omitted,,-0.1766478682072401,-0.11950370577107577,0.1755267374533232,-0.46353611117958926,0.2245286996374377,0.057144162436164325,True,0.014486760125414324,cf_01,5,0.45,,4171532351,0.5495204580001882
published_scenario,12,causal_forest,True,True,Approximate interval with subgroup covariance omitted,,-0.1766478682072401,-0.1108242784738373,0.14694570387322672,-0.39883785806536165,0.17718930111768705,0.0658235897334028,True,0.008754092098404026,cf_02,5,0.45,5.0,4171532351,0.49411837499792455
published_scenario,12,causal_forest,True,True,Approximate interval with subgroup covariance omitted,,-0.1766478682072401,-0.11151341833823653,0.16949470060204996,-0.44372303151825443,0.22069619484178138,0.06513444986900357,True,0.015238096663133662,cf_03,5,0.5,,4171532351,0.5803881249958067
published_scenario,12,causal_forest,True,True,Approximate interval with subgroup covariance omitted,,-0.1766478682072401,-0.08896435759472249,0.13194756739138103,-0.3475815896818293,0.1696528744923843,0.08768351061251761,True,0.008928154303245289,cf_04,5,0.5,5.0,4171532351,0.5062043750003795
published_scenario,12,causal_forest,True,True,Approximate interval with subgroup covariance omitted,,-0.1766478682072401,-0.11274643186098249,0.13708504425062293,-0.3814331185922034,0.15594025487023844,0.06390143634625761,True,0.010855988368734663,cf_05,10,0.45,,4171532351,0.508283292001579
published_scenario,12,causal_forest,True,True,Approximate interval with subgroup covariance omitted,,-0.1766478682072401,-0.1059773072574946,0.12326723221348537,-0.3475810823959259,0.1356264678809367,0.0706705609497455,True,0.0082836739543668,cf_06,10,0.45,5.0,4171532351,0.4781359170010546
published_scenario,12,causal_forest,True,True,Approximate interval with subgroup covariance omitted,,-0.1766478682072401,-0.09605275828346932,0.14577956549186644,-0.38178070664752756,0.18967519008058892,0.08059510992377078,True,0.011224131248858968,cf_07,10,0.5,,4171532351,0.5325404169998365
published_scenario,12,causal_forest,True,True,Approximate interval with subgroup covariance omitted,,-0.1766478682072401,-0.08838096401399248,0.12755036232199893,-0.3383796741651104,0.1616177461371254,0.08826690419324762,True,0.008438296020469737,cf_08,10,0.5,5.0,4171532351,0.4958733749954263
published_scenario,12,causal_forest,True,True,Approximate interval with subgroup covariance omitted,,-0.1766478682072401,-0.09019065070105359,0.10644395767831712,-0.29882080775055514,0.11843950634844796,0.08645721750618651,True,0.007971931599854633,cf_09,20,0.45,,4171532351,0.4623323749983683
published_scenario,12,causal_forest,True,True,Approximate interval with subgroup covariance omitted,,-0.1766478682072401,-0.08840008113525,0.10516471934620625,-0.2945229310538142,0.11772276878331425,0.0882477870719901,True,0.007611667441949504,cf_10,20,0.45,5.0,4171532351,0.45988199999555945
published_scenario,12,causal_forest,True,True,Approximate interval with subgroup covariance omitted,,-0.1766478682072401,-0.07635964554528812,0.10706445529076682,-0.2862059779151911,0.13348668682461484,0.10028822266195198,True,0.008560798357475655,cf_11,20,0.5,,4171532351,0.4789952080027433
published_scenario,12,causal_forest,True,True,Approximate interval with subgroup covariance omitted,,-0.1766478682072401,-0.0752605406171808,0.10226915116292935,-0.2757080768965223,0.12518699566216074,0.1013873275900593,True,0.00804439008200825,cf_12,20,0.5,5.0,4171532351,0.47286354200332426
published_scenario,13,causal_forest,True,True,Approximate interval with subgroup covariance omitted,,-0.1766478682072401,-0.1335536132235149,0.1809392127121797,-0.4881944701393871,0.22108724369235733,0.04309425498372521,True,0.01011898609032805,cf_01,5,0.45,,592666813,0.5554359590023523
published_scenario,13,causal_forest,True,True,Approximate interval with subgroup covariance omitted,,-0.1766478682072401,-0.1197564988057836,0.15095461541867378,-0.4156275450263842,0.17611454741481702,0.056891369401456504,True,0.004328782642752151,cf_02,5,0.45,5.0,592666813,0.4892682919962681
published_scenario,13,causal_forest,True,True,Approximate interval with subgroup covariance omitted,,-0.1766478682072401,-0.13707853943639758,0.18930207383988587,-0.5081106041625738,0.2339535252897787,0.039569328770842516,True,0.010201678479862454,cf_03,5,0.5,,592666813,0.581239999999525
published_scenario,13,causal_forest,True,True,Approximate interval with subgroup covariance omitted,,-0.1766478682072401,-0.11858903278440153,0.14445880957870835,-0.4017282995586699,0.16455023398986685,0.05805883542283857,True,0.004293734351979463,cf_04,5,0.5,5.0,592666813,0.5204069579995121
published_scenario,13,causal_forest,True,True,Approximate interval with subgroup covariance omitted,,-0.1766478682072401,-0.12245416978245155,0.1441990019483188,-0.40508421360115643,0.16017587403625333,0.05419369842478855,True,0.0062777194897708135,cf_05,10,0.45,,592666813,0.511532457996509
published_scenario,13,causal_forest,True,True,Approximate interval with subgroup covariance omitted,,-0.1766478682072401,-0.11988534526915795,0.13423868191391553,-0.38299316182043236,0.14322247128211646,0.05676252293808215,True,0.0039736976835140405,cf_06,10,0.45,5.0,592666813,0.4806313750013942
published_scenario,13,causal_forest,True,True,Approximate interval with subgroup covariance omitted,,-0.1766478682072401,-0.12283152787900692,0.1502596331542625,-0.4173404088613614,0.17167735310334759,0.05381634032823318,True,0.006444444250562255,cf_07,10,0.5,,592666813,0.5351515840011416
published_scenario,13,causal_forest,True,True,Approximate interval with subgroup covariance omitted,,-0.1766478682072401,-0.11350571227644529,0.13531229635368072,-0.3787178131296595,0.15170638857676894,0.06314215593079481,True,0.003878422471367571,cf_08,10,0.5,5.0,592666813,0.4978076250044978
published_scenario,13,causal_forest,True,True,Approximate interval with subgroup covariance omitted,,-0.1766478682072401,-0.08237126848417714,0.09680461536770645,-0.2721083146048818,0.10736577763652749,0.09427659972306296,True,0.004229418788634833,cf_09,20,0.45,,592666813,0.46693054099887377
published_scenario,13,causal_forest,True,True,Approximate interval with subgroup covariance omitted,,-0.1766478682072401,-0.07981728830318963,0.0954282483614184,-0.2668566550915697,0.10722207848519044,0.09683057990405047,True,0.003964218584516694,cf_10,20,0.45,5.0,592666813,0.45649704200332053
published_scenario,13,causal_forest,True,True,Approximate interval with subgroup covariance omitted,,-0.1766478682072401,-0.09451685726273445,0.12719359533031382,-0.3438163041101495,0.15478258958468064,0.08213101094450564,True,0.0037955939731109264,cf_11,20,0.5,,592666813,0.48729583300155355
published_scenario,13,causal_forest,True,True,Approximate interval with subgroup covariance omitted,,-0.1766478682072401,-0.09463610501758901,0.12619617394458219,-0.34198060594897006,0.15270839591379207,0.08201176318965109,True,0.003440522907369844,cf_12,20,0.5,5.0,592666813,0.4744637909971061
published_scenario,14,causal_forest,True,True,Approximate interval with subgroup covariance omitted,,-0.1766478682072401,-0.1165298318089878,0.1763027682761504,-0.4620832576302426,0.22902359401226702,0.060118036398252306,True,0.009121389457983778,cf_01,5,0.45,,4150964342,0.5564932499983115
published_scenario,14,causal_forest,True,True,Approximate interval with subgroup covariance omitted,,-0.1766478682072401,-0.09787637207479938,0.1510208640954252,-0.3938772657018328,0.19812452155223403,0.07877149613244072,True,0.005057812489588957,cf_02,5,0.45,5.0,4150964342,0.4950849999950151
published_scenario,14,causal_forest,True,True,Approximate interval with subgroup covariance omitted,,-0.1766478682072401,-0.11171939572807116,0.18107448445241717,-0.4666253852548088,0.24318659379866647,0.06492847247916894,True,0.010140158260654793,cf_03,5,0.5,,4150964342,0.5847964160057018
published_scenario,14,causal_forest,True,True,Approximate interval with subgroup covariance omitted,,-0.1766478682072401,-0.08777489884867212,0.1502505381037273,-0.3822659535319776,0.20671615583463337,0.08887296935856798,True,0.00569492958444713,cf_04,5,0.5,5.0,4150964342,0.511764333001338
published_scenario,14,causal_forest,True,True,Approximate interval with subgroup covariance omitted,,-0.1766478682072401,-0.1056590348200856,0.12891710963804223,-0.35833656971064837,0.14701850007047718,0.0709888333871545,True,0.006567071763586316,cf_05,10,0.45,,4150964342,0.51136037499964
published_scenario,14,causal_forest,True,True,Approximate interval with subgroup covariance omitted,,-0.1766478682072401,-0.09377161040183518,0.1197223681201821,-0.3284274519173921,0.14088423111372173,0.08287625780540492,True,0.004831934012639738,cf_06,10,0.45,5.0,4150964342,0.4822004170055152
published_scenario,14,causal_forest,True,True,Approximate interval with subgroup covariance omitted,,-0.1766478682072401,-0.09750039777031222,0.14758626100691763,-0.38676946934387074,0.1917686738032463,0.07914747043692788,True,0.0074617672300796144,cf_07,10,0.5,,4150964342,0.542453125002794
published_scenario,14,causal_forest,True,True,Approximate interval with subgroup covariance omitted,,-0.1766478682072401,-0.08701113729338938,0.136599117695363,-0.3547454079763009,0.18072313338952212,0.08963673091385072,True,0.00549138187742502,cf_08,10,0.5,5.0,4150964342,0.4972925839974778
published_scenario,14,causal_forest,True,True,Approximate interval with subgroup covariance omitted,,-0.1766478682072401,-0.0771841964370979,0.09810627637863727,-0.2694724981392269,0.11510410526503115,0.0994636717701422,True,0.005465092604268088,cf_09,20,0.45,,4150964342,0.48245929200493265
published_scenario,14,causal_forest,True,True,Approximate interval with subgroup covariance omitted,,-0.1766478682072401,-0.07325768953374834,0.09526762497752106,-0.2599822344896896,0.11346685542219292,0.10339017867349176,True,0.005119282518411653,cf_10,20,0.45,5.0,4150964342,0.4584074169979431
published_scenario,14,causal_forest,True,True,Approximate interval with subgroup covariance omitted,,-0.1766478682072401,-0.0825171213179936,0.10650813574931436,-0.29127306738664976,0.12623882475066256,0.0941307468892465,True,0.006092437447419123,cf_11,20,0.5,,4150964342,0.48139304199867183
published_scenario,14,causal_forest,True,True,Approximate interval with subgroup covariance omitted,,-0.1766478682072401,-0.07989258426935114,0.10237588946937179,-0.28054932762931983,0.12076415909061755,0.09675528393788896,True,0.005684486326206265,cf_12,20,0.5,5.0,4150964342,0.47472525000193855
published_scenario,15,causal_forest,True,True,Approximate interval with subgroup covariance omitted,,-0.1766478682072401,0.021444325079732818,0.13776241891471222,-0.24857001599310313,0.29145866615256877,0.19809219328697292,True,0.00919879593637298,cf_01,5,0.45,,1297716361,0.5539280829980271
published_scenario,15,causal_forest,True,True,Approximate interval with subgroup covariance omitted,,-0.1766478682072401,0.025653152736982876,0.10376857737910511,-0.17773325892606315,0.2290395644000289,0.20230102094422298,True,0.006178901465880621,cf_02,5,0.45,5.0,1297716361,0.49297566700261086
published_scenario,15,causal_forest,True,True,Approximate interval with subgroup covariance omitted,,-0.1766478682072401,0.029309859259852855,0.15345773836797222,-0.2714673079413727,0.3300870264610784,0.20595772746709295,True,0.010538155689653645,cf_03,5,0.5,,1297716361,0.6699387909975485
published_scenario,15,causal_forest,True,True,Approximate interval with subgroup covariance omitted,,-0.1766478682072401,0.035763662660738604,0.11373250618597516,-0.1871520494637727,0.25867937478524994,0.2124115308679787,True,0.006542799597923607,cf_04,5,0.5,5.0,1297716361,0.5077801669976907
published_scenario,15,causal_forest,True,True,Approximate interval with subgroup covariance omitted,,-0.1766478682072401,0.026107465177240163,0.10926207957083456,-0.18804621078159556,0.24026114113607588,0.20275533338448026,True,0.006892951665126825,cf_05,10,0.45,,1297716361,0.5106254580023233
published_scenario,15,causal_forest,True,True,Approximate interval with subgroup covariance omitted,,-0.1766478682072401,0.027020523228893034,0.0928460334051965,-0.1549577022452921,0.20899874870307816,0.20366839143613313,False,0.005767236818471128,cf_06,10,0.45,5.0,1297716361,0.47934733299916843
published_scenario,15,causal_forest,True,True,Approximate interval with subgroup covariance omitted,,-0.1766478682072401,0.02729380197316955,0.12468623268591975,-0.21709121409123314,0.2716788180375722,0.20394167018040965,True,0.007399754942645984,cf_07,10,0.5,,1297716361,0.5326238330017077
published_scenario,15,causal_forest,True,True,Approximate interval with subgroup covariance omitted,,-0.1766478682072401,0.033050218184523916,0.10122167487354257,-0.16534426456761953,0.23144470093666736,0.20969808639176402,False,0.0060379297209353176,cf_08,10,0.5,5.0,1297716361,0.4966907909984002
published_scenario,15,causal_forest,True,True,Approximate interval with subgroup covariance omitted,,-0.1766478682072401,0.04095984410941933,0.08821615376708775,-0.13194381727407264,0.2138635054929113,0.21760771231665943,False,0.005967628572230502,cf_09,20,0.45,,1297716361,0.46477820799918845
published_scenario,15,causal_forest,True,True,Approximate interval with subgroup covariance omitted,,-0.1766478682072401,0.042666805027784416,0.0869578237642952,-0.12777052955023419,0.21310413960580302,0.21931467323502452,False,0.005809796869118419,cf_10,20,0.45,5.0,1297716361,0.4618609160024789
published_scenario,15,causal_forest,True,True,Approximate interval with subgroup covariance omitted,,-0.1766478682072401,0.045237019292350356,0.09112193486232908,-0.13336197303781464,0.22383601162251535,0.22188488749959046,False,0.006308137178696565,cf_11,20,0.5,,1297716361,0.48052041699702386
published_scenario,15,causal_forest,True,True,Approximate interval with subgroup covariance omitted,,-0.1766478682072401,0.044291480654014115,0.08819413060730424,-0.1285690153363022,0.21715197664433042,0.22093934886125421,False,0.006145314459369254,cf_12,20,0.5,5.0,1297716361,0.4751590000014403
published_scenario,16,causal_forest,True,True,Approximate interval with subgroup covariance omitted,,-0.1766478682072401,-0.1088907560393183,0.15067765204085082,-0.4042189540393859,0.1864374419607493,0.0677571121679218,True,0.013247222632328632,cf_01,5,0.45,,309348198,0.5572119579956052
published_scenario,16,causal_forest,True,True,Approximate interval with subgroup covariance omitted,,-0.1766478682072401,-0.09555707914968448,0.11023902838719253,-0.3116255747885818,0.12051141648921287,0.08109078905755562,True,0.009123274444311843,cf_02,5,0.45,5.0,309348198,0.506199250005011
published_scenario,16,causal_forest,True,True,Approximate interval with subgroup covariance omitted,,-0.1766478682072401,-0.11718775605773935,0.16300913766748162,-0.4366856658860033,0.20231015377052464,0.059460112149500755,True,0.014745792681293335,cf_03,5,0.5,,309348198,0.5890231670055073
published_scenario,16,causal_forest,True,True,Approximate interval with subgroup covariance omitted,,-0.1766478682072401,-0.09177672582203622,0.12282263499177853,-0.33250909040592214,0.1489556387618497,0.08487114238520388,True,0.009390920246680637,cf_04,5,0.5,5.0,309348198,0.5071984170062933
published_scenario,16,causal_forest,True,True,Approximate interval with subgroup covariance omitted,,-0.1766478682072401,-0.09522469195321281,0.12708053494353252,-0.34430254044253655,0.15385315653611092,0.08142317625402729,True,0.01011834915365699,cf_05,10,0.45,,309348198,0.5187908329971833
published_scenario,16,causal_forest,True,True,Approximate interval with subgroup covariance omitted,,-0.1766478682072401,-0.08819719480120125,0.11291134834721066,-0.30950343756173415,0.13310904795933162,0.08845067340603885,True,0.008436624424442768,cf_06,10,0.45,5.0,309348198,0.4808125000054133
published_scenario,16,causal_forest,True,True,Approximate interval with subgroup covariance omitted,,-0.1766478682072401,-0.0952675555090361,0.125026848580494,-0.3403201787268043,0.14978506770873215,0.081380312698204,True,0.010954429069408996,cf_07,10,0.5,,309348198,0.537624999997206
published_scenario,16,causal_forest,True,True,Approximate interval with subgroup covariance omitted,,-0.1766478682072401,-0.0824242986152911,0.10674903301487226,-0.29165240332444076,0.12680380609385852,0.094223569591949,True,0.008748800864812565,cf_08,10,0.5,5.0,309348198,0.5013425420038402
published_scenario,16,causal_forest,True,True,Approximate interval with subgroup covariance omitted,,-0.1766478682072401,-0.07266910233795476,0.10538514291480473,-0.279223982450972,0.13388577777506253,0.10397876586928534,True,0.007671960290561326,cf_09,20,0.45,,309348198,0.46855658300046343
published_scenario,16,causal_forest,True,True,Approximate interval with subgroup covariance omitted,,-0.1766478682072401,-0.06994332448001594,0.10314718981574175,-0.2721118165188698,0.1322251675588379,0.10670454372722415,True,0.0074974438996989615,cf_10,20,0.45,5.0,309348198,0.460492834004981
published_scenario,16,causal_forest,True,True,Approximate interval with subgroup covariance omitted,,-0.1766478682072401,-0.07830845816942844,0.09754825845008978,-0.2695030447316044,0.11288612839274753,0.09833941003781166,True,0.00846686007016258,cf_11,20,0.5,,309348198,0.4865098750015022
published_scenario,16,causal_forest,True,True,Approximate interval with subgroup covariance omitted,,-0.1766478682072401,-0.07660695115124927,0.09276903936710278,-0.2584342683107707,0.10522036600827217,0.10004091705599083,True,0.00811491840953882,cf_12,20,0.5,5.0,309348198,0.4766229589949944
published_scenario,17,causal_forest,True,True,Approximate interval with subgroup covariance omitted,,-0.1766478682072401,-0.13859745389178157,0.20634048625178605,-0.5430248069452822,0.26582989916171906,0.038050414315458525,True,0.009438800982577515,cf_01,5,0.45,,4255579493,0.5572703750003711
published_scenario,17,causal_forest,True,True,Approximate interval with subgroup covariance omitted,,-0.1766478682072401,-0.11251581770010383,0.18227708519746844,-0.46977890468714195,0.2447472692869343,0.06413205050713627,True,0.005921646392306392,cf_02,5,0.45,5.0,4255579493,0.4905588749970775
published_scenario,17,causal_forest,True,True,Approximate interval with subgroup covariance omitted,,-0.1766478682072401,-0.14100028713273233,0.20581308027903575,-0.5443939244796424,0.26239335021417776,0.03564758107450777,True,0.009693634391843748,cf_03,5,0.5,,4255579493,0.5838431250012945
published_scenario,17,causal_forest,True,True,Approximate interval with subgroup covariance omitted,,-0.1766478682072401,-0.11693454515898372,0.18310186465044564,-0.47581419987385715,0.24194510955588971,0.059713323048256384,True,0.0056885564648532835,cf_04,5,0.5,5.0,4255579493,0.5053244169976097
published_scenario,17,causal_forest,True,True,Approximate interval with subgroup covariance omitted,,-0.1766478682072401,-0.10313930524357062,0.16066363288371588,-0.41804002569565374,0.2117614152085125,0.07350856296366948,True,0.006090389029014736,cf_05,10,0.45,,4255579493,0.5128519170029904
published_scenario,17,causal_forest,True,True,Approximate interval with subgroup covariance omitted,,-0.1766478682072401,-0.0907336372104281,0.15070515194707063,-0.3861157350266865,0.2046484606058303,0.085914230996812,True,0.0048535606761117124,cf_06,10,0.45,5.0,4255579493,0.4804672500031302
published_scenario,17,causal_forest,True,True,Approximate interval with subgroup covariance omitted,,-0.1766478682072401,-0.11623517455601123,0.18672476782602454,-0.48221571949501935,0.24974537038299688,0.060412693651228866,True,0.006546781993510514,cf_07,10,0.5,,4255579493,0.5361415829975158
published_scenario,17,causal_forest,True,True,Approximate interval with subgroup covariance omitted,,-0.1766478682072401,-0.10187298693096303,0.1793860828933629,-0.45346970940195436,0.2497237355400283,0.07477488127627707,True,0.004869369689694255,cf_08,10,0.5,5.0,4255579493,0.5089346669992665
published_scenario,17,causal_forest,True,True,Approximate interval with subgroup covariance omitted,,-0.1766478682072401,-0.033733783506291304,0.12051274538339543,-0.26993876445774634,0.20247119744516373,0.1429140847009488,True,0.005583789238745746,cf_09,20,0.45,,4255579493,0.46785154200188117
published_scenario,17,causal_forest,True,True,Approximate interval with subgroup covariance omitted,,-0.1766478682072401,-0.03481647220681405,0.11897165569885261,-0.2680009173765652,0.19836797296293707,0.14183139600042605,True,0.0052884996606944925,cf_10,20,0.45,5.0,4255579493,0.4602440000016941
published_scenario,17,causal_forest,True,True,Approximate interval with subgroup covariance omitted,,-0.1766478682072401,-0.06907128751080427,0.15869742639321002,-0.3801182432414959,0.24197566821988736,0.10757658069643583,True,0.005028254652615546,cf_11,20,0.5,,4255579493,0.4852655840004445
published_scenario,17,causal_forest,True,True,Approximate interval with subgroup covariance omitted,,-0.1766478682072401,-0.06537875430803175,0.15402276639138976,-0.36726337643515566,0.23650586781909216,0.11126911389920835,True,0.004743193502830391,cf_12,20,0.5,5.0,4255579493,0.47225758399872575
published_scenario,18,causal_forest,True,True,Approximate interval with subgroup covariance omitted,,-0.1766478682072401,0.03797935313240808,0.15032576985990503,-0.2566591557930058,0.33261786205782196,0.21462722133964818,True,0.01621974455779088,cf_01,5,0.45,,303674911,0.554082250004285
published_scenario,18,causal_forest,True,True,Approximate interval with subgroup covariance omitted,,-0.1766478682072401,0.03919519058186671,0.11222245522217188,-0.18076082165359017,0.2591512028173236,0.2158430587891068,True,0.011466546460804434,cf_02,5,0.45,5.0,303674911,0.4938403330015717
published_scenario,18,causal_forest,True,True,Approximate interval with subgroup covariance omitted,,-0.1766478682072401,0.03554160478779422,0.1539432261350553,-0.2661871184369141,0.33727032801250256,0.21218947299503432,True,0.016960253973388077,cf_03,5,0.5,,303674911,0.583726166994893
published_scenario,18,causal_forest,True,True,Approximate interval with subgroup covariance omitted,,-0.1766478682072401,0.035073376288585756,0.11357042651570337,-0.18752465968219284,0.25767141225936435,0.21172124449582586,True,0.011290993127334278,cf_04,5,0.5,5.0,303674911,0.5088205829961225
published_scenario,18,causal_forest,True,True,Approximate interval with subgroup covariance omitted,,-0.1766478682072401,0.04547129093131408,0.11665886698230826,-0.18318008835401012,0.2741226702166383,0.22211915913855418,True,0.013101657350097256,cf_05,10,0.45,,303674911,0.5122515840048436
published_scenario,18,causal_forest,True,True,Approximate interval with subgroup covariance omitted,,-0.1766478682072401,0.044519469024524194,0.1040823217581479,-0.1594818816214457,0.24852081967049408,0.2211673372317643,False,0.011106606521614135,cf_06,10,0.45,5.0,303674911,0.48041716599982465
published_scenario,18,causal_forest,True,True,Approximate interval with subgroup covariance omitted,,-0.1766478682072401,0.038502869406069284,0.11563481819490395,-0.18814137425594246,0.26514711306808103,0.21515073761330938,True,0.013468538472236889,cf_07,10,0.5,,303674911,0.5335255000027246
published_scenario,18,causal_forest,True,True,Approximate interval with subgroup covariance omitted,,-0.1766478682072401,0.03488941777102994,0.09811365380243782,-0.15741334368174817,0.22719217922380805,0.21153728597827004,False,0.011017310279595677,cf_08,10,0.5,5.0,303674911,0.49466624999331543
published_scenario,18,causal_forest,True,True,Approximate interval with subgroup covariance omitted,,-0.1766478682072401,0.043806497832794555,0.08801129875952737,-0.1286956477358791,0.21630864340146821,0.22045436604003465,False,0.010627672625082449,cf_09,20,0.45,,303674911,0.4649779169994872
published_scenario,18,causal_forest,True,True,Approximate interval with subgroup covariance omitted,,-0.1766478682072401,0.04234870278877578,0.08614997609956815,-0.12650525036637777,0.21120265594392934,0.21899657099601588,False,0.010116022640060892,cf_10,20,0.45,5.0,303674911,0.4615680830029305
published_scenario,18,causal_forest,True,True,Approximate interval with subgroup covariance omitted,,-0.1766478682072401,0.03948752694021418,0.09636605441429782,-0.14938993971180956,0.2283649935922379,0.21613539514745428,False,0.011180988223639436,cf_11,20,0.5,,303674911,0.4987195409994456
published_scenario,18,causal_forest,True,True,Approximate interval with subgroup covariance omitted,,-0.1766478682072401,0.03856656033770489,0.09105257410324599,-0.13989648490465725,0.21702960558006704,0.215214428544945,False,0.010612389430225267,cf_12,20,0.5,5.0,303674911,0.4729354580049403
published_scenario,19,causal_forest,True,True,Approximate interval with subgroup covariance omitted,,-0.1766478682072401,-0.18868466906645837,0.16768480554803386,-0.5173468879406047,0.139977549807688,-0.012036800859218266,True,0.00987769055832765,cf_01,5,0.45,,3307831752,0.5513057089992799
published_scenario,19,causal_forest,True,True,Approximate interval with subgroup covariance omitted,,-0.1766478682072401,-0.16882837532313055,0.14229509197322152,-0.44772675559064473,0.11007000494438363,0.007819492884109547,True,0.005829012436343993,cf_02,5,0.45,5.0,3307831752,0.48978054199687904
published_scenario,19,causal_forest,True,True,Approximate interval with subgroup covariance omitted,,-0.1766478682072401,-0.19141581859164974,0.19058562758606604,-0.5649636486603391,0.18213201147703967,-0.014767950384409645,True,0.010692907399428466,cf_03,5,0.5,,3307831752,0.5789539580000564
published_scenario,19,causal_forest,True,True,Approximate interval with subgroup covariance omitted,,-0.1766478682072401,-0.17463330408269045,0.16750373524252613,-0.5029406251580417,0.15367401699266076,0.002014564124549645,True,0.005456282211270703,cf_04,5,0.5,5.0,3307831752,0.5065285419987049
published_scenario,19,causal_forest,True,True,Approximate interval with subgroup covariance omitted,,-0.1766478682072401,-0.16678406583860172,0.12573634046682594,-0.41322729315358053,0.07965916147637711,0.009863802368638375,True,0.0069575923086566595,cf_05,10,0.45,,3307831752,0.5095871660014382
published_scenario,19,causal_forest,True,True,Approximate interval with subgroup covariance omitted,,-0.1766478682072401,-0.16005390168131395,0.11468099099277476,-0.38482864402715244,0.06472084066452458,0.01659396652592615,True,0.005357022413054749,cf_06,10,0.45,5.0,3307831752,0.4798503330021049
published_scenario,19,causal_forest,True,True,Approximate interval with subgroup covariance omitted,,-0.1766478682072401,-0.17214249367291812,0.15542258045870364,-0.4767707513719772,0.13248576402614098,0.004505374534321982,True,0.007414958957547553,cf_07,10,0.5,,3307831752,0.532907000000705
published_scenario,19,causal_forest,True,True,Approximate interval with subgroup covariance omitted,,-0.1766478682072401,-0.16003489000387316,0.14490171751542294,-0.4440422563341021,0.12397247632635577,0.016612978203366935,True,0.005123503897948566,cf_08,10,0.5,5.0,3307831752,0.4929240409983322
published_scenario,19,causal_forest,True,True,Approximate interval with subgroup covariance omitted,,-0.1766478682072401,-0.10065663780561157,0.0889571875901736,-0.2750127254823518,0.07369944987112867,0.07599123040162853,True,0.006013392972038682,cf_09,20,0.45,,3307831752,0.4620812909997767
published_scenario,19,causal_forest,True,True,Approximate interval with subgroup covariance omitted,,-0.1766478682072401,-0.09920075162854919,0.08649217424804,-0.26872541315470755,0.0703239098976092,0.07744711657869091,True,0.005768484617940139,cf_10,20,0.45,5.0,3307831752,0.45536129199899733
published_scenario,19,causal_forest,True,True,Approximate interval with subgroup covariance omitted,,-0.1766478682072401,-0.1015687569660998,0.1078063916695957,-0.3128692846385074,0.10973177070630777,0.0750791112411403,True,0.005501636394650646,cf_11,20,0.5,,3307831752,0.47785216600459535
published_scenario,19,causal_forest,True,True,Approximate interval with subgroup covariance omitted,,-0.1766478682072401,-0.09966214936127593,0.1048317129314851,-0.30513230670698677,0.10580800798443488,0.07698571884596417,True,0.005149285588066729,cf_12,20,0.5,5.0,3307831752,0.47259766700153705
published_scenario,20,causal_forest,True,True,Approximate interval with subgroup covariance omitted,,-0.1766478682072401,-0.07275296720268959,0.17063877338996458,-0.40720496304702014,0.26169902864164096,0.10389490100455051,True,0.00818347797750539,cf_01,5,0.45,,1750133986,0.5552317919937195
published_scenario,20,causal_forest,True,True,Approximate interval with subgroup covariance omitted,,-0.1766478682072401,-0.06110031200310467,0.1426113567647656,-0.34061857126204526,0.2184179472558359,0.11554755620413543,True,0.004864683239719831,cf_02,5,0.45,5.0,1750133986,0.5033606669967412
published_scenario,20,causal_forest,True,True,Approximate interval with subgroup covariance omitted,,-0.1766478682072401,-0.10048798145175808,0.1805159359963975,-0.4542992160046972,0.25332325310118103,0.07615988675548202,True,0.009346033204676574,cf_03,5,0.5,,1750133986,0.5822379579985864
published_scenario,20,causal_forest,True,True,Approximate interval with subgroup covariance omitted,,-0.1766478682072401,-0.07200772206110245,0.14908814256353617,-0.36422048148563335,0.22020503736342845,0.10464014614613765,True,0.0051937760105815155,cf_04,5,0.5,5.0,1750133986,0.5257512500029407
published_scenario,20,causal_forest,True,True,Approximate interval with subgroup covariance omitted,,-0.1766478682072401,-0.05417712174512007,0.14318727049164262,-0.3348241719087396,0.22646992841849944,0.12247074646212003,True,0.006290025213414938,cf_05,10,0.45,,1750133986,0.5137686250018305
published_scenario,20,causal_forest,True,True,Approximate interval with subgroup covariance omitted,,-0.1766478682072401,-0.050561945996665525,0.12932505928730684,-0.30403906219978694,0.20291517020645589,0.12608592221057457,True,0.004832354867790988,cf_06,10,0.45,5.0,1750133986,0.47829454200109467
published_scenario,20,causal_forest,True,True,Approximate interval with subgroup covariance omitted,,-0.1766478682072401,-0.05079347843517901,0.15315382725587315,-0.35097497985669035,0.24938802298633234,0.1258543897720611,True,0.006575609488500092,cf_07,10,0.5,,1750133986,0.5310047079983633
published_scenario,20,causal_forest,True,True,Approximate interval with subgroup covariance omitted,,-0.1766478682072401,-0.044605687303534425,0.13463281796340063,-0.30848601051179964,0.21927463590473079,0.13204218090370567,True,0.00509759080625337,cf_08,10,0.5,5.0,1750133986,0.4966094589981367
published_scenario,20,causal_forest,True,True,Approximate interval with subgroup covariance omitted,,-0.1766478682072401,-0.004892749063915236,0.09853528311996143,-0.19802190397903963,0.18823640585120915,0.17175511914332486,True,0.005603202957591344,cf_09,20,0.45,,1750133986,0.46402445800049463
published_scenario,20,causal_forest,True,True,Approximate interval with subgroup covariance omitted,,-0.1766478682072401,-0.0056293741246087325,0.09463408035928703,-0.1911121716288113,0.17985342337959384,0.17101849408263137,True,0.005355442185401398,cf_10,20,0.45,5.0,1750133986,0.45456600000034086
published_scenario,20,causal_forest,True,True,Approximate interval with subgroup covariance omitted,,-0.1766478682072401,-0.0035448928094079513,0.10624652803765071,-0.21178808776320335,0.20469830214438745,0.17310297539783215,True,0.005322572497456889,cf_11,20,0.5,,1750133986,0.4817145420020097
published_scenario,20,causal_forest,True,True,Approximate interval with subgroup covariance omitted,,-0.1766478682072401,-0.005304025962234893,0.10077264648612806,-0.2028184130750459,0.1922103611505761,0.1713438422450052,True,0.005084580389393104,cf_12,20,0.5,5.0,1750133986,0.47203212499880465
published_scenario,21,causal_forest,True,True,Approximate interval with subgroup covariance omitted,,-0.1766478682072401,-0.0876565850322732,0.16383599332325932,-0.40877513194586146,0.23346196188131507,0.0889912831749669,True,0.010680236712529729,cf_01,5,0.45,,574195010,0.5610281250046683
published_scenario,21,causal_forest,True,True,Approximate interval with subgroup covariance omitted,,-0.1766478682072401,-0.07509333410239499,0.12990003246418372,-0.3296973977321951,0.1795107295274051,0.1015545341048451,True,0.0061961445808952935,cf_02,5,0.45,5.0,574195010,0.49677408300340176
published_scenario,21,causal_forest,True,True,Approximate interval with subgroup covariance omitted,,-0.1766478682072401,-0.09565874244845857,0.18643183727682053,-0.4610651435110268,0.26974765861410965,0.08098912575878153,True,0.010541652298843518,cf_03,5,0.5,,574195010,0.6034030000009807
published_scenario,21,causal_forest,True,True,Approximate interval with subgroup covariance omitted,,-0.1766478682072401,-0.07192303969349512,0.1383409050618418,-0.34307121361470505,0.19922513422771482,0.10472482851374498,True,0.005910090861776771,cf_04,5,0.5,5.0,574195010,0.5089281250038766
published_scenario,21,causal_forest,True,True,Approximate interval with subgroup covariance omitted,,-0.1766478682072401,-0.06735895302376815,0.137797454802328,-0.337441964436331,0.2027240583887947,0.10928891518347195,True,0.007615832555287465,cf_05,10,0.45,,574195010,0.5204238750011427
published_scenario,21,causal_forest,True,True,Approximate interval with subgroup covariance omitted,,-0.1766478682072401,-0.06120356831237178,0.11775370582183316,-0.29200083172316477,0.1695936950984212,0.11544429989486832,True,0.0056118357221186434,cf_06,10,0.45,5.0,574195010,0.48384920800162945
published_scenario,21,causal_forest,True,True,Approximate interval with subgroup covariance omitted,,-0.1766478682072401,-0.05862559845705245,0.12481877194770608,-0.30327039147455637,0.18601919456045146,0.11802226975018765,True,0.007418105457676198,cf_07,10,0.5,,574195010,0.5389867080011754
published_scenario,21,causal_forest,True,True,Approximate interval with subgroup covariance omitted,,-0.1766478682072401,-0.04724769250218008,0.10729578832671781,-0.25754743762254695,0.1630520526181868,0.12940017570506002,True,0.005494403601952435,cf_08,10,0.5,5.0,574195010,0.49714904199936427
published_scenario,21,causal_forest,True,True,Approximate interval with subgroup covariance omitted,,-0.1766478682072401,-0.041579068533330266,0.09422793623228043,-0.2262658235485999,0.14310768648193936,0.13506879967390983,True,0.0058526794069728395,cf_09,20,0.45,,574195010,0.47182087499822956
published_scenario,21,causal_forest,True,True,Approximate interval with subgroup covariance omitted,,-0.1766478682072401,-0.03951643953494566,0.09425748042331977,-0.22426110116465242,0.1452282220947611,0.13713142867229444,True,0.005550179796999391,cf_10,20,0.45,5.0,574195010,0.46670616600022186
published_scenario,21,causal_forest,True,True,Approximate interval with subgroup covariance omitted,,-0.1766478682072401,-0.03120613563256114,0.09565914122216894,-0.21869805242801227,0.15628578116289,0.14544173257467896,True,0.005439035568990411,cf_11,20,0.5,,574195010,0.4874580830000923
published_scenario,21,causal_forest,True,True,Approximate interval with subgroup covariance omitted,,-0.1766478682072401,-0.02813595844800676,0.09308570976773718,-0.21058394959277163,0.1543120326967581,0.14851190975923334,True,0.004993375352826514,cf_12,20,0.5,5.0,574195010,0.4785219999976107
published_scenario,22,causal_forest,True,True,Approximate interval with subgroup covariance omitted,,-0.1766478682072401,-0.12226542839603766,0.1969325891893937,-0.5082533032072493,0.26372244641517395,0.05438243981120244,True,0.013886690876257641,cf_01,5,0.45,,447997940,0.6505216670047957
published_scenario,22,causal_forest,True,True,Approximate interval with subgroup covariance omitted,,-0.1766478682072401,-0.10338241677116333,0.1745943570554309,-0.44558735659980786,0.2388225230574812,0.07326545143607677,True,0.0064328928843205594,cf_02,5,0.45,5.0,447997940,0.49399233300209744
published_scenario,22,causal_forest,True,True,Approximate interval with subgroup covariance omitted,,-0.1766478682072401,-0.12970694134531774,0.20281344930481612,-0.5272213019827574,0.2678074192921219,0.04694092686192236,True,0.01630580928168175,cf_03,5,0.5,,447997940,0.5935838750010589
published_scenario,22,causal_forest,True,True,Approximate interval with subgroup covariance omitted,,-0.1766478682072401,-0.10663342479797222,0.16765708266940982,-0.43524130683001544,0.221974457234071,0.07001444340926788,True,0.007088686809661908,cf_04,5,0.5,5.0,447997940,0.5065325000032317
published_scenario,22,causal_forest,True,True,Approximate interval with subgroup covariance omitted,,-0.1766478682072401,-0.09750902626538194,0.16271059205428814,-0.4164217866917867,0.22140373416102282,0.07913884194185816,True,0.009329736779548303,cf_05,10,0.45,,447997940,0.5153399170012563
published_scenario,22,causal_forest,True,True,Approximate interval with subgroup covariance omitted,,-0.1766478682072401,-0.08802879389007096,0.15174427424220757,-0.3854475714047978,0.20938998362465588,0.08861907431716914,True,0.006159198624364775,cf_06,10,0.45,5.0,447997940,0.48412225000356557
published_scenario,22,causal_forest,True,True,Approximate interval with subgroup covariance omitted,,-0.1766478682072401,-0.09891387614239222,0.1649003137222184,-0.42211849103794025,0.2242907387531558,0.07773399206484788,True,0.010191318392310173,cf_07,10,0.5,,447997940,0.5397892920009326
published_scenario,22,causal_forest,True,True,Approximate interval with subgroup covariance omitted,,-0.1766478682072401,-0.09229011651203073,0.14837228889536921,-0.3830998027469544,0.19851956972289292,0.08435775169520937,True,0.0066986607694201885,cf_08,10,0.5,5.0,447997940,0.5101499169977615
published_scenario,22,causal_forest,True,True,Approximate interval with subgroup covariance omitted,,-0.1766478682072401,-0.03274886170516211,0.12416369129130245,-0.2761096966361149,0.21061197322579067,0.143899006502078,True,0.0066503313470184814,cf_09,20,0.45,,447997940,0.4665234580024844
published_scenario,22,causal_forest,True,True,Approximate interval with subgroup covariance omitted,,-0.1766478682072401,-0.030349685945383342,0.12170621647920629,-0.26889387024462763,0.20819449835386097,0.14629818226185676,True,0.006303209937488574,cf_10,20,0.45,5.0,447997940,0.46261704200151144
published_scenario,22,causal_forest,True,True,Approximate interval with subgroup covariance omitted,,-0.1766478682072401,-0.06272484411284673,0.13620832197339058,-0.32969315518069225,0.2042434669549988,0.11392302409439337,True,0.006796340975749512,cf_11,20,0.5,,447997940,0.48502858300344087
published_scenario,22,causal_forest,True,True,Approximate interval with subgroup covariance omitted,,-0.1766478682072401,-0.06141534547454863,0.13347859961516664,-0.32303340072027525,0.200202709771178,0.11523252273269147,True,0.0062070760694593104,cf_12,20,0.5,5.0,447997940,0.479220000001078
published_scenario,23,causal_forest,True,True,Approximate interval with subgroup covariance omitted,,-0.1766478682072401,-0.006926907604641541,0.1533177309274826,-0.30742966022250745,0.29357584501322437,0.16972096060259856,True,0.008097221507265622,cf_01,5,0.45,,3966406116,0.556541042002209
published_scenario,23,causal_forest,True,True,Approximate interval with subgroup covariance omitted,,-0.1766478682072401,0.002350078740438688,0.11725531042137652,-0.22747032968545927,0.23217048716633665,0.1789979469476788,True,0.005051602874516661,cf_02,5,0.45,5.0,3966406116,0.49231516599684255
published_scenario,23,causal_forest,True,True,Approximate interval with subgroup covariance omitted,,-0.1766478682072401,0.009255386048820924,0.16465346120374144,-0.3134653979105123,0.33197617000815416,0.18590325425606102,True,0.008786450104740863,cf_03,5,0.5,,3966406116,0.5871490419958718
published_scenario,23,causal_forest,True,True,Approximate interval with subgroup covariance omitted,,-0.1766478682072401,0.013132905974376552,0.12947451351919378,-0.24063714052324325,0.26690295247199636,0.18978077418161665,True,0.0050947742328333896,cf_04,5,0.5,5.0,3966406116,0.5101669169962406
published_scenario,23,causal_forest,True,True,Approximate interval with subgroup covariance omitted,,-0.1766478682072401,0.0033024565457323574,0.11864368860760495,-0.22923917312517333,0.23584408621663805,0.17995032475297246,True,0.005233968845177781,cf_05,10,0.45,,3966406116,0.5272873750000144
published_scenario,23,causal_forest,True,True,Approximate interval with subgroup covariance omitted,,-0.1766478682072401,0.002783658894531249,0.10070797423198294,-0.1946039706001553,0.2001712883892178,0.17943152710177135,True,0.004461869673236539,cf_06,10,0.45,5.0,3966406116,0.48991820899391314
published_scenario,23,causal_forest,True,True,Approximate interval with subgroup covariance omitted,,-0.1766478682072401,0.011179649239457246,0.12126729665725614,-0.22650425220876477,0.24886355068767926,0.18782751744669735,True,0.005733020486372426,cf_07,10,0.5,,3966406116,0.5393448749964591
published_scenario,23,causal_forest,True,True,Approximate interval with subgroup covariance omitted,,-0.1766478682072401,0.011286248340993787,0.112531511834078,-0.20927551485379908,0.23184801153578666,0.1879341165482339,True,0.00456051656147648,cf_08,10,0.5,5.0,3966406116,0.4951762909986428
published_scenario,23,causal_forest,True,True,Approximate interval with subgroup covariance omitted,,-0.1766478682072401,0.019075831803264776,0.0875552851244714,-0.15253252704069917,0.19068419064722872,0.19572370001050488,False,0.00384387338127865,cf_09,20,0.45,,3966406116,0.47046470899658743
published_scenario,23,causal_forest,True,True,Approximate interval with subgroup covariance omitted,,-0.1766478682072401,0.017903819630849083,0.08342711671543682,-0.14561332913140707,0.18142096839310523,0.19455168783808918,False,0.003786111999476448,cf_10,20,0.45,5.0,3966406116,0.45764575000066543
published_scenario,23,causal_forest,True,True,Approximate interval with subgroup covariance omitted,,-0.1766478682072401,0.024818393330226618,0.0971975627788704,-0.16568882971635937,0.2153256163768126,0.20146626153746672,False,0.004260356126740513,cf_11,20,0.5,,3966406116,0.4860166250000475
published_scenario,23,causal_forest,True,True,Approximate interval with subgroup covariance omitted,,-0.1766478682072401,0.023240986787628648,0.09429348468153864,-0.16157424318818708,0.20805621676344438,0.19988885499486875,False,0.004127437050777259,cf_12,20,0.5,5.0,3966406116,0.47303391699824715
published_scenario,24,causal_forest,True,True,Approximate interval with subgroup covariance omitted,,-0.1766478682072401,-0.39398362520367747,0.2010462710715056,-0.7880343165038284,6.706609647350037e-05,-0.21733575699643737,True,0.012662465140315975,cf_01,5,0.45,,3418567491,0.5685183750028955
published_scenario,24,causal_forest,True,True,Approximate interval with subgroup covariance omitted,,-0.1766478682072401,-0.3568771979476367,0.18171452044889908,-0.7130376580274789,-0.0007167378677945258,-0.18022932974039663,True,0.0061247439579785465,cf_02,5,0.45,5.0,3418567491,0.5095006659976207
published_scenario,24,causal_forest,True,True,Approximate interval with subgroup covariance omitted,,-0.1766478682072401,-0.39743499738743826,0.21228085606594885,-0.8135054752766979,0.018635480501821455,-0.22078712918019816,True,0.013246012828539011,cf_03,5,0.5,,3418567491,0.5983161249969271
published_scenario,24,causal_forest,True,True,Approximate interval with subgroup covariance omitted,,-0.1766478682072401,-0.3626474811985091,0.19014289571491172,-0.735327556799736,0.010032594402717865,-0.185999612991269,True,0.006316511636878362,cf_04,5,0.5,5.0,3418567491,0.5059207919985056
published_scenario,24,causal_forest,True,True,Approximate interval with subgroup covariance omitted,,-0.1766478682072401,-0.3346278013108721,0.16877186474406497,-0.6654206562092395,-0.0038349464125047583,-0.157979933103632,True,0.007697648963286178,cf_05,10,0.45,,3418567491,0.518627874997037
published_scenario,24,causal_forest,True,True,Approximate interval with subgroup covariance omitted,,-0.1766478682072401,-0.32195107049075655,0.15986720219967862,-0.6352907868021267,-0.008611354179386466,-0.14530320228351645,True,0.005183409456990263,cf_06,10,0.45,5.0,3418567491,0.4804491249960847
published_scenario,24,causal_forest,True,True,Approximate interval with subgroup covariance omitted,,-0.1766478682072401,-0.3322535949814963,0.17657412459427263,-0.6783388791862707,0.013831689223278043,-0.15560572677425621,True,0.007895796474562029,cf_07,10,0.5,,3418567491,0.5426286250003614
published_scenario,24,causal_forest,True,True,Approximate interval with subgroup covariance omitted,,-0.1766478682072401,-0.3166616157514812,0.16307733369069707,-0.6362931897852475,0.0029699582822850235,-0.14001374754424112,True,0.004985765424279079,cf_08,10,0.5,5.0,3418567491,0.49909520800429164
published_scenario,24,causal_forest,True,True,Approximate interval with subgroup covariance omitted,,-0.1766478682072401,-0.21988440092822503,0.15452133244022986,-0.5227462125110756,0.0829774106546255,-0.04323653272098493,True,0.004267171178709303,cf_09,20,0.45,,3418567491,0.4738136250016396
published_scenario,24,causal_forest,True,True,Approximate interval with subgroup covariance omitted,,-0.1766478682072401,-0.21885950633139417,0.1528094948417968,-0.5183661162213159,0.08064710355852756,-0.04221163812415407,True,0.003862686061084909,cf_10,20,0.45,5.0,3418567491,0.4611582500001532
published_scenario,24,causal_forest,True,True,Approximate interval with subgroup covariance omitted,,-0.1766478682072401,-0.2521105587374419,0.15121948926285944,-0.5485007576926464,0.044279640217762595,-0.07546269053020183,True,0.0048283608927001485,cf_11,20,0.5,,3418567491,0.49059691600268707
published_scenario,24,causal_forest,True,True,Approximate interval with subgroup covariance omitted,,-0.1766478682072401,-0.24898075768757272,0.14767202749635777,-0.5384179315804339,0.0404564162052885,-0.07233288948033262,True,0.0041026611906061295,cf_12,20,0.5,5.0,3418567491,0.4776445829993463
published_scenario,25,causal_forest,True,True,Approximate interval with subgroup covariance omitted,,-0.1766478682072401,-0.05218289330242465,0.16035243363617951,-0.3664736632293365,0.2621078766244872,0.12446497490481545,True,0.009796089111567319,cf_01,5,0.45,,1862538839,0.5576877499988768
published_scenario,25,causal_forest,True,True,Approximate interval with subgroup covariance omitted,,-0.1766478682072401,-0.026250120640586405,0.12515244955913657,-0.2715489217764941,0.21904868049532128,0.1503977475666537,True,0.006143955160524749,cf_02,5,0.45,5.0,1862538839,0.4921923340007197
published_scenario,25,causal_forest,True,True,Approximate interval with subgroup covariance omitted,,-0.1766478682072401,-0.04919795317075548,0.1603008257126056,-0.36338757156746243,0.26499166522595147,0.12744991503648462,True,0.011166059031864902,cf_03,5,0.5,,1862538839,0.5849862079994637
published_scenario,25,causal_forest,True,True,Approximate interval with subgroup covariance omitted,,-0.1766478682072401,-0.024781498149098802,0.12461110209281344,-0.26901925825101314,0.21945626195281553,0.1518663700581413,True,0.006109791131820227,cf_04,5,0.5,5.0,1862538839,0.5047947919956641
published_scenario,25,causal_forest,True,True,Approximate interval with subgroup covariance omitted,,-0.1766478682072401,-0.03125180996179522,0.12012809256283963,-0.26670287138496085,0.20419925146137044,0.14539605824544488,True,0.007015194138480646,cf_05,10,0.45,,1862538839,0.5118244590048562
published_scenario,25,causal_forest,True,True,Approximate interval with subgroup covariance omitted,,-0.1766478682072401,-0.020967971583454648,0.11144664301548658,-0.23940339189380835,0.19746744872689906,0.15567989662378545,True,0.00564610260169788,cf_06,10,0.45,5.0,1862538839,0.47967670800426276
published_scenario,25,causal_forest,True,True,Approximate interval with subgroup covariance omitted,,-0.1766478682072401,-0.024326030623957995,0.11990577107194099,-0.25934134192496233,0.21068928067704634,0.1523218375832821,True,0.007805668434301232,cf_07,10,0.5,,1862538839,0.5524486249996698
published_scenario,25,causal_forest,True,True,Approximate interval with subgroup covariance omitted,,-0.1766478682072401,-0.015248590380227411,0.10181779745910648,-0.21481147340007611,0.1843142926396213,0.1613992778270127,True,0.0057885860559770495,cf_08,10,0.5,5.0,1862538839,0.49679699999978766
published_scenario,25,causal_forest,True,True,Approximate interval with subgroup covariance omitted,,-0.1766478682072401,-0.00452608353095596,0.09690783043342523,-0.1944654311804694,0.1854132641185575,0.17212178467628414,True,0.0054941376335930665,cf_09,20,0.45,,1862538839,0.4680036670033587
published_scenario,25,causal_forest,True,True,Approximate interval with subgroup covariance omitted,,-0.1766478682072401,-0.005100707494844259,0.0939671583271003,-0.18927633781596084,0.17907492282627233,0.17154716071239584,True,0.005316241482371531,cf_10,20,0.45,5.0,1862538839,0.45741962500324007
published_scenario,25,causal_forest,True,True,Approximate interval with subgroup covariance omitted,,-0.1766478682072401,-0.016134032625950145,0.09849363988481342,-0.20918156680018446,0.17691350154828417,0.16051383558128995,True,0.005217524556878336,cf_11,20,0.5,,1862538839,0.4853440840015537
published_scenario,25,causal_forest,True,True,Approximate interval with subgroup covariance omitted,,-0.1766478682072401,-0.016838654608359205,0.09371383348759238,-0.20051776824404027,0.16684045902732186,0.1598092135988809,True,0.004885877750174897,cf_12,20,0.5,5.0,1862538839,0.4715100829998846
published_scenario,26,causal_forest,True,True,Approximate interval with subgroup covariance omitted,,-0.1766478682072401,-0.0936937008918679,0.1932472625442539,-0.47245833547860555,0.28507093369486974,0.0829541673153722,True,0.011295224723466873,cf_01,5,0.45,,3421049853,0.5543764159956481
published_scenario,26,causal_forest,True,True,Approximate interval with subgroup covariance omitted,,-0.1766478682072401,-0.0788338092694828,0.17112354664607193,-0.4142359606957838,0.2565683421568182,0.0978140589377573,True,0.0067005804798225405,cf_02,5,0.45,5.0,3421049853,0.49126245899969945
published_scenario,26,causal_forest,True,True,Approximate interval with subgroup covariance omitted,,-0.1766478682072401,-0.10054686816332065,0.1831742320215654,-0.45956836292558884,0.25847462659894754,0.07610100004391945,True,0.011713729250534216,cf_03,5,0.5,,3421049853,0.5820333329975256
published_scenario,26,causal_forest,True,True,Approximate interval with subgroup covariance omitted,,-0.1766478682072401,-0.07866725359129934,0.15978624172093275,-0.39184828736432753,0.23451378018172886,0.09798061461594076,True,0.006886453840195438,cf_04,5,0.5,5.0,3421049853,0.5074020000029122
published_scenario,26,causal_forest,True,True,Approximate interval with subgroup covariance omitted,,-0.1766478682072401,-0.0673423153698614,0.14762378134716211,-0.3566849268102991,0.2220002960705763,0.1093055528373787,True,0.008125632886526556,cf_05,10,0.45,,3421049853,0.5079844159990898
published_scenario,26,causal_forest,True,True,Approximate interval with subgroup covariance omitted,,-0.1766478682072401,-0.0630538748664562,0.14090460799864996,-0.3392269065438101,0.21311915681089771,0.1135939933407839,True,0.006332684376163721,cf_06,10,0.45,5.0,3421049853,0.47714216700114775
published_scenario,26,causal_forest,True,True,Approximate interval with subgroup covariance omitted,,-0.1766478682072401,-0.07827386556748539,0.1512456778990112,-0.3747153942495473,0.21816766311457653,0.09837400263975471,True,0.007858265174948966,cf_07,10,0.5,,3421049853,0.533274416004133
published_scenario,26,causal_forest,True,True,Approximate interval with subgroup covariance omitted,,-0.1766478682072401,-0.06812153479306615,0.13732066058722103,-0.33727002954401936,0.20102695995788705,0.10852633341417395,True,0.0061175539414281685,cf_08,10,0.5,5.0,3421049853,0.49327400000038324
published_scenario,26,causal_forest,True,True,Approximate interval with subgroup covariance omitted,,-0.1766478682072401,-0.04650348171781171,0.12425699441739813,-0.290047190775912,0.19704022734028862,0.1301443864894284,True,0.005682592241348329,cf_09,20,0.45,,3421049853,0.48391587500373134
published_scenario,26,causal_forest,True,True,Approximate interval with subgroup covariance omitted,,-0.1766478682072401,-0.04653648420176082,0.12148741597303139,-0.28465181950890234,0.1915788511053807,0.13011138400547928,True,0.005438915732427599,cf_10,20,0.45,5.0,3421049853,0.45624250000400934
published_scenario,26,causal_forest,True,True,Approximate interval with subgroup covariance omitted,,-0.1766478682072401,-0.05832494274384342,0.12235972774871455,-0.29815000913132395,0.1815001236436371,0.11832292546339668,True,0.005664560308253136,cf_11,20,0.5,,3421049853,0.4880388329984271
published_scenario,26,causal_forest,True,True,Approximate interval with subgroup covariance omitted,,-0.1766478682072401,-0.05630334960512723,0.12021477789323755,-0.29192431427587284,0.17931761506561836,0.12034451860211287,True,0.005436496645028612,cf_12,20,0.5,5.0,3421049853,0.4724657499973546
published_scenario,27,causal_forest,True,True,Approximate interval with subgroup covariance omitted,,-0.1766478682072401,-0.18840286136465095,0.1657720524427841,-0.5133160841525077,0.13651036142320588,-0.011754993157410853,True,0.011578476412592157,cf_01,5,0.45,,1429931098,0.552928332996089
published_scenario,27,causal_forest,True,True,Approximate interval with subgroup covariance omitted,,-0.1766478682072401,-0.15282569187376682,0.12220488601890687,-0.3923472684708243,0.08669588472329065,0.023822176333473277,True,0.006812163434300431,cf_02,5,0.45,5.0,1429931098,0.4905210420038202
published_scenario,27,causal_forest,True,True,Approximate interval with subgroup covariance omitted,,-0.1766478682072401,-0.1708930156220822,0.1719958078944179,-0.5080047990951413,0.1662187678509769,0.005754852585157899,True,0.011119306246378576,cf_03,5,0.5,,1429931098,0.5851929170021322
published_scenario,27,causal_forest,True,True,Approximate interval with subgroup covariance omitted,,-0.1766478682072401,-0.13471714912352056,0.139979350679404,-0.4090766764551524,0.13964237820811126,0.041930719083719536,True,0.006561835893695703,cf_04,5,0.5,5.0,1429931098,0.5068909580004402
published_scenario,27,causal_forest,True,True,Approximate interval with subgroup covariance omitted,,-0.1766478682072401,-0.1474360922562269,0.13629132708186312,-0.41456709333667857,0.11969490882422479,0.029211775951013208,True,0.00843258447690079,cf_05,10,0.45,,1429931098,0.5131684170046356
published_scenario,27,causal_forest,True,True,Approximate interval with subgroup covariance omitted,,-0.1766478682072401,-0.12428322065082709,0.11974310695888828,-0.3589797102902481,0.11041326898859394,0.05236464755641301,True,0.006660591126451866,cf_06,10,0.45,5.0,1429931098,0.47720262499933597
published_scenario,27,causal_forest,True,True,Approximate interval with subgroup covariance omitted,,-0.1766478682072401,-0.14043708563489166,0.13674517207213946,-0.408457622896285,0.1275834516265017,0.03621078257234844,True,0.008468315367543094,cf_07,10,0.5,,1429931098,0.5346471250013565
published_scenario,27,causal_forest,True,True,Approximate interval with subgroup covariance omitted,,-0.1766478682072401,-0.11983928174706143,0.12114180175001088,-0.3572772131770827,0.11759864968295988,0.05680858646017867,True,0.006301423658197944,cf_08,10,0.5,5.0,1429931098,0.4946823749996838
published_scenario,27,causal_forest,True,True,Approximate interval with subgroup covariance omitted,,-0.1766478682072401,-0.09968049491125136,0.11297826120223818,-0.3211178868676382,0.12175689704513548,0.07696737329598874,True,0.006796164779447143,cf_09,20,0.45,,1429931098,0.46745279100287007
published_scenario,27,causal_forest,True,True,Approximate interval with subgroup covariance omitted,,-0.1766478682072401,-0.09609587241681117,0.10722896766962649,-0.3062646490492791,0.11407290421565675,0.08055199579042893,True,0.006398014750775477,cf_10,20,0.45,5.0,1429931098,0.4584548339989851
published_scenario,27,causal_forest,True,True,Approximate interval with subgroup covariance omitted,,-0.1766478682072401,-0.09857589614997947,0.11678922473138557,-0.32748277662349523,0.13033098432353626,0.07807197205726063,True,0.007005797981311416,cf_11,20,0.5,,1429931098,0.48386583299725316
published_scenario,27,causal_forest,True,True,Approximate interval with subgroup covariance omitted,,-0.1766478682072401,-0.09392157246407451,0.11300206460737319,-0.31540561909452597,0.12756247416637695,0.08272629574316559,True,0.00646859827577097,cf_12,20,0.5,5.0,1429931098,0.473875332994794
published_scenario,28,causal_forest,True,True,Approximate interval with subgroup covariance omitted,,-0.1766478682072401,-0.08191689583971606,0.15451970793726272,-0.384775523396751,0.22094173171731885,0.09473097236752404,True,0.013908169502989474,cf_01,5,0.45,,1825360706,0.5539604580044397
published_scenario,28,causal_forest,True,True,Approximate interval with subgroup covariance omitted,,-0.1766478682072401,-0.06869900807009999,0.11950689459526528,-0.3029325214768199,0.16553450533661995,0.10794886013714011,True,0.010245369778175391,cf_02,5,0.45,5.0,1825360706,0.5042899999971269
published_scenario,28,causal_forest,True,True,Approximate interval with subgroup covariance omitted,,-0.1766478682072401,-0.11529100575302081,0.1644641071656237,-0.4376406557976433,0.20705864429160165,0.061356862454219285,True,0.013694705043452854,cf_03,5,0.5,,1825360706,0.5808622080003261
published_scenario,28,causal_forest,True,True,Approximate interval with subgroup covariance omitted,,-0.1766478682072401,-0.08714232565596869,0.1301229669349087,-0.34218334084838975,0.16789868953645237,0.08950554255127141,True,0.00936166293988102,cf_04,5,0.5,5.0,1825360706,0.5071943340008147
published_scenario,28,causal_forest,True,True,Approximate interval with subgroup covariance omitted,,-0.1766478682072401,-0.06283029147405905,0.12649434603315998,-0.3107592096990526,0.1850986267509345,0.11381757673318105,True,0.011592451233324128,cf_05,10,0.45,,1825360706,0.5090194170043105
published_scenario,28,causal_forest,True,True,Approximate interval with subgroup covariance omitted,,-0.1766478682072401,-0.05451442429717779,0.10763794807521516,-0.2654848025245995,0.15645595393024392,0.12213344391006231,True,0.010240257391834451,cf_06,10,0.45,5.0,1825360706,0.4830376250029076
published_scenario,28,causal_forest,True,True,Approximate interval with subgroup covariance omitted,,-0.1766478682072401,-0.09436764192737368,0.13198383724374815,-0.35305596292512004,0.16432067907037268,0.08228022627986642,True,0.01112808218995546,cf_07,10,0.5,,1825360706,0.5295711669969023
published_scenario,28,causal_forest,True,True,Approximate interval with subgroup covariance omitted,,-0.1766478682072401,-0.08193747785487215,0.11122903144645224,-0.29994637948991854,0.13607142378017423,0.09471039035236795,True,0.00942979337497515,cf_08,10,0.5,5.0,1825360706,0.49308979200577596
published_scenario,28,causal_forest,True,True,Approximate interval with subgroup covariance omitted,,-0.1766478682072401,-0.05939899473896504,0.09977826207909933,-0.2549643884139997,0.13616639893606963,0.11724887346827506,True,0.009900589101478124,cf_09,20,0.45,,1825360706,0.486809166999592
published_scenario,28,causal_forest,True,True,Approximate interval with subgroup covariance omitted,,-0.1766478682072401,-0.05747003323460609,0.09711173104726624,-0.24780902608724792,0.13286895961803574,0.11917783497263401,True,0.009747999930597537,cf_10,20,0.45,5.0,1825360706,0.49364600000262726
published_scenario,28,causal_forest,True,True,Approximate interval with subgroup covariance omitted,,-0.1766478682072401,-0.0680561709412777,0.10589551444247469,-0.2756113792485281,0.1394990373659727,0.1085916972659624,True,0.009734273431400355,cf_11,20,0.5,,1825360706,0.4833159580011852
published_scenario,28,causal_forest,True,True,Approximate interval with subgroup covariance omitted,,-0.1766478682072401,-0.06681177912481018,0.10252756220386613,-0.2677658010443878,0.13414224279476744,0.10983608908242992,True,0.00933903302708983,cf_12,20,0.5,5.0,1825360706,0.47148458299488993
published_scenario,29,causal_forest,True,True,Approximate interval with subgroup covariance omitted,,-0.1766478682072401,-0.07431860643526844,0.14766776758559658,-0.36374743090303774,0.21511021803250086,0.10232926177197166,True,0.008924787800060905,cf_01,5,0.45,,2202159403,0.6646167500002775
published_scenario,29,causal_forest,True,True,Approximate interval with subgroup covariance omitted,,-0.1766478682072401,-0.0536701020386775,0.11146194462209964,-0.2721355134979928,0.1647953094206378,0.1229777661685626,True,0.005486974521827454,cf_02,5,0.45,5.0,2202159403,0.49706049999804236
published_scenario,29,causal_forest,True,True,Approximate interval with subgroup covariance omitted,,-0.1766478682072401,-0.06707416878689287,0.15615823460229333,-0.3731443086073878,0.23899597103360204,0.10957369942034723,True,0.010310707235977191,cf_03,5,0.5,,2202159403,0.7140055409981869
published_scenario,29,causal_forest,True,True,Approximate interval with subgroup covariance omitted,,-0.1766478682072401,-0.0485206632573969,0.11333367123694885,-0.2706546588818166,0.17361333236702284,0.1281272049498432,True,0.005645516570263957,cf_04,5,0.5,5.0,2202159403,0.5258794580004178
published_scenario,29,causal_forest,True,True,Approximate interval with subgroup covariance omitted,,-0.1766478682072401,-0.06454426075214748,0.11817089790904989,-0.2961592206538852,0.1670706991495903,0.11210360745509262,True,0.00663895568606828,cf_05,10,0.45,,2202159403,0.5736897500028135
published_scenario,29,causal_forest,True,True,Approximate interval with subgroup covariance omitted,,-0.1766478682072401,-0.0562755207795691,0.10131851199358623,-0.25485980428699806,0.1423087627278599,0.120372347427671,True,0.005166184705010226,cf_06,10,0.45,5.0,2202159403,0.4993439589961781
published_scenario,29,causal_forest,True,True,Approximate interval with subgroup covariance omitted,,-0.1766478682072401,-0.0556623115216861,0.12259551819978899,-0.2959495271932725,0.18462490414990032,0.120985556685554,True,0.0068992402373390434,cf_07,10,0.5,,2202159403,0.6147030830034055
published_scenario,29,causal_forest,True,True,Approximate interval with subgroup covariance omitted,,-0.1766478682072401,-0.047761985842808774,0.09481063963410688,-0.23359083952565826,0.1380668678400407,0.12888588236443133,True,0.005192468480919549,cf_08,10,0.5,5.0,2202159403,0.5735717080024187
published_scenario,29,causal_forest,True,True,Approximate interval with subgroup covariance omitted,,-0.1766478682072401,-0.030247431984520512,0.0889234896018553,-0.2045374716041569,0.14404260763511587,0.1464004362227196,True,0.005515681880051141,cf_09,20,0.45,,2202159403,0.4649147919990355
published_scenario,29,causal_forest,True,True,Approximate interval with subgroup covariance omitted,,-0.1766478682072401,-0.029052542664243064,0.08700140497979345,-0.19957529642463823,0.1414702110961521,0.14759532554299704,True,0.005340916380689524,cf_10,20,0.45,5.0,2202159403,0.4716413330024807
published_scenario,29,causal_forest,True,True,Approximate interval with subgroup covariance omitted,,-0.1766478682072401,-0.030636312155733814,0.09145767424344382,-0.2098933536728837,0.14862072936141607,0.14601155605150629,True,0.005295300100015427,cf_11,20,0.5,,2202159403,0.5184875830018427
published_scenario,29,causal_forest,True,True,Approximate interval with subgroup covariance omitted,,-0.1766478682072401,-0.0300397707855925,0.08575146824067166,-0.19811264853730895,0.13803310696612395,0.1466080974216476,True,0.005039423074952244,cf_12,20,0.5,5.0,2202159403,0.5138660419979715
published_scenario,30,causal_forest,True,True,Approximate interval with subgroup covariance omitted,,-0.1766478682072401,-0.138844193757739,0.17325761754114677,-0.4784291241383867,0.2007407366229087,0.03780367444950111,True,0.007265931301553888,cf_01,5,0.45,,1266985031,0.5590065409996896
published_scenario,30,causal_forest,True,True,Approximate interval with subgroup covariance omitted,,-0.1766478682072401,-0.11227741342909398,0.14108194064179072,-0.3887980170870038,0.16424319022881584,0.06437045477814612,True,0.0036827577989522204,cf_02,5,0.45,5.0,1266985031,0.5025110420028795
published_scenario,30,causal_forest,True,True,Approximate interval with subgroup covariance omitted,,-0.1766478682072401,-0.1514199870975605,0.17900469795045787,-0.5022691950804579,0.19942922088533693,0.025227881109679606,True,0.007845862310907928,cf_03,5,0.5,,1266985031,0.6046031249934458
published_scenario,30,causal_forest,True,True,Approximate interval with subgroup covariance omitted,,-0.1766478682072401,-0.1285103854991339,0.1558293946920276,-0.433935999095508,0.1769152280972402,0.048137482708106194,True,0.003984624129965766,cf_04,5,0.5,5.0,1266985031,0.5080401670056744
published_scenario,30,causal_forest,True,True,Approximate interval with subgroup covariance omitted,,-0.1766478682072401,-0.0988062348946479,0.13809837589627788,-0.36947905165135253,0.17186658186205672,0.0778416333125922,True,0.004162818720786831,cf_05,10,0.45,,1266985031,0.5178406659979373
published_scenario,30,causal_forest,True,True,Approximate interval with subgroup covariance omitted,,-0.1766478682072401,-0.08591439969480891,0.12335036884976411,-0.32768112264034654,0.15585232325072873,0.09073346851243119,True,0.0031106962602215197,cf_06,10,0.45,5.0,1266985031,0.487347916001454
published_scenario,30,causal_forest,True,True,Approximate interval with subgroup covariance omitted,,-0.1766478682072401,-0.1224702844070254,0.15112740986634504,-0.4186800077450617,0.1737394389310109,0.0541775838002147,True,0.004452555721849268,cf_07,10,0.5,,1266985031,0.5557033750010305
published_scenario,30,causal_forest,True,True,Approximate interval with subgroup covariance omitted,,-0.1766478682072401,-0.11117445741748572,0.14088732427988576,-0.3873136130060618,0.16496469817109038,0.06547341078975438,True,0.0031462793068420115,cf_08,10,0.5,5.0,1266985031,0.5176597079989733
published_scenario,30,causal_forest,True,True,Approximate interval with subgroup covariance omitted,,-0.1766478682072401,-0.07074435711376253,0.1085880236908466,-0.28357688354782185,0.14208816932029678,0.10590351109347756,True,0.002879249249900992,cf_09,20,0.45,,1266985031,0.496153250001953
published_scenario,30,causal_forest,True,True,Approximate interval with subgroup covariance omitted,,-0.1766478682072401,-0.06722937324452005,0.1051906394831117,-0.273403026631419,0.1389442801423789,0.10941849496272005,True,0.002821035930902501,cf_10,20,0.45,5.0,1266985031,0.4627191670006141
published_scenario,30,causal_forest,True,True,Approximate interval with subgroup covariance omitted,,-0.1766478682072401,-0.08282846948285683,0.11472866261982019,-0.30769664821770437,0.14203970925199075,0.09381939872438327,True,0.0029182834556966313,cf_11,20,0.5,,1266985031,0.47970033300225623
published_scenario,30,causal_forest,True,True,Approximate interval with subgroup covariance omitted,,-0.1766478682072401,-0.08081186932841183,0.11037495496056926,-0.2971467810511276,0.1355230423943039,0.09583599887882827,True,0.0027565421496527145,cf_12,20,0.5,5.0,1266985031,0.48401012500107754
continuous,1,causal_forest,True,True,Approximate interval with subgroup covariance omitted,,-0.1497571452286368,-0.17851569712306659,0.14627615304187672,-0.46521695708514493,0.10818556283901176,-0.028758551894429774,True,0.013050322460074242,cf_01,5,0.45,,2890463688,0.5852265000066836
continuous,1,causal_forest,True,True,Approximate interval with subgroup covariance omitted,,-0.1497571452286368,-0.16107816296530897,0.12065991453269069,-0.3975715954493827,0.07541526951876479,-0.011321017736672156,True,0.006533564250070153,cf_02,5,0.45,5.0,2890463688,0.49869741599832196
continuous,1,causal_forest,True,True,Approximate interval with subgroup covariance omitted,,-0.1497571452286368,-0.1728627017348917,0.15740441959186233,-0.48137536413494186,0.13564996066515844,-0.0231055565062549,True,0.014404247232858585,cf_03,5,0.5,,2890463688,0.5723171249992447
continuous,1,causal_forest,True,True,Approximate interval with subgroup covariance omitted,,-0.1497571452286368,-0.14750708907077126,0.12791515435633077,-0.39822079160917956,0.10320661346763704,0.0022500561578655542,True,0.0066866027404780945,cf_04,5,0.5,5.0,2890463688,0.49130841699661687
continuous,1,causal_forest,True,True,Approximate interval with subgroup covariance omitted,,-0.1497571452286368,-0.1734783778967527,0.12494460625332889,-0.4183698061532773,0.07141305035977191,-0.023721232668115877,True,0.008463405380891707,cf_05,10,0.45,,2890463688,0.5346944999982952
continuous,1,causal_forest,True,True,Approximate interval with subgroup covariance omitted,,-0.1497571452286368,-0.16024331156630855,0.11569475930499994,-0.3870050398041084,0.0665184166714913,-0.010486166337671743,True,0.0056910818349806365,cf_06,10,0.45,5.0,2890463688,0.4689699169975938
continuous,1,causal_forest,True,True,Approximate interval with subgroup covariance omitted,,-0.1497571452286368,-0.16266998406531974,0.12661218206797595,-0.41082986091855256,0.08548989278791311,-0.012912838836682927,True,0.009755104918775832,cf_07,10,0.5,,2890463688,0.5154507920015021
continuous,1,causal_forest,True,True,Approximate interval with subgroup covariance omitted,,-0.1497571452286368,-0.15225972743606664,0.11143263543734713,-0.370667692893267,0.06614823802113373,-0.0025025822074298265,True,0.006163837681624963,cf_08,10,0.5,5.0,2890463688,0.4789729170006467
continuous,1,causal_forest,True,True,Approximate interval with subgroup covariance omitted,,-0.1497571452286368,-0.1531519416812953,0.10343699520658953,-0.3558884522862108,0.04958456892362015,-0.0033947964526584995,True,0.004900148956615878,cf_09,20,0.45,,2890463688,0.44918820900056744
continuous,1,causal_forest,True,True,Approximate interval with subgroup covariance omitted,,-0.1497571452286368,-0.15000311775354824,0.10200994863666407,-0.34994261708140983,0.04993638157431332,-0.00024597252491143085,True,0.004647708603517249,cf_10,20,0.45,5.0,2890463688,0.443257207996794
continuous,1,causal_forest,True,True,Approximate interval with subgroup covariance omitted,,-0.1497571452286368,-0.15150834312615447,0.10143899600488222,-0.3503287752957236,0.04731208904341469,-0.0017511978975176534,True,0.005551105828208771,cf_11,20,0.5,,2890463688,0.46785308299877215
continuous,1,causal_forest,True,True,Approximate interval with subgroup covariance omitted,,-0.1497571452286368,-0.1477061305934556,0.09870745415448148,-0.3411727407362393,0.045760479549328104,0.002051014635181203,True,0.004910927453088208,cf_12,20,0.5,5.0,2890463688,0.45947004100162303
continuous,2,causal_forest,True,True,Approximate interval with subgroup covariance omitted,,-0.1497571452286368,-0.03146271560819125,0.15707766393566916,-0.3393349369221028,0.2764095057057203,0.11829442962044556,True,0.010349421463932761,cf_01,5,0.45,,3051501167,0.5531724999964354
continuous,2,causal_forest,True,True,Approximate interval with subgroup covariance omitted,,-0.1497571452286368,-0.021862852292498514,0.12145023199477266,-0.2599053070022529,0.2161796024172559,0.1278942929361383,True,0.00642614024292396,cf_02,5,0.45,5.0,3051501167,0.48274174999824027
continuous,2,causal_forest,True,True,Approximate interval with subgroup covariance omitted,,-0.1497571452286368,-0.03395907081861993,0.15015823735596578,-0.32826921603631287,0.260351074399073,0.11579807441001688,True,0.011094167735754635,cf_03,5,0.5,,3051501167,0.609018458002538
continuous,2,causal_forest,True,True,Approximate interval with subgroup covariance omitted,,-0.1497571452286368,-0.028791870152010013,0.10668516962733338,-0.23789480262158344,0.18031106231756341,0.1209652750766268,True,0.00646157239657121,cf_04,5,0.5,5.0,3051501167,0.4998206249947543
continuous,2,causal_forest,True,True,Approximate interval with subgroup covariance omitted,,-0.1497571452286368,-0.028595998682344415,0.12071314209117244,-0.26519375718104243,0.20800175981635358,0.1211611465462924,True,0.007259848518574942,cf_05,10,0.45,,3051501167,0.49698487499699695
continuous,2,causal_forest,True,True,Approximate interval with subgroup covariance omitted,,-0.1497571452286368,-0.023338805612326263,0.10629305468507574,-0.23167319279507473,0.1849955815704222,0.12641833961631055,True,0.005986755416947428,cf_06,10,0.45,5.0,3051501167,0.46675424999557436
continuous,2,causal_forest,True,True,Approximate interval with subgroup covariance omitted,,-0.1497571452286368,-0.03750808534603556,0.1278033837378119,-0.28800271747214684,0.21298654678007573,0.11224905988260125,True,0.007738819315573698,cf_07,10,0.5,,3051501167,0.5184057079968625
continuous,2,causal_forest,True,True,Approximate interval with subgroup covariance omitted,,-0.1497571452286368,-0.029873997155300258,0.10344822553398988,-0.23263251920192043,0.17288452489131992,0.11988314807333655,True,0.0060933703783094765,cf_08,10,0.5,5.0,3051501167,0.4843037080063368
continuous,2,causal_forest,True,True,Approximate interval with subgroup covariance omitted,,-0.1497571452286368,-0.030876658990307226,0.09887303676557994,-0.2246678110508439,0.16291449307022945,0.11888048623832959,True,0.005581718685438857,cf_09,20,0.45,,3051501167,0.44865837499673944
continuous,2,causal_forest,True,True,Approximate interval with subgroup covariance omitted,,-0.1497571452286368,-0.02989618848685971,0.09764037041708239,-0.22127131450434118,0.16147893753062176,0.1198609567417771,True,0.005481028173913889,cf_10,20,0.45,5.0,3051501167,0.44339612500334624
continuous,2,causal_forest,True,True,Approximate interval with subgroup covariance omitted,,-0.1497571452286368,-0.029386021170344945,0.09953725074812267,-0.22447903263666538,0.1657069902959755,0.12037112405829187,True,0.005804091000532286,cf_11,20,0.5,,3051501167,0.47051774999999907
continuous,2,causal_forest,True,True,Approximate interval with subgroup covariance omitted,,-0.1497571452286368,-0.028431131499367934,0.09573395476161826,-0.21606968283213973,0.15920741983340386,0.12132601372926888,True,0.005598338358122908,cf_12,20,0.5,5.0,3051501167,0.46103245899575995
continuous,3,causal_forest,True,True,Approximate interval with subgroup covariance omitted,,-0.1497571452286368,-0.010741196380152918,0.14728752918903162,-0.2994247535906549,0.27794236083034907,0.1390159488484839,True,0.00985006338607626,cf_01,5,0.45,,950186175,0.5336293329964974
continuous,3,causal_forest,True,True,Approximate interval with subgroup covariance omitted,,-0.1497571452286368,-0.0025456332855733343,0.11284018138825355,-0.22371238880655028,0.21862112223540361,0.14721151194306348,True,0.0064404861147142,cf_02,5,0.45,5.0,950186175,0.4794114169999375
continuous,3,causal_forest,True,True,Approximate interval with subgroup covariance omitted,,-0.1497571452286368,-0.008289933177110576,0.15394996025587218,-0.31003185527862004,0.2934519889243989,0.14146721205152624,True,0.011217858902220174,cf_03,5,0.5,,950186175,0.5606157910006004
continuous,3,causal_forest,True,True,Approximate interval with subgroup covariance omitted,,-0.1497571452286368,-0.007692872115788396,0.11505324905298532,-0.23319724025963962,0.21781149602806282,0.14206427311284842,True,0.006397122707304566,cf_04,5,0.5,5.0,950186175,0.4885128749956493
continuous,3,causal_forest,True,True,Approximate interval with subgroup covariance omitted,,-0.1497571452286368,-0.009921983927503986,0.1187441768560893,-0.24266057056543902,0.22281660271043105,0.13983516130113283,True,0.007333113212260369,cf_05,10,0.45,,950186175,0.49193420899973717
continuous,3,causal_forest,True,True,Approximate interval with subgroup covariance omitted,,-0.1497571452286368,-0.007198936198143824,0.10213335680685309,-0.2073803155395759,0.19298244314328825,0.142558209030493,True,0.005989572549622331,cf_06,10,0.45,5.0,950186175,0.4644832500052871
continuous,3,causal_forest,True,True,Approximate interval with subgroup covariance omitted,,-0.1497571452286368,-0.01540121858060528,0.12454902652032389,-0.2595173105604401,0.22871487339922952,0.13435592664803153,True,0.007666244109871697,cf_07,10,0.5,,950186175,0.5164712089972454
continuous,3,causal_forest,True,True,Approximate interval with subgroup covariance omitted,,-0.1497571452286368,-0.012006163801410286,0.10631239990425169,-0.2203784676137436,0.19636614001092303,0.13775098142722653,True,0.005803116769435956,cf_08,10,0.5,5.0,950186175,0.4771846670046216
continuous,3,causal_forest,True,True,Approximate interval with subgroup covariance omitted,,-0.1497571452286368,-0.013725781228528411,0.10356263146473182,-0.21670853889940278,0.18925697644234596,0.1360313640001084,True,0.005867546901850332,cf_09,20,0.45,,950186175,0.46543066699814517
continuous,3,causal_forest,True,True,Approximate interval with subgroup covariance omitted,,-0.1497571452286368,-0.011832442747408689,0.10219017229471224,-0.21212518044504466,0.1884602949502273,0.13792470248122812,True,0.005589390424372215,cf_10,20,0.45,5.0,950186175,0.443142332995194
continuous,3,causal_forest,True,True,Approximate interval with subgroup covariance omitted,,-0.1497571452286368,-0.022822157656757325,0.1015663788701382,-0.2218922602422282,0.17624794492871354,0.1269349875718795,True,0.0057046374674885525,cf_11,20,0.5,,950186175,0.4660987090028357
continuous,3,causal_forest,True,True,Approximate interval with subgroup covariance omitted,,-0.1497571452286368,-0.019652683811071103,0.09508802204876732,-0.20602520702665506,0.16671983940451285,0.1301044614175657,True,0.005404361246013788,cf_12,20,0.5,5.0,950186175,0.4563265000033425
continuous,4,causal_forest,True,True,Approximate interval with subgroup covariance omitted,,-0.1497571452286368,-0.13702327970233147,0.17508615483201068,-0.4801921431730724,0.20614558376840947,0.012733865526305344,True,0.007244844524484719,cf_01,5,0.45,,2234601423,0.5393938339984743
continuous,4,causal_forest,True,True,Approximate interval with subgroup covariance omitted,,-0.1497571452286368,-0.10633748741823712,0.1307098796035498,-0.36252885144119473,0.1498538766047205,0.04341965781039969,True,0.002740547671370938,cf_02,5,0.45,5.0,2234601423,0.4771932080038823
continuous,4,causal_forest,True,True,Approximate interval with subgroup covariance omitted,,-0.1497571452286368,-0.15034529734637114,0.1822686888423875,-0.5075919274774506,0.20690133278470835,-0.0005881521177343307,True,0.007617186850065805,cf_03,5,0.5,,2234601423,0.569876875000773
continuous,4,causal_forest,True,True,Approximate interval with subgroup covariance omitted,,-0.1497571452286368,-0.1212026700914407,0.13343734081969205,-0.3827398580980371,0.14033451791515572,0.02855447513719611,True,0.002550643304612486,cf_04,5,0.5,5.0,2234601423,0.4935922920049052
continuous,4,causal_forest,True,True,Approximate interval with subgroup covariance omitted,,-0.1497571452286368,-0.12456007101959254,0.13137946033559653,-0.3820638132773617,0.13294367123817663,0.025197074209044268,True,0.003464463251990158,cf_05,10,0.45,,2234601423,0.5061766670041834
continuous,4,causal_forest,True,True,Approximate interval with subgroup covariance omitted,,-0.1497571452286368,-0.11301084918648718,0.11924819817042828,-0.3467373176005266,0.12071561922755225,0.03674629604214963,True,0.0022019244938921473,cf_06,10,0.45,5.0,2234601423,0.49346087500452995
continuous,4,causal_forest,True,True,Approximate interval with subgroup covariance omitted,,-0.1497571452286368,-0.1329521896845836,0.1395909263232289,-0.40655040527811226,0.14064602590894504,0.0168049555440532,True,0.004037684066599668,cf_07,10,0.5,,2234601423,0.5853017089975765
continuous,4,causal_forest,True,True,Approximate interval with subgroup covariance omitted,,-0.1497571452286368,-0.11830359404289847,0.12231604374470825,-0.3580430397825266,0.12143585169672969,0.03145355118573834,True,0.0024019518653851622,cf_08,10,0.5,5.0,2234601423,0.5341400410034112
continuous,4,causal_forest,True,True,Approximate interval with subgroup covariance omitted,,-0.1497571452286368,-0.10142750761414032,0.1028372266806697,-0.30298847190825295,0.10013345667997228,0.04832963761449649,True,0.002246781298080341,cf_09,20,0.45,,2234601423,0.4854589590031537
continuous,4,causal_forest,True,True,Approximate interval with subgroup covariance omitted,,-0.1497571452286368,-0.09961106195647662,0.09911908599876015,-0.29388447051404654,0.09466234660109327,0.05014608327216019,True,0.002103681829664838,cf_10,20,0.45,5.0,2234601423,0.47126304099947447
continuous,4,causal_forest,True,True,Approximate interval with subgroup covariance omitted,,-0.1497571452286368,-0.11336148146925795,0.10221779188095467,-0.3137083535559291,0.0869853906174132,0.03639566375937886,True,0.002193710162571552,cf_11,20,0.5,,2234601423,0.5178751249986817
continuous,4,causal_forest,True,True,Approximate interval with subgroup covariance omitted,,-0.1497571452286368,-0.10826179497746802,0.09781095277868672,-0.299971262423694,0.08344767246875795,0.041495350251168794,True,0.002085538224280559,cf_12,20,0.5,5.0,2234601423,0.5017234169936273
continuous,5,causal_forest,True,True,Approximate interval with subgroup covariance omitted,,-0.1497571452286368,-0.14959513382598122,0.15746790093517388,-0.458232219658922,0.15904195200695959,0.000162011402655593,True,0.01072023525881856,cf_01,5,0.45,,3707892180,0.5763057079966529
continuous,5,causal_forest,True,True,Approximate interval with subgroup covariance omitted,,-0.1497571452286368,-0.12349926386617177,0.11040078779464355,-0.33988480794367315,0.09288628021132958,0.02625788136246504,True,0.00480177598097107,cf_02,5,0.45,5.0,3707892180,0.4955113749965676
continuous,5,causal_forest,True,True,Approximate interval with subgroup covariance omitted,,-0.1497571452286368,-0.12738094800699507,0.16019064994472412,-0.4413546218986543,0.1865927258846642,0.022376197221641747,True,0.010310557977118313,cf_03,5,0.5,,3707892180,0.6016480830003275
continuous,5,causal_forest,True,True,Approximate interval with subgroup covariance omitted,,-0.1497571452286368,-0.10834648201246766,0.1172774179458267,-0.33821022118628796,0.12151725716135267,0.04141066321616915,True,0.005038269054939654,cf_04,5,0.5,5.0,3707892180,0.5800739160040393
continuous,5,causal_forest,True,True,Approximate interval with subgroup covariance omitted,,-0.1497571452286368,-0.14449379733934997,0.12723728347853117,-0.3938788729572711,0.10489127827857112,0.00526334788928684,True,0.007279823967382035,cf_05,10,0.45,,3707892180,0.5577326669954346
continuous,5,causal_forest,True,True,Approximate interval with subgroup covariance omitted,,-0.1497571452286368,-0.12585354245019442,0.11537200860835556,-0.3519826793225713,0.10027559442218248,0.02390360277844239,True,0.0050447229399616855,cf_06,10,0.45,5.0,3707892180,0.5375855419988511
continuous,5,causal_forest,True,True,Approximate interval with subgroup covariance omitted,,-0.1497571452286368,-0.12328176050354145,0.13328267960645226,-0.38451581253218786,0.13795229152510496,0.026475384725095363,True,0.007050366888207656,cf_07,10,0.5,,3707892180,0.5498955829971237
continuous,5,causal_forest,True,True,Approximate interval with subgroup covariance omitted,,-0.1497571452286368,-0.10704659119776083,0.11450884882906791,-0.3314839349027339,0.11739075250721226,0.04271055403087598,True,0.00488227453232272,cf_08,10,0.5,5.0,3707892180,0.5769540420005796
continuous,5,causal_forest,True,True,Approximate interval with subgroup covariance omitted,,-0.1497571452286368,-0.12886622482672816,0.09472306397265119,-0.31452343021312446,0.056790980559668164,0.020890920401908653,True,0.004424204381618569,cf_09,20,0.45,,3707892180,0.570538708998356
continuous,5,causal_forest,True,True,Approximate interval with subgroup covariance omitted,,-0.1497571452286368,-0.12645128626671764,0.09380017881887037,-0.3102996367517036,0.05739706421826829,0.023305858961919168,True,0.00411522963757445,cf_10,20,0.45,5.0,3707892180,0.5037066660006531
continuous,5,causal_forest,True,True,Approximate interval with subgroup covariance omitted,,-0.1497571452286368,-0.11911041527491728,0.10260880303486071,-0.3202236692232443,0.08200283867340971,0.03064672995371953,True,0.004618197939338812,cf_11,20,0.5,,3707892180,0.514716124998813
continuous,5,causal_forest,True,True,Approximate interval with subgroup covariance omitted,,-0.1497571452286368,-0.11590468138979926,0.10011729008343956,-0.31213456995334077,0.08032520717374228,0.033852463838837554,True,0.004208066786481244,cf_12,20,0.5,5.0,3707892180,0.5009202910005115
continuous,6,causal_forest,True,True,Approximate interval with subgroup covariance omitted,,-0.1497571452286368,-0.16327916060684744,0.15889224630772608,-0.47470796336999055,0.14814964215629567,-0.013522015378210628,True,0.008384471994954538,cf_01,5,0.45,,2346450679,0.5922091250031372
continuous,6,causal_forest,True,True,Approximate interval with subgroup covariance omitted,,-0.1497571452286368,-0.13599793433940632,0.1267377731791161,-0.38440396977047386,0.11240810109166124,0.013759210889230489,True,0.004151361809932705,cf_02,5,0.45,5.0,2346450679,0.6216627920002793
continuous,6,causal_forest,True,True,Approximate interval with subgroup covariance omitted,,-0.1497571452286368,-0.17577292219939056,0.16743941821029526,-0.5039541818915693,0.15240833749278815,-0.026015776970753746,True,0.009007295424134611,cf_03,5,0.5,,2346450679,0.6236041669981205
continuous,6,causal_forest,True,True,Approximate interval with subgroup covariance omitted,,-0.1497571452286368,-0.1441892149726719,0.1316476289818617,-0.4022185677771208,0.11384013783177699,0.005567930255964915,True,0.004379851807197173,cf_04,5,0.5,5.0,2346450679,0.5398378329991829
continuous,6,causal_forest,True,True,Approximate interval with subgroup covariance omitted,,-0.1497571452286368,-0.15071491909042622,0.12371340832502446,-0.39319319940747416,0.09176336122662171,-0.0009577738617894127,True,0.005283125234279078,cf_05,10,0.45,,2346450679,0.548343250004109
continuous,6,causal_forest,True,True,Approximate interval with subgroup covariance omitted,,-0.1497571452286368,-0.13417237548170347,0.1097057378150724,-0.34919562159924533,0.08085087063583843,0.015584769746933347,True,0.0037831953413782022,cf_06,10,0.45,5.0,2346450679,0.5143658330052858
continuous,6,causal_forest,True,True,Approximate interval with subgroup covariance omitted,,-0.1497571452286368,-0.15700352151047958,0.1322167039764257,-0.41614826130427396,0.1021412182833148,-0.00724637628184277,True,0.005583651824166457,cf_07,10,0.5,,2346450679,0.5874972079982399
continuous,6,causal_forest,True,True,Approximate interval with subgroup covariance omitted,,-0.1497571452286368,-0.13795628129306714,0.1168729962079039,-0.36702735386055874,0.09111479127442448,0.011800863935569672,True,0.003908222846440341,cf_08,10,0.5,5.0,2346450679,0.5299325000014505
continuous,6,causal_forest,True,True,Approximate interval with subgroup covariance omitted,,-0.1497571452286368,-0.13313398396073284,0.09531061241814197,-0.3199427843002911,0.05367481637882543,0.016623161267903974,True,0.003691446883079679,cf_09,20,0.45,,2346450679,0.497863332995621
continuous,6,causal_forest,True,True,Approximate interval with subgroup covariance omitted,,-0.1497571452286368,-0.12977693084372655,0.09409839744177116,-0.314209789829598,0.05465592814214493,0.019980214384910266,True,0.0034012897079581427,cf_10,20,0.45,5.0,2346450679,0.4937635419992148
continuous,6,causal_forest,True,True,Approximate interval with subgroup covariance omitted,,-0.1497571452286368,-0.13469715184522957,0.1022455033521472,-0.33509833841543807,0.06570403472497893,0.015059993383407244,True,0.004007817789304944,cf_11,20,0.5,,2346450679,0.517976124996494
continuous,6,causal_forest,True,True,Approximate interval with subgroup covariance omitted,,-0.1497571452286368,-0.1284046106487704,0.10176725638276873,-0.3278684331589971,0.0710592118614563,0.02135253457986641,True,0.003647920104196214,cf_12,20,0.5,5.0,2346450679,0.5081780000036815
continuous,7,causal_forest,True,True,Approximate interval with subgroup covariance omitted,,-0.1497571452286368,-0.036020170839614396,0.15423912940039414,-0.3383288644643869,0.26628852278515813,0.11373697438902242,True,0.01223113533497931,cf_01,5,0.45,,1968050988,0.5991429580026306
continuous,7,causal_forest,True,True,Approximate interval with subgroup covariance omitted,,-0.1497571452286368,-0.02921015942563443,0.1178232327920098,-0.26014369569797363,0.20172337684670477,0.12054698580300238,True,0.007210850067865641,cf_02,5,0.45,5.0,1968050988,0.5251073750041542
continuous,7,causal_forest,True,True,Approximate interval with subgroup covariance omitted,,-0.1497571452286368,-0.057104582794720304,0.17475916462517582,-0.39963254546006494,0.2854233798706243,0.09265256243391651,True,0.013132046300398712,cf_03,5,0.5,,1968050988,0.6098228330010897
continuous,7,causal_forest,True,True,Approximate interval with subgroup covariance omitted,,-0.1497571452286368,-0.04791485325687128,0.12355835864439853,-0.29008923619989235,0.19425952968614982,0.10184229197176553,True,0.007144434937289001,cf_04,5,0.5,5.0,1968050988,0.5498295829966082
continuous,7,causal_forest,True,True,Approximate interval with subgroup covariance omitted,,-0.1497571452286368,-0.02816586789233899,0.126139558389368,-0.27539940233550025,0.21906766655082227,0.12159127733629782,True,0.00890808104470898,cf_05,10,0.45,,1968050988,0.5307457919989247
continuous,7,causal_forest,True,True,Approximate interval with subgroup covariance omitted,,-0.1497571452286368,-0.024980578025499245,0.11101143868406127,-0.24256299784625934,0.19260184179526085,0.12477656720313757,True,0.006834190103791426,cf_06,10,0.45,5.0,1968050988,0.46783437500562286
continuous,7,causal_forest,True,True,Approximate interval with subgroup covariance omitted,,-0.1497571452286368,-0.0448751288088719,0.13651017987622785,-0.31243508136627846,0.22268482374853465,0.10488201641976491,True,0.009313514064213851,cf_07,10,0.5,,1968050988,0.5784633330040378
continuous,7,causal_forest,True,True,Approximate interval with subgroup covariance omitted,,-0.1497571452286368,-0.043052225989782644,0.1196019084310628,-0.27747196651466577,0.19136751453510045,0.10670491923885417,True,0.006846699052477788,cf_08,10,0.5,5.0,1968050988,0.5054942080023466
continuous,7,causal_forest,True,True,Approximate interval with subgroup covariance omitted,,-0.1497571452286368,-0.024471662917172732,0.11250029185340742,-0.24497223494985126,0.1960289091155058,0.12528548231146408,True,0.0060981283164158314,cf_09,20,0.45,,1968050988,0.4624501660000533
continuous,7,causal_forest,True,True,Approximate interval with subgroup covariance omitted,,-0.1497571452286368,-0.023798949593081486,0.11041901148089614,-0.2402202120956379,0.19262231290947493,0.12595819563555533,True,0.005832210584049918,cf_10,20,0.45,5.0,1968050988,0.4384802079948713
continuous,7,causal_forest,True,True,Approximate interval with subgroup covariance omitted,,-0.1497571452286368,-0.03845152573012056,0.11234782391454763,-0.25865326060263394,0.1817502091423928,0.11130561949851625,True,0.006439127610949067,cf_11,20,0.5,,1968050988,0.472669415998098
continuous,7,causal_forest,True,True,Approximate interval with subgroup covariance omitted,,-0.1497571452286368,-0.03653694378333139,0.11050413962263544,-0.25312505744369684,0.18005116987703407,0.11322020144530542,True,0.0059376693204695975,cf_12,20,0.5,5.0,1968050988,0.46710554099990986
continuous,8,causal_forest,True,True,Approximate interval with subgroup covariance omitted,,-0.1497571452286368,-0.18210361872667946,0.16143074574820082,-0.4985078803931531,0.13430064293979416,-0.03234647349804265,True,0.01381087453284405,cf_01,5,0.45,,1238877799,0.552006457997777
continuous,8,causal_forest,True,True,Approximate interval with subgroup covariance omitted,,-0.1497571452286368,-0.15510773141793055,0.12165067071355641,-0.39354304601650114,0.08332758318064001,-0.005350586189293738,True,0.007211784104882867,cf_02,5,0.45,5.0,1238877799,0.4796095420024358
continuous,8,causal_forest,True,True,Approximate interval with subgroup covariance omitted,,-0.1497571452286368,-0.1816382050801909,0.17581968296018965,-0.5262447836821627,0.16296837352178078,-0.031881059851554094,True,0.014722095475055689,cf_03,5,0.5,,1238877799,0.5669583330018213
continuous,8,causal_forest,True,True,Approximate interval with subgroup covariance omitted,,-0.1497571452286368,-0.14560744142558035,0.12116843455915433,-0.3830975731615228,0.09188269031036211,0.004149703803056459,True,0.006643326234329038,cf_04,5,0.5,5.0,1238877799,0.49634316700394265
continuous,8,causal_forest,True,True,Approximate interval with subgroup covariance omitted,,-0.1497571452286368,-0.16883836958376497,0.12506672308563252,-0.4139691468316047,0.07629240766407477,-0.019081224355128157,True,0.0093081274192256,cf_05,10,0.45,,1238877799,0.5557083750027232
continuous,8,causal_forest,True,True,Approximate interval with subgroup covariance omitted,,-0.1497571452286368,-0.15257058364698384,0.10969061972465573,-0.367564198307309,0.062423031013341373,-0.002813438418347025,True,0.0068985291168501585,cf_06,10,0.45,5.0,1238877799,0.4594907919963589
continuous,8,causal_forest,True,True,Approximate interval with subgroup covariance omitted,,-0.1497571452286368,-0.16270801839081295,0.1304785897808423,-0.41844605436126386,0.09303001757963797,-0.012950873162176135,True,0.009530185851666775,cf_07,10,0.5,,1238877799,0.5462009159964509
continuous,8,causal_forest,True,True,Approximate interval with subgroup covariance omitted,,-0.1497571452286368,-0.14504044539951721,0.11371161120505406,-0.36791520336142314,0.07783431256238874,0.004716699829119597,True,0.0064250538787043,cf_08,10,0.5,5.0,1238877799,0.47540816599939717
continuous,8,causal_forest,True,True,Approximate interval with subgroup covariance omitted,,-0.1497571452286368,-0.15040519216143178,0.09717820937399874,-0.3408744825344693,0.04006409821160575,-0.0006480469327949656,True,0.007048284411575967,cf_09,20,0.45,,1238877799,0.4407476249980391
continuous,8,causal_forest,True,True,Approximate interval with subgroup covariance omitted,,-0.1497571452286368,-0.1464374662009621,0.09434354110512283,-0.33135080676700285,0.038475874365078655,0.0033196790276747157,True,0.006722712950137441,cf_10,20,0.45,5.0,1238877799,0.4416383330026292
continuous,8,causal_forest,True,True,Approximate interval with subgroup covariance omitted,,-0.1497571452286368,-0.14466771696174308,0.09941405759707318,-0.33951926985200653,0.050183835928520354,0.005089428266893736,True,0.006779035265798637,cf_11,20,0.5,,1238877799,0.455035583996505
continuous,8,causal_forest,True,True,Approximate interval with subgroup covariance omitted,,-0.1497571452286368,-0.1404070275761703,0.09568928332908029,-0.32795802290116766,0.047143967748827065,0.009350117652466516,True,0.006331263919493146,cf_12,20,0.5,5.0,1238877799,0.45368258300004527
continuous,9,causal_forest,True,True,Approximate interval with subgroup covariance omitted,,-0.1497571452286368,-0.15470100289575245,0.15890745489907704,-0.46615961449794346,0.15675760870643857,-0.0049438576671156365,True,0.007614341479020494,cf_01,5,0.45,,329474752,0.5361057089976384
continuous,9,causal_forest,True,True,Approximate interval with subgroup covariance omitted,,-0.1497571452286368,-0.1481324599771105,0.12935214652018445,-0.40166266715667204,0.10539774720245104,0.0016246852515263144,True,0.0034957405344299116,cf_02,5,0.45,5.0,329474752,0.468826458993135
continuous,9,causal_forest,True,True,Approximate interval with subgroup covariance omitted,,-0.1497571452286368,-0.15147827660190305,0.16898911795364896,-0.482696947791055,0.1797403945872489,-0.001721131373266238,True,0.008769385544723729,cf_03,5,0.5,,329474752,0.5504794580047019
continuous,9,causal_forest,True,True,Approximate interval with subgroup covariance omitted,,-0.1497571452286368,-0.13842858728789714,0.1322463982364534,-0.3976315278313458,0.12077435325555153,0.01132855794073967,True,0.0037322364854111482,cf_04,5,0.5,5.0,329474752,0.4838291659980314
continuous,9,causal_forest,True,True,Approximate interval with subgroup covariance omitted,,-0.1497571452286368,-0.16170595900111612,0.12772913471782707,-0.41205506304805717,0.08864314504582493,-0.011948813772479305,True,0.004036509739280812,cf_05,10,0.45,,329474752,0.5058722079993458
continuous,9,causal_forest,True,True,Approximate interval with subgroup covariance omitted,,-0.1497571452286368,-0.15546668577052103,0.1190955991489447,-0.38889406010245264,0.07796068856141058,-0.005709540541884217,True,0.002491139315108311,cf_06,10,0.45,5.0,329474752,0.48559787499834783
continuous,9,causal_forest,True,True,Approximate interval with subgroup covariance omitted,,-0.1497571452286368,-0.14720155768026494,0.14006985958619209,-0.4217384824692014,0.12733536710867155,0.0025555875483718737,True,0.004819338694638253,cf_07,10,0.5,,329474752,0.5200444999936735
continuous,9,causal_forest,True,True,Approximate interval with subgroup covariance omitted,,-0.1497571452286368,-0.14320284880215517,0.12694611009766502,-0.3920172245935786,0.10561152698926826,0.006554296426481643,True,0.002957579320757368,cf_08,10,0.5,5.0,329474752,0.4749108750038431
continuous,9,causal_forest,True,True,Approximate interval with subgroup covariance omitted,,-0.1497571452286368,-0.14370299642437606,0.10535673647682875,-0.3502021999189604,0.06279620707020828,0.0060541488042607505,True,0.0020913404995014984,cf_09,20,0.45,,329474752,0.4479516249994049
continuous,9,causal_forest,True,True,Approximate interval with subgroup covariance omitted,,-0.1497571452286368,-0.1406580149991159,0.10236038493780096,-0.34128436947720575,0.05996833947897398,0.009099130229520913,True,0.0018296316975334346,cf_10,20,0.45,5.0,329474752,0.44070891700539505
continuous,9,causal_forest,True,True,Approximate interval with subgroup covariance omitted,,-0.1497571452286368,-0.14620774103274414,0.10815252898059062,-0.35818669783470175,0.06577121576921346,0.003549404195892669,True,0.002285250296239733,cf_11,20,0.5,,329474752,0.4611964580035419
continuous,9,causal_forest,True,True,Approximate interval with subgroup covariance omitted,,-0.1497571452286368,-0.1436258039727441,0.10465091117947549,-0.3487415898845161,0.061489981939027855,0.006131341255892708,True,0.0018648389069889789,cf_12,20,0.5,5.0,329474752,0.451299749998725
continuous,10,causal_forest,True,True,Approximate interval with subgroup covariance omitted,,-0.1497571452286368,-0.16204120753110246,0.1544575128660206,-0.4647779327485028,0.1406955176862979,-0.012284062302465648,True,0.008744430751526554,cf_01,5,0.45,,2313303118,0.5383356250022189
continuous,10,causal_forest,True,True,Approximate interval with subgroup covariance omitted,,-0.1497571452286368,-0.14287493667500195,0.11581419359037162,-0.36987075611213033,0.08412088276212643,0.006882208553634861,True,0.004077197695872573,cf_02,5,0.45,5.0,2313303118,0.47239816700312076
continuous,10,causal_forest,True,True,Approximate interval with subgroup covariance omitted,,-0.1497571452286368,-0.16672356888327494,0.1616822877665952,-0.48362085290580153,0.15017371513925165,-0.01696642365463813,True,0.009721803345144182,cf_03,5,0.5,,2313303118,0.5639127079994068
continuous,10,causal_forest,True,True,Approximate interval with subgroup covariance omitted,,-0.1497571452286368,-0.14641981259045922,0.11777284353041453,-0.37725458591007166,0.08441496072915325,0.0033373326381775925,True,0.003928576897087136,cf_04,5,0.5,5.0,2313303118,0.4934856670006411
continuous,10,causal_forest,True,True,Approximate interval with subgroup covariance omitted,,-0.1497571452286368,-0.15632006489321915,0.11137955262956747,-0.3746239880471714,0.061983858260733105,-0.006562919664582334,True,0.005235850013357791,cf_05,10,0.45,,2313303118,0.5001490409995313
continuous,10,causal_forest,True,True,Approximate interval with subgroup covariance omitted,,-0.1497571452286368,-0.14164058711706945,0.09819726392523268,-0.3341072244105255,0.050826050176386584,0.008116558111567362,True,0.0034385702630092226,cf_06,10,0.45,5.0,2313303118,0.4750100420060335
continuous,10,causal_forest,True,True,Approximate interval with subgroup covariance omitted,,-0.1497571452286368,-0.15313984947739073,0.12242041180580136,-0.3930838566167614,0.08680415766197994,-0.0033827042487539205,True,0.005724548401023525,cf_07,10,0.5,,2313303118,0.5676117499970132
continuous,10,causal_forest,True,True,Approximate interval with subgroup covariance omitted,,-0.1497571452286368,-0.13582380292036472,0.10727791346946029,-0.3460885133205069,0.07444090747977744,0.01393334230827209,True,0.0035421620218535183,cf_08,10,0.5,5.0,2313303118,0.5011630410008365
continuous,10,causal_forest,True,True,Approximate interval with subgroup covariance omitted,,-0.1497571452286368,-0.12852377198048676,0.08274997286016096,-0.29071371878640223,0.03366617482542872,0.021233373248150056,True,0.003260230452651033,cf_09,20,0.45,,2313303118,0.44407691700325813
continuous,10,causal_forest,True,True,Approximate interval with subgroup covariance omitted,,-0.1497571452286368,-0.12613641543781579,0.08064105671972958,-0.28419288660848574,0.0319200557328542,0.023620729790821027,True,0.003124691468088966,cf_10,20,0.45,5.0,2313303118,0.45306733299366897
continuous,10,causal_forest,True,True,Approximate interval with subgroup covariance omitted,,-0.1497571452286368,-0.13405522164058908,0.10039482735719625,-0.3308290832606937,0.06271863997951557,0.015701923588047728,True,0.0033709267385906828,cf_11,20,0.5,,2313303118,0.4609958339933655
continuous,10,causal_forest,True,True,Approximate interval with subgroup covariance omitted,,-0.1497571452286368,-0.1272367631946384,0.09380817968672958,-0.3111007953806284,0.05662726899135159,0.02252038203399842,True,0.0029691218188279745,cf_12,20,0.5,5.0,2313303118,0.4526455410014023
continuous,11,causal_forest,True,True,Approximate interval with subgroup covariance omitted,,-0.1497571452286368,-0.11953673991349623,0.15333381772290372,-0.42007102265038754,0.18099754282339509,0.030220405315140586,True,0.008889052750493653,cf_01,5,0.45,,4054955524,0.5615232500058482
continuous,11,causal_forest,True,True,Approximate interval with subgroup covariance omitted,,-0.1497571452286368,-0.096482772656171,0.11431496452200361,-0.32054010311929804,0.12757455780695606,0.05327437257246581,True,0.005000018353220081,cf_02,5,0.45,5.0,4054955524,0.47788604199740803
continuous,11,causal_forest,True,True,Approximate interval with subgroup covariance omitted,,-0.1497571452286368,-0.11984210061971379,0.14462830775262847,-0.4033135838148656,0.16362938257543802,0.029915044608923025,True,0.01043142259142842,cf_03,5,0.5,,4054955524,0.5601530830026604
continuous,11,causal_forest,True,True,Approximate interval with subgroup covariance omitted,,-0.1497571452286368,-0.09333047984487453,0.11080890398845314,-0.3105159316622427,0.12385497197249362,0.05642666538376229,True,0.005340032223954745,cf_04,5,0.5,5.0,4054955524,0.4818978330004029
continuous,11,causal_forest,True,True,Approximate interval with subgroup covariance omitted,,-0.1497571452286368,-0.1101483734083597,0.11968909979362649,-0.3447390090038676,0.12444226218714821,0.03960877182027711,True,0.00545385401483465,cf_05,10,0.45,,4054955524,0.5153387079990353
continuous,11,causal_forest,True,True,Approximate interval with subgroup covariance omitted,,-0.1497571452286368,-0.0922654593406308,0.10554032000065051,-0.2991244865419058,0.1145935678606442,0.05749168588800602,True,0.00420397735271635,cf_06,10,0.45,5.0,4054955524,0.47911179199581966
continuous,11,causal_forest,True,True,Approximate interval with subgroup covariance omitted,,-0.1497571452286368,-0.11373635785894609,0.12338136979117072,-0.3555638426496407,0.1280911269317485,0.03602078736969072,True,0.006577022019116145,cf_07,10,0.5,,4054955524,0.5246819579988369
continuous,11,causal_forest,True,True,Approximate interval with subgroup covariance omitted,,-0.1497571452286368,-0.09068739698062545,0.10523385074849145,-0.2969457444476687,0.1155709504864178,0.05906974824801137,True,0.004687962101315805,cf_08,10,0.5,5.0,4054955524,0.4837995000052615
continuous,11,causal_forest,True,True,Approximate interval with subgroup covariance omitted,,-0.1497571452286368,-0.09225486090390522,0.09904773340174279,-0.2863884183713211,0.10187869656351065,0.05750228432473159,True,0.0036361905664762527,cf_09,20,0.45,,4054955524,0.4569210000045132
continuous,11,causal_forest,True,True,Approximate interval with subgroup covariance omitted,,-0.1497571452286368,-0.088124087450688,0.09616479647923351,-0.27660708854998567,0.10035891364860966,0.06163305777794881,True,0.003425723387708717,cf_10,20,0.45,5.0,4054955524,0.5497604590054834
continuous,11,causal_forest,True,True,Approximate interval with subgroup covariance omitted,,-0.1497571452286368,-0.1007878575814588,0.10642458070134952,-0.30938003575610384,0.10780432059318626,0.048969287647178006,True,0.0038587215518426053,cf_11,20,0.5,,4054955524,0.4789239160018042
continuous,11,causal_forest,True,True,Approximate interval with subgroup covariance omitted,,-0.1497571452286368,-0.09346064553144307,0.10188235009431011,-0.2931500517162909,0.10622876065340475,0.05629649969719375,True,0.0035507384782865396,cf_12,20,0.5,5.0,4054955524,0.4775252920007915
continuous,12,causal_forest,True,True,Approximate interval with subgroup covariance omitted,,-0.1497571452286368,-0.06421224319514085,0.14647390052824869,-0.35130108823050826,0.22287660184022656,0.08554490203349596,True,0.011599057683802073,cf_01,5,0.45,,1744437205,0.5429251669993391
continuous,12,causal_forest,True,True,Approximate interval with subgroup covariance omitted,,-0.1497571452286368,-0.048518317588459814,0.1143115796645595,-0.2725690137309964,0.1755323785540768,0.101238827640177,True,0.007046924808744267,cf_02,5,0.45,5.0,1744437205,0.48256887499883305
continuous,12,causal_forest,True,True,Approximate interval with subgroup covariance omitted,,-0.1497571452286368,-0.06296605974801361,0.1597378427603818,-0.3760522315583619,0.2501201120623347,0.0867910854806232,True,0.012613104262849017,cf_03,5,0.5,,1744437205,0.5669017090040143
continuous,12,causal_forest,True,True,Approximate interval with subgroup covariance omitted,,-0.1497571452286368,-0.04006064891905359,0.12213906452366953,-0.2794532153854459,0.1993319175473387,0.10969649630958322,True,0.007626208947149476,cf_04,5,0.5,5.0,1744437205,0.4977946249928209
continuous,12,causal_forest,True,True,Approximate interval with subgroup covariance omitted,,-0.1497571452286368,-0.06416612066061311,0.11982298837358699,-0.2990191778728436,0.17068693655161737,0.0855910245680237,True,0.0073838785546319835,cf_05,10,0.45,,1744437205,0.4994329999972251
continuous,12,causal_forest,True,True,Approximate interval with subgroup covariance omitted,,-0.1497571452286368,-0.055997105901498756,0.10507387043720974,-0.2619418919584299,0.14994768015543233,0.09376003932713806,True,0.005684288485688314,cf_06,10,0.45,5.0,1744437205,0.48736641599680297
continuous,12,causal_forest,True,True,Approximate interval with subgroup covariance omitted,,-0.1497571452286368,-0.06674129195794443,0.1324424873601681,-0.3263285671838739,0.19284598326798502,0.08301585327069239,True,0.008301683698952289,cf_07,10,0.5,,1744437205,0.5252207919984357
continuous,12,causal_forest,True,True,Approximate interval with subgroup covariance omitted,,-0.1497571452286368,-0.0482256600387857,0.11262172798641637,-0.2689642468921618,0.17251292681459038,0.10153148518985111,True,0.006247084605341752,cf_08,10,0.5,5.0,1744437205,0.4837745420009014
continuous,12,causal_forest,True,True,Approximate interval with subgroup covariance omitted,,-0.1497571452286368,-0.06487259464931727,0.09377241521115764,-0.24866652846318626,0.11892133916455172,0.08488455057931954,True,0.004336520645514833,cf_09,20,0.45,,1744437205,0.45369241600565147
continuous,12,causal_forest,True,True,Approximate interval with subgroup covariance omitted,,-0.1497571452286368,-0.06238062562716373,0.09125876684235247,-0.24124780863817458,0.11648655738384711,0.08737651960147308,True,0.0042668448810534955,cf_10,20,0.45,5.0,1744437205,0.4482920410009683
continuous,12,causal_forest,True,True,Approximate interval with subgroup covariance omitted,,-0.1497571452286368,-0.06815698427703576,0.10468193758235776,-0.27333358193845697,0.13701961338438545,0.08160016095160105,True,0.005036452823587529,cf_11,20,0.5,,1744437205,0.47246637500211364
continuous,12,causal_forest,True,True,Approximate interval with subgroup covariance omitted,,-0.1497571452286368,-0.06369674633677402,0.10159628798012886,-0.2628254707778266,0.13543197810427854,0.08606039889186279,True,0.004669984530404632,cf_12,20,0.5,5.0,1744437205,0.4617978750029579
continuous,13,causal_forest,True,True,Approximate interval with subgroup covariance omitted,,-0.1497571452286368,-0.16891124862609946,0.16398154316287222,-0.490315073225329,0.1524925759731301,-0.019154103397462652,True,0.010568253168156549,cf_01,5,0.45,,1591612964,0.5336046670054202
continuous,13,causal_forest,True,True,Approximate interval with subgroup covariance omitted,,-0.1497571452286368,-0.1613441364408848,0.13383676927616117,-0.42366420422216067,0.10097593134039107,-0.011586991212247988,True,0.006109719431487756,cf_02,5,0.45,5.0,1591612964,0.4750070419977419
continuous,13,causal_forest,True,True,Approximate interval with subgroup covariance omitted,,-0.1497571452286368,-0.15489169453062246,0.16879512200596816,-0.48573013366232004,0.17594674460107512,-0.005134549301985647,True,0.012155781687047142,cf_03,5,0.5,,1591612964,0.653739499997755
continuous,13,causal_forest,True,True,Approximate interval with subgroup covariance omitted,,-0.1497571452286368,-0.1486784790733805,0.13094412364769387,-0.40532896142286046,0.10797200327609946,0.0010786661552563137,True,0.00641197415552467,cf_04,5,0.5,5.0,1591612964,0.489304708004056
continuous,13,causal_forest,True,True,Approximate interval with subgroup covariance omitted,,-0.1497571452286368,-0.17044524948717021,0.13654555069165372,-0.4380745288428115,0.09718402986847108,-0.020688104258533402,True,0.007920020008530346,cf_05,10,0.45,,1591612964,0.49293424999632407
continuous,13,causal_forest,True,True,Approximate interval with subgroup covariance omitted,,-0.1497571452286368,-0.16157533843462107,0.12123370567728389,-0.3991934015620975,0.07604272469285536,-0.011818193205984262,True,0.0058204462999247525,cf_06,10,0.45,5.0,1591612964,0.4627796670029056
continuous,13,causal_forest,True,True,Approximate interval with subgroup covariance omitted,,-0.1497571452286368,-0.1522885200463484,0.13440008694822245,-0.4157126904648644,0.1111356503721676,-0.0025313748177115958,True,0.00877767960718923,cf_07,10,0.5,,1591612964,0.517163166005048
continuous,13,causal_forest,True,True,Approximate interval with subgroup covariance omitted,,-0.1497571452286368,-0.14512368564410516,0.11864956383421058,-0.3776768307591579,0.08742945947094757,0.004633459584531652,True,0.006050685373416576,cf_08,10,0.5,5.0,1591612964,0.4773945420020027
continuous,13,causal_forest,True,True,Approximate interval with subgroup covariance omitted,,-0.1497571452286368,-0.14791832896974577,0.11408113301666796,-0.371517349682415,0.07568069174292344,0.0018388162588910406,True,0.005275073025320174,cf_09,20,0.45,,1591612964,0.44958779100124957
continuous,13,causal_forest,True,True,Approximate interval with subgroup covariance omitted,,-0.1497571452286368,-0.1465523857073049,0.11340141342981998,-0.368819156029752,0.07571438461514227,0.0032047595213319235,True,0.004941907438822722,cf_10,20,0.45,5.0,1591612964,0.45470108299923595
continuous,13,causal_forest,True,True,Approximate interval with subgroup covariance omitted,,-0.1497571452286368,-0.13946288913763205,0.10910446049464892,-0.35330763170714397,0.07438185343187984,0.010294256091004761,True,0.005700319089973652,cf_11,20,0.5,,1591612964,0.4779531659951317
continuous,13,causal_forest,True,True,Approximate interval with subgroup covariance omitted,,-0.1497571452286368,-0.1365149519606736,0.10500510928132953,-0.34232496615207947,0.06929506223073228,0.01324219326796322,True,0.005290257744195825,cf_12,20,0.5,5.0,1591612964,0.4595935830002418
continuous,14,causal_forest,True,True,Approximate interval with subgroup covariance omitted,,-0.1497571452286368,-0.20552663696732387,0.17527509377193562,-0.5490658207603176,0.13801254682566994,-0.05576949173868706,True,0.0101191689396318,cf_01,5,0.45,,2946007932,0.5367419589965721
continuous,14,causal_forest,True,True,Approximate interval with subgroup covariance omitted,,-0.1497571452286368,-0.18672108207656923,0.14125133969261955,-0.46357370787410357,0.0901315437209651,-0.03696393684793242,True,0.004948008200543317,cf_02,5,0.45,5.0,2946007932,0.4753134999991744
continuous,14,causal_forest,True,True,Approximate interval with subgroup covariance omitted,,-0.1497571452286368,-0.1966083849572814,0.18064520492499225,-0.5506729866102662,0.15745621669570342,-0.04685123972864458,True,0.0100188443857941,cf_03,5,0.5,,2946007932,0.5606397910014493
continuous,14,causal_forest,True,True,Approximate interval with subgroup covariance omitted,,-0.1497571452286368,-0.18669864784624463,0.14620217522675413,-0.4732549112906827,0.09985761559819345,-0.03694150261760781,True,0.00536502908649628,cf_04,5,0.5,5.0,2946007932,0.49100708400510484
continuous,14,causal_forest,True,True,Approximate interval with subgroup covariance omitted,,-0.1497571452286368,-0.19279226248873865,0.1476329884739863,-0.4821529198977518,0.09656839492027447,-0.04303511726010184,True,0.006791002467702548,cf_05,10,0.45,,2946007932,0.4961782500031404
continuous,14,causal_forest,True,True,Approximate interval with subgroup covariance omitted,,-0.1497571452286368,-0.18309528971323197,0.13432682084057326,-0.44637585856075557,0.08018527913429163,-0.033338144484595156,True,0.004422631271571788,cf_06,10,0.45,5.0,2946007932,0.46600237500388175
continuous,14,causal_forest,True,True,Approximate interval with subgroup covariance omitted,,-0.1497571452286368,-0.1956542149043291,0.14891818211679977,-0.48753385185325665,0.09622542204459844,-0.04589706967569229,True,0.0068586794611132824,cf_07,10,0.5,,2946007932,0.5190839580027387
continuous,14,causal_forest,True,True,Approximate interval with subgroup covariance omitted,,-0.1497571452286368,-0.1853456287694703,0.13227986661914773,-0.44461416734299986,0.07392290980405924,-0.03558848354083349,True,0.004584109462322065,cf_08,10,0.5,5.0,2946007932,0.48265441699913936
continuous,14,causal_forest,True,True,Approximate interval with subgroup covariance omitted,,-0.1497571452286368,-0.17952705914327066,0.11241829986837507,-0.3998669268852858,0.04081280859874445,-0.02976991391463385,True,0.004167349341482337,cf_09,20,0.45,,2946007932,0.45126383299793815
continuous,14,causal_forest,True,True,Approximate interval with subgroup covariance omitted,,-0.1497571452286368,-0.17526057142732626,0.11190448447256458,-0.3945933609935528,0.044072218138900304,-0.02550342619868945,True,0.003761275357365639,cf_10,20,0.45,5.0,2946007932,0.44456787499802886
continuous,14,causal_forest,True,True,Approximate interval with subgroup covariance omitted,,-0.1497571452286368,-0.1905511621964452,0.1181581746478829,-0.4221411845062957,0.041038860113405295,-0.04079401696780838,True,0.004518558235357904,cf_11,20,0.5,,2946007932,0.47098287499829894
continuous,14,causal_forest,True,True,Approximate interval with subgroup covariance omitted,,-0.1497571452286368,-0.1861487341610536,0.11571273519424849,-0.41294569514178064,0.04064822681967345,-0.036391588932416785,True,0.003968010847388,cf_12,20,0.5,5.0,2946007932,0.46173929200449493
continuous,15,causal_forest,True,True,Approximate interval with subgroup covariance omitted,,-0.1497571452286368,-0.08959575639993311,0.136246484855713,-0.3566388667171306,0.17744735391726435,0.0601613888287037,True,0.011945307228758152,cf_01,5,0.45,,1494747002,0.5281018749956274
continuous,15,causal_forest,True,True,Approximate interval with subgroup covariance omitted,,-0.1497571452286368,-0.07690561370109472,0.10497746192840425,-0.282661439080767,0.1288502116785776,0.07285153152754209,True,0.008356527816018993,cf_02,5,0.45,5.0,1494747002,0.4777314169987221
continuous,15,causal_forest,True,True,Approximate interval with subgroup covariance omitted,,-0.1497571452286368,-0.10150822499463241,0.14632385892847896,-0.38830298849445116,0.18528653850518634,0.0482489202340044,True,0.011983776007240257,cf_03,5,0.5,,1494747002,0.5521935839933576
continuous,15,causal_forest,True,True,Approximate interval with subgroup covariance omitted,,-0.1497571452286368,-0.09000671794591031,0.10894997905229692,-0.30354867688841225,0.12353524099659166,0.059750427282726504,True,0.00765694021772055,cf_04,5,0.5,5.0,1494747002,0.49028520800493425
continuous,15,causal_forest,True,True,Approximate interval with subgroup covariance omitted,,-0.1497571452286368,-0.0967026229668686,0.11061206117820131,-0.31350226287614313,0.12009701694240596,0.05305452226176821,True,0.009616198257535074,cf_05,10,0.45,,1494747002,0.49888770800316706
continuous,15,causal_forest,True,True,Approximate interval with subgroup covariance omitted,,-0.1497571452286368,-0.08066550300992825,0.09801107979788079,-0.2727672194137746,0.1114362133939181,0.06909164221870856,True,0.008233057002659227,cf_06,10,0.45,5.0,1494747002,0.4649354590001167
continuous,15,causal_forest,True,True,Approximate interval with subgroup covariance omitted,,-0.1497571452286368,-0.10346916786264004,0.11641936627560254,-0.331651125762821,0.12471279003754093,0.04628797736599677,True,0.008987277806246292,cf_07,10,0.5,,1494747002,0.5082972079981118
continuous,15,causal_forest,True,True,Approximate interval with subgroup covariance omitted,,-0.1497571452286368,-0.08967338043161943,0.09859092525825645,-0.2829115939378021,0.10356483307456321,0.06008376479701738,True,0.007607478047738442,cf_08,10,0.5,5.0,1494747002,0.48107941600028425
continuous,15,causal_forest,True,True,Approximate interval with subgroup covariance omitted,,-0.1497571452286368,-0.08306651783087804,0.08865095350478204,-0.2568223867002508,0.09068935103849476,0.06669062739775877,True,0.008161059666191881,cf_09,20,0.45,,1494747002,0.44652708300418453
continuous,15,causal_forest,True,True,Approximate interval with subgroup covariance omitted,,-0.1497571452286368,-0.08142753032942196,0.08704527059184826,-0.2520362606894445,0.08918120003060062,0.06832961489921485,True,0.008069948677657035,cf_10,20,0.45,5.0,1494747002,0.43971350000356324
continuous,15,causal_forest,True,True,Approximate interval with subgroup covariance omitted,,-0.1497571452286368,-0.08884276532041202,0.08566189208161806,-0.25674007380038344,0.07905454315955937,0.06091437990822479,True,0.007492581409759847,cf_11,20,0.5,,1494747002,0.46155424999597017
continuous,15,causal_forest,True,True,Approximate interval with subgroup covariance omitted,,-0.1497571452286368,-0.08470563681881504,0.08412156234618318,-0.24958389901733408,0.08017262537970399,0.06505150840982177,True,0.007366273513632169,cf_12,20,0.5,5.0,1494747002,0.45656687500013504
continuous,16,causal_forest,True,True,Approximate interval with subgroup covariance omitted,,-0.1497571452286368,-0.19332720762984146,0.15766391004785224,-0.5023484713236319,0.11569405606394895,-0.043570062401204646,True,0.014791216640439864,cf_01,5,0.45,,1017180567,0.5296215830021538
continuous,16,causal_forest,True,True,Approximate interval with subgroup covariance omitted,,-0.1497571452286368,-0.1768032044196851,0.11959435169019433,-0.411208133732466,0.057601724893095785,-0.0270460591910483,True,0.009032498849503554,cf_02,5,0.45,5.0,1017180567,0.47580079199542524
continuous,16,causal_forest,True,True,Approximate interval with subgroup covariance omitted,,-0.1497571452286368,-0.19926691463154106,0.16602616053881844,-0.5246781892876252,0.1261443600245431,-0.04950976940290425,True,0.015969702425204933,cf_03,5,0.5,,1017180567,0.557422249999945
continuous,16,causal_forest,True,True,Approximate interval with subgroup covariance omitted,,-0.1497571452286368,-0.18579573164276436,0.13274065845030772,-0.4459674222053675,0.07437595891983878,-0.03603858641412755,True,0.009388412895376685,cf_04,5,0.5,5.0,1017180567,0.4949347910005599
continuous,16,causal_forest,True,True,Approximate interval with subgroup covariance omitted,,-0.1497571452286368,-0.1938718070772676,0.12510754400174795,-0.43908259332069355,0.0513389791661584,-0.044114661848630776,True,0.010502432637191035,cf_05,10,0.45,,1017180567,0.4923581670009298
continuous,16,causal_forest,True,True,Approximate interval with subgroup covariance omitted,,-0.1497571452286368,-0.18021669762287879,0.10966609666726503,-0.39516224709071823,0.03472885184496066,-0.030459552394241973,True,0.007913574082786434,cf_06,10,0.45,5.0,1017180567,0.46561012500023935
continuous,16,causal_forest,True,True,Approximate interval with subgroup covariance omitted,,-0.1497571452286368,-0.20128226893554108,0.13867950413000782,-0.4730940970303564,0.07052955915927422,-0.05152512370690426,True,0.012031378863226876,cf_07,10,0.5,,1017180567,0.5105132500029868
continuous,16,causal_forest,True,True,Approximate interval with subgroup covariance omitted,,-0.1497571452286368,-0.1871647252898243,0.12561273799389114,-0.43336569175785095,0.05903624117820233,-0.037407580061187495,True,0.008618525478587373,cf_08,10,0.5,5.0,1017180567,0.4779349170057685
continuous,16,causal_forest,True,True,Approximate interval with subgroup covariance omitted,,-0.1497571452286368,-0.1844879850534379,0.10534429378112445,-0.3909628008644418,0.021986830757566023,-0.034730839824801074,True,0.006702012005380932,cf_09,20,0.45,,1017180567,0.44866137499775505
continuous,16,causal_forest,True,True,Approximate interval with subgroup covariance omitted,,-0.1497571452286368,-0.1799487256807062,0.10303785168724663,-0.38190291498770956,0.02200546362629721,-0.030191580452069378,True,0.006174817713245965,cf_10,20,0.45,5.0,1017180567,0.4414342919990304
continuous,16,causal_forest,True,True,Approximate interval with subgroup covariance omitted,,-0.1497571452286368,-0.19072361346251104,0.11922734398142111,-0.4244092076660964,0.042961980741074324,-0.04096646823387423,True,0.007380372453284917,cf_11,20,0.5,,1017180567,0.4648585830000229
continuous,16,causal_forest,True,True,Approximate interval with subgroup covariance omitted,,-0.1497571452286368,-0.18741189853222362,0.11542051065545333,-0.41363609941691215,0.03881230235246491,-0.03765475330358681,True,0.006732501233505485,cf_12,20,0.5,5.0,1017180567,0.47052745800465345
continuous,17,causal_forest,True,True,Approximate interval with subgroup covariance omitted,,-0.1497571452286368,-0.2564662546411189,0.18100552959299762,-0.6112370926433942,0.09830458336115644,-0.10670910941248207,True,0.017844441819538048,cf_01,5,0.45,,1917287329,0.5296546249956009
continuous,17,causal_forest,True,True,Approximate interval with subgroup covariance omitted,,-0.1497571452286368,-0.2124919286676536,0.1378072071682998,-0.4825940547175212,0.05761019738221401,-0.06273478343901678,True,0.009613893620081722,cf_02,5,0.45,5.0,1917287329,0.47597220900206594
continuous,17,causal_forest,True,True,Approximate interval with subgroup covariance omitted,,-0.1497571452286368,-0.24488598842258474,0.17566583879075032,-0.5891910324524554,0.09941905560728587,-0.09512884319394793,True,0.01883321176879311,cf_03,5,0.5,,1917287329,0.5575968339981046
continuous,17,causal_forest,True,True,Approximate interval with subgroup covariance omitted,,-0.1497571452286368,-0.19358609970341173,0.13678770912943292,-0.4616900095971002,0.07451781019027676,-0.04382895447477492,True,0.009717089995158877,cf_04,5,0.5,5.0,1917287329,0.4875842499968712
continuous,17,causal_forest,True,True,Approximate interval with subgroup covariance omitted,,-0.1497571452286368,-0.23651168181621446,0.1427591770077234,-0.5163196687513523,0.043296305118923406,-0.08675453658757765,True,0.011892834384170943,cf_05,10,0.45,,1917287329,0.48901350000232924
continuous,17,causal_forest,True,True,Approximate interval with subgroup covariance omitted,,-0.1497571452286368,-0.20778308069648682,0.13333940830807903,-0.4691283209803217,0.05356215958734806,-0.05802593546785001,True,0.008464686620075384,cf_06,10,0.45,5.0,1917287329,0.46633441599988146
continuous,17,causal_forest,True,True,Approximate interval with subgroup covariance omitted,,-0.1497571452286368,-0.22149156334918124,0.14521230106367247,-0.5061076734339793,0.0631245467356168,-0.07173441812054443,True,0.013112286716643965,cf_07,10,0.5,,1917287329,0.5115092909982195
continuous,17,causal_forest,True,True,Approximate interval with subgroup covariance omitted,,-0.1497571452286368,-0.18673883249211815,0.12794182373099908,-0.4375048070048763,0.06402714202064003,-0.03698168726348133,True,0.009054886290147938,cf_08,10,0.5,5.0,1917287329,0.4778434589970857
continuous,17,causal_forest,True,True,Approximate interval with subgroup covariance omitted,,-0.1497571452286368,-0.21689891739079958,0.11301637603427027,-0.4384110144179693,0.004613179636370146,-0.06714177216216277,True,0.007727626497096641,cf_09,20,0.45,,1917287329,0.4460586669956683
continuous,17,causal_forest,True,True,Approximate interval with subgroup covariance omitted,,-0.1497571452286368,-0.20985018269463857,0.11270595141909777,-0.43075384747607015,0.011053482086793048,-0.06009303746600175,True,0.007332527527113541,cf_10,20,0.45,5.0,1917287329,0.45149250000395114
continuous,17,causal_forest,True,True,Approximate interval with subgroup covariance omitted,,-0.1497571452286368,-0.20676246779913293,0.1144895613195833,-0.4311620079855162,0.01763707238725032,-0.05700532257049612,True,0.00822631074403195,cf_11,20,0.5,,1917287329,0.47056637499917997
continuous,17,causal_forest,True,True,Approximate interval with subgroup covariance omitted,,-0.1497571452286368,-0.1963200745150116,0.11037243271707474,-0.4126500426404781,0.020009893610454882,-0.04656292928637479,True,0.007480050600036982,cf_12,20,0.5,5.0,1917287329,0.45774962499854155
continuous,18,causal_forest,True,True,Approximate interval with subgroup covariance omitted,,-0.1497571452286368,-0.05984100022909156,0.14366052343560445,-0.3414156261628763,0.22173362570469318,0.08991614499954526,True,0.007723635205858303,cf_01,5,0.45,,243956714,0.5399743339949055
continuous,18,causal_forest,True,True,Approximate interval with subgroup covariance omitted,,-0.1497571452286368,-0.04788582505607464,0.11416179394075233,-0.27164294117994925,0.17587129106779995,0.10187132017256217,True,0.004638757476457438,cf_02,5,0.45,5.0,243956714,0.47762245799822267
continuous,18,causal_forest,True,True,Approximate interval with subgroup covariance omitted,,-0.1497571452286368,-0.0814147487751461,0.15540774323615927,-0.3860139255180183,0.22318442796772608,0.06834239645349072,True,0.008329980685063876,cf_03,5,0.5,,243956714,0.5713603749973117
continuous,18,causal_forest,True,True,Approximate interval with subgroup covariance omitted,,-0.1497571452286368,-0.06687411356827522,0.11865852560090379,-0.29944482374604664,0.1656965966094962,0.0828830316603616,True,0.003905590991031865,cf_04,5,0.5,5.0,243956714,0.4917678749989136
continuous,18,causal_forest,True,True,Approximate interval with subgroup covariance omitted,,-0.1497571452286368,-0.05875241808399789,0.11144195047569871,-0.27717864101636736,0.15967380484837157,0.09100472714463892,True,0.0047299681875552935,cf_05,10,0.45,,243956714,0.521217916997557
continuous,18,causal_forest,True,True,Approximate interval with subgroup covariance omitted,,-0.1497571452286368,-0.04836595268066457,0.10100519209193158,-0.24633612918085046,0.14960422381952132,0.10139119254797224,True,0.0037562946673740274,cf_06,10,0.45,5.0,243956714,0.4645240419995389
continuous,18,causal_forest,True,True,Approximate interval with subgroup covariance omitted,,-0.1497571452286368,-0.06917412156942893,0.12390098746405173,-0.3120200569989703,0.17367181386011246,0.08058302365920789,True,0.004990512853695678,cf_07,10,0.5,,243956714,0.5168029999986175
continuous,18,causal_forest,True,True,Approximate interval with subgroup covariance omitted,,-0.1497571452286368,-0.05885795564369045,0.1072078688420143,-0.2689853785740385,0.15126946728665758,0.09089918958494636,True,0.0035339755188289394,cf_08,10,0.5,5.0,243956714,0.4801017909994698
continuous,18,causal_forest,True,True,Approximate interval with subgroup covariance omitted,,-0.1497571452286368,-0.03950986934815515,0.085721085506729,-0.20752319694134397,0.12850345824503367,0.11024727588048167,True,0.0037808340673537383,cf_09,20,0.45,,243956714,0.44980358299653744
continuous,18,causal_forest,True,True,Approximate interval with subgroup covariance omitted,,-0.1497571452286368,-0.037553221574763596,0.08409863833211893,-0.2023865527057167,0.1272801095561895,0.11220392365387322,True,0.0036825315443629724,cf_10,20,0.45,5.0,243956714,0.44378095799766015
continuous,18,causal_forest,True,True,Approximate interval with subgroup covariance omitted,,-0.1497571452286368,-0.0598387278230037,0.09082724107656495,-0.237860120333071,0.1181826646870636,0.08991841740563311,True,0.0032991327210826313,cf_11,20,0.5,,243956714,0.4676460410046275
continuous,18,causal_forest,True,True,Approximate interval with subgroup covariance omitted,,-0.1497571452286368,-0.057634910547727625,0.08613639883180645,-0.22646225225806826,0.11119243116261301,0.09212223468090919,True,0.0030816706004744574,cf_12,20,0.5,5.0,243956714,0.4566279169957852
continuous,19,causal_forest,True,True,Approximate interval with subgroup covariance omitted,,-0.1497571452286368,-0.1702999332838856,0.16770277807428377,-0.49899737830948176,0.15839751174171057,-0.020542788055248784,True,0.01267320797929328,cf_01,5,0.45,,1842185658,0.5338127919967519
continuous,19,causal_forest,True,True,Approximate interval with subgroup covariance omitted,,-0.1497571452286368,-0.15281778457727369,0.1277963234104253,-0.40329857846170725,0.09766300930715988,-0.0030606393486368733,True,0.0062452722416222965,cf_02,5,0.45,5.0,1842185658,0.48499925000214716
continuous,19,causal_forest,True,True,Approximate interval with subgroup covariance omitted,,-0.1497571452286368,-0.1563330113004841,0.16882929761929305,-0.4872384346342985,0.1745724120333303,-0.006575866071847292,True,0.013643132478795002,cf_03,5,0.5,,1842185658,0.560552208997251
continuous,19,causal_forest,True,True,Approximate interval with subgroup covariance omitted,,-0.1497571452286368,-0.14618895233184664,0.12394505160889127,-0.38912125348527354,0.09674334882158026,0.0035681928967901677,True,0.0065806327723550466,cf_04,5,0.5,5.0,1842185658,0.49793024999962654
continuous,19,causal_forest,True,True,Approximate interval with subgroup covariance omitted,,-0.1497571452286368,-0.16616146108350932,0.13027960545499365,-0.42150948777529684,0.0891865656082782,-0.01640431585487251,True,0.007561584500975195,cf_05,10,0.45,,1842185658,0.4953335839963984
continuous,19,causal_forest,True,True,Approximate interval with subgroup covariance omitted,,-0.1497571452286368,-0.1530149981883207,0.11626740091365861,-0.38089910397909155,0.07486910760245016,-0.0032578529596838934,True,0.005074819324979174,cf_06,10,0.45,5.0,1842185658,0.47053212500031805
continuous,19,causal_forest,True,True,Approximate interval with subgroup covariance omitted,,-0.1497571452286368,-0.16300971247729346,0.12941087597226397,-0.41665502938293086,0.09063560442834395,-0.013252567248656644,True,0.008500704169680826,cf_07,10,0.5,,1842185658,0.5174377500006813
continuous,19,causal_forest,True,True,Approximate interval with subgroup covariance omitted,,-0.1497571452286368,-0.15006039782963776,0.11135969483144142,-0.3683253996992629,0.06820460403998743,-0.0003032526010009473,True,0.005609960718128585,cf_08,10,0.5,5.0,1842185658,0.48664724999980535
continuous,19,causal_forest,True,True,Approximate interval with subgroup covariance omitted,,-0.1497571452286368,-0.1578264133847278,0.0975863089682122,-0.3490955789624237,0.033442752192968106,-0.008069268156090992,True,0.0046849097340795134,cf_09,20,0.45,,1842185658,0.45790774999477435
continuous,19,causal_forest,True,True,Approximate interval with subgroup covariance omitted,,-0.1497571452286368,-0.15409013753795847,0.09572026663817745,-0.3417018601487863,0.03352158507286934,-0.004332992309321659,True,0.0042902847262525886,cf_10,20,0.45,5.0,1842185658,0.4532156670029508
continuous,19,causal_forest,True,True,Approximate interval with subgroup covariance omitted,,-0.1497571452286368,-0.1550571667747288,0.1023904553821348,-0.355742459323713,0.0456281257742554,-0.005300021546091993,True,0.004929605696254457,cf_11,20,0.5,,1842185658,0.4703032079996774
continuous,19,causal_forest,True,True,Approximate interval with subgroup covariance omitted,,-0.1497571452286368,-0.150085157544255,0.10303107734627126,-0.35202606914294665,0.05185575405443668,-0.0003280123156181869,True,0.004407649876257916,cf_12,20,0.5,5.0,1842185658,0.4773661250001169
continuous,20,causal_forest,True,True,Approximate interval with subgroup covariance omitted,,-0.1497571452286368,-0.05442353123261168,0.14093702779794529,-0.33066010571658444,0.2218130432513611,0.09533361399602513,True,0.013350338765284908,cf_01,5,0.45,,2629678223,0.5347944579989417
continuous,20,causal_forest,True,True,Approximate interval with subgroup covariance omitted,,-0.1497571452286368,-0.04492258375580649,0.10847653354129189,-0.2575365894967386,0.1676914219851256,0.10483456147283032,True,0.00964278551130751,cf_02,5,0.45,5.0,2629678223,0.4787133330028155
continuous,20,causal_forest,True,True,Approximate interval with subgroup covariance omitted,,-0.1497571452286368,-0.05650218585708111,0.15238403105663284,-0.35517488672808145,0.24217051501391923,0.0932549593715557,True,0.014150360416230445,cf_03,5,0.5,,2629678223,0.5587095829978352
continuous,20,causal_forest,True,True,Approximate interval with subgroup covariance omitted,,-0.1497571452286368,-0.05017192210180632,0.11139483665476127,-0.2685058019451384,0.16816195774152576,0.09958522312683049,True,0.009515563492775773,cf_04,5,0.5,5.0,2629678223,0.573946958000306
continuous,20,causal_forest,True,True,Approximate interval with subgroup covariance omitted,,-0.1497571452286368,-0.05805923078806763,0.11896704140174609,-0.29123463193548993,0.1751161703593547,0.09169791444056918,True,0.010660286429155355,cf_05,10,0.45,,2629678223,0.4927390840020962
continuous,20,causal_forest,True,True,Approximate interval with subgroup covariance omitted,,-0.1497571452286368,-0.048434684087053204,0.09822535815967866,-0.24095638608002337,0.14408701790591696,0.10132246114158361,True,0.009188086478994766,cf_06,10,0.45,5.0,2629678223,0.4655911669979105
continuous,20,causal_forest,True,True,Approximate interval with subgroup covariance omitted,,-0.1497571452286368,-0.058632353321642405,0.11880199348633323,-0.29148426055485555,0.17421955391157073,0.0911247919069944,True,0.01087023753763157,cf_07,10,0.5,,2629678223,0.5142395419970853
continuous,20,causal_forest,True,True,Approximate interval with subgroup covariance omitted,,-0.1497571452286368,-0.05458225784613213,0.10228540174496266,-0.25506164526625896,0.14589712957399467,0.09517488738250468,True,0.00906555071427501,cf_08,10,0.5,5.0,2629678223,0.4794633330020588
continuous,20,causal_forest,True,True,Approximate interval with subgroup covariance omitted,,-0.1497571452286368,-0.0503468685768661,0.09074901814639585,-0.22821494414380197,0.12752120699006977,0.09941027665177071,True,0.008985669727375767,cf_09,20,0.45,,2629678223,0.44940195799426874
continuous,20,causal_forest,True,True,Approximate interval with subgroup covariance omitted,,-0.1497571452286368,-0.04961238276717195,0.0885986731830385,-0.2232657822059274,0.12404101667158351,0.10014476246146486,True,0.008743172648285225,cf_10,20,0.45,5.0,2629678223,0.4427395829989109
continuous,20,causal_forest,True,True,Approximate interval with subgroup covariance omitted,,-0.1497571452286368,-0.05753249108692804,0.09182498151145913,-0.23750945484938793,0.12244447267553185,0.09222465414170877,True,0.008778578811231282,cf_11,20,0.5,,2629678223,0.4658206669992069
continuous,20,causal_forest,True,True,Approximate interval with subgroup covariance omitted,,-0.1497571452286368,-0.055500211039944736,0.08931703457856467,-0.23056159881393148,0.11956117673404201,0.09425693418869208,True,0.00836714692350055,cf_12,20,0.5,5.0,2629678223,0.4571595419984078
continuous,21,causal_forest,True,True,Approximate interval with subgroup covariance omitted,,-0.1497571452286368,-0.16540062852147058,0.15447969449881188,-0.4681808297391419,0.1373795726962007,-0.01564348329283377,True,0.006256479847554312,cf_01,5,0.45,,622671586,0.5367121250019409
continuous,21,causal_forest,True,True,Approximate interval with subgroup covariance omitted,,-0.1497571452286368,-0.13759772020246347,0.11643748978644597,-0.36581520018389757,0.09061975977897063,0.012159425026173343,True,0.002246197493807413,cf_02,5,0.45,5.0,622671586,0.47739125000225613
continuous,21,causal_forest,True,True,Approximate interval with subgroup covariance omitted,,-0.1497571452286368,-0.16342526390527595,0.16070429690091628,-0.47840568583107185,0.15155515802051994,-0.01366811867663914,True,0.007114477358813431,cf_03,5,0.5,,622671586,0.5748138749986538
continuous,21,causal_forest,True,True,Approximate interval with subgroup covariance omitted,,-0.1497571452286368,-0.14203898478035076,0.12129428358333345,-0.37977578060368433,0.0956978110429828,0.007718160448286049,True,0.002001979888876493,cf_04,5,0.5,5.0,622671586,0.4930259999964619
continuous,21,causal_forest,True,True,Approximate interval with subgroup covariance omitted,,-0.1497571452286368,-0.16072197048453973,0.1284743563959463,-0.41253170902059444,0.09108776805151497,-0.010964825255902921,True,0.002973219102755824,cf_05,10,0.45,,622671586,0.4960207080002874
continuous,21,causal_forest,True,True,Approximate interval with subgroup covariance omitted,,-0.1497571452286368,-0.14476079244504686,0.10760860488382187,-0.35567365801733775,0.066152073127244,0.004996352783589952,True,0.0016142929263541043,cf_06,10,0.45,5.0,622671586,0.4659687089952058
continuous,21,causal_forest,True,True,Approximate interval with subgroup covariance omitted,,-0.1497571452286368,-0.1559759414128345,0.136294169948744,-0.4231125145123727,0.1111606316867037,-0.0062187961841976835,True,0.0033586353415132656,cf_07,10,0.5,,622671586,0.5190155419986695
continuous,21,causal_forest,True,True,Approximate interval with subgroup covariance omitted,,-0.1497571452286368,-0.1406381489080295,0.1137063696552445,-0.3635026334323087,0.0822263356162497,0.009118996320607309,True,0.0016561311185918862,cf_08,10,0.5,5.0,622671586,0.4799314999982016
continuous,21,causal_forest,True,True,Approximate interval with subgroup covariance omitted,,-0.1497571452286368,-0.1409026183880186,0.10087074619077327,-0.3386092809219342,0.056804044145897015,0.008854526840618215,True,0.0016754738710260128,cf_09,20,0.45,,622671586,0.45094008399610175
continuous,21,causal_forest,True,True,Approximate interval with subgroup covariance omitted,,-0.1497571452286368,-0.13534665445807775,0.09714864154208565,-0.32575799188056564,0.05506468296441011,0.014410490770559059,True,0.0014734728078901842,cf_10,20,0.45,5.0,622671586,0.44496212500234833
continuous,21,causal_forest,True,True,Approximate interval with subgroup covariance omitted,,-0.1497571452286368,-0.14479773344489372,0.10344657165480771,-0.34755301388831683,0.0579575469985294,0.004959411783743095,True,0.001668307148500366,cf_11,20,0.5,,622671586,0.47292858400032856
continuous,21,causal_forest,True,True,Approximate interval with subgroup covariance omitted,,-0.1497571452286368,-0.1414556798703807,0.09693884234881626,-0.3314558108740606,0.048544451133299166,0.0083014653582561,True,0.0013822869982847755,cf_12,20,0.5,5.0,622671586,0.4618021249989397
continuous,22,causal_forest,True,True,Approximate interval with subgroup covariance omitted,,-0.1497571452286368,-0.1464341454113623,0.17903444316246928,-0.49734165400980207,0.20447336318707748,0.003322999817274519,True,0.00990041939593375,cf_01,5,0.45,,3145833091,0.5267516250023618
continuous,22,causal_forest,True,True,Approximate interval with subgroup covariance omitted,,-0.1497571452286368,-0.1407098636566953,0.14431325266118103,-0.4235638388726101,0.14214411155921952,0.009047281571941512,True,0.004650889619526102,cf_02,5,0.45,5.0,3145833091,0.47771825000381796
continuous,22,causal_forest,True,True,Approximate interval with subgroup covariance omitted,,-0.1497571452286368,-0.15337822461469808,0.18608940626558454,-0.5181134608952438,0.21135701166584764,-0.0036210793860612656,True,0.010263626993708546,cf_03,5,0.5,,3145833091,0.5515224999981001
continuous,22,causal_forest,True,True,Approximate interval with subgroup covariance omitted,,-0.1497571452286368,-0.13611692520014068,0.15072136558983248,-0.43153080175621233,0.15929695135593097,0.01364022002849613,True,0.00440960884196646,cf_04,5,0.5,5.0,3145833091,0.4921115000033751
continuous,22,causal_forest,True,True,Approximate interval with subgroup covariance omitted,,-0.1497571452286368,-0.13813282586921627,0.13936221965885323,-0.4112827764005686,0.13501712466213606,0.011624319359420543,True,0.005275232844027532,cf_05,10,0.45,,3145833091,0.49063491700508166
continuous,22,causal_forest,True,True,Approximate interval with subgroup covariance omitted,,-0.1497571452286368,-0.13362662110152262,0.1270277422331085,-0.3826009958784153,0.11534775367537003,0.016130524127114187,True,0.0035418860890872503,cf_06,10,0.45,5.0,3145833091,0.4653531669973745
continuous,22,causal_forest,True,True,Approximate interval with subgroup covariance omitted,,-0.1497571452286368,-0.13066163221606014,0.14902920263434202,-0.4227588693793705,0.16143560494725023,0.01909551301257667,True,0.00606763845591758,cf_07,10,0.5,,3145833091,0.5080204159967252
continuous,22,causal_forest,True,True,Approximate interval with subgroup covariance omitted,,-0.1497571452286368,-0.12727357612355183,0.1318786960438063,-0.3857558203694122,0.13120866812230852,0.022483569105084977,True,0.003567898183670115,cf_08,10,0.5,5.0,3145833091,0.47856483299983665
continuous,22,causal_forest,True,True,Approximate interval with subgroup covariance omitted,,-0.1497571452286368,-0.11858017858003994,0.11529599885448778,-0.34456033633483596,0.1073999791747561,0.03117696664859687,True,0.0028734117741493243,cf_09,20,0.45,,3145833091,0.4553704589998233
continuous,22,causal_forest,True,True,Approximate interval with subgroup covariance omitted,,-0.1497571452286368,-0.1202296740995017,0.11012728829436468,-0.3360791591564565,0.09561981095745306,0.02952747112913512,True,0.0026608370391688965,cf_10,20,0.45,5.0,3145833091,0.44287633299973095
continuous,22,causal_forest,True,True,Approximate interval with subgroup covariance omitted,,-0.1497571452286368,-0.1299315125267766,0.11891455159618466,-0.36300403365529854,0.10314100860174535,0.01982563270186022,True,0.0027572353932846143,cf_11,20,0.5,,3145833091,0.46298374999605585
continuous,22,causal_forest,True,True,Approximate interval with subgroup covariance omitted,,-0.1497571452286368,-0.12904978905003744,0.11686694887250905,-0.3581090088401552,0.10000943074008029,0.020707356178599368,True,0.0025161609234004797,cf_12,20,0.5,5.0,3145833091,0.45428212499973597
continuous,23,causal_forest,True,True,Approximate interval with subgroup covariance omitted,,-0.1497571452286368,-0.15697373558830036,0.1612332538302151,-0.472990913095522,0.15904344191892128,-0.007216590359663544,True,0.006717118155027302,cf_01,5,0.45,,1683744483,0.5301377919968218
continuous,23,causal_forest,True,True,Approximate interval with subgroup covariance omitted,,-0.1497571452286368,-0.1426202706556,0.12555528899827348,-0.38870863709221604,0.10346809578101601,0.0071368745730368,True,0.0031218748263905603,cf_02,5,0.45,5.0,1683744483,0.48049708300095517
continuous,23,causal_forest,True,True,Approximate interval with subgroup covariance omitted,,-0.1497571452286368,-0.1670694085262075,0.1661604375512578,-0.4927438661266728,0.15860504907425782,-0.017312263297570685,True,0.007636027926052002,cf_03,5,0.5,,1683744483,0.5575226669971016
continuous,23,causal_forest,True,True,Approximate interval with subgroup covariance omitted,,-0.1497571452286368,-0.1545640216682802,0.13145525949160317,-0.4122163302718224,0.10308828693526201,-0.004806876439643393,True,0.0031860846570281338,cf_04,5,0.5,5.0,1683744483,0.4901025830040453
continuous,23,causal_forest,True,True,Approximate interval with subgroup covariance omitted,,-0.1497571452286368,-0.15021837822531475,0.12810217701336746,-0.401298645171515,0.10086188872088547,-0.0004612329966779405,True,0.0040795149329419566,cf_05,10,0.45,,1683744483,0.4920509170042351
continuous,23,causal_forest,True,True,Approximate interval with subgroup covariance omitted,,-0.1497571452286368,-0.14232071059262735,0.11306121650162645,-0.3639206949358152,0.07927927375056049,0.007436434636009459,True,0.0027127163822797226,cf_06,10,0.45,5.0,1683744483,0.4640589580012602
continuous,23,causal_forest,True,True,Approximate interval with subgroup covariance omitted,,-0.1497571452286368,-0.15492971837901387,0.13305958220020622,-0.41572649949141804,0.1058670627333903,-0.005172573150377058,True,0.00512899034112467,cf_07,10,0.5,,1683744483,0.5143488340036129
continuous,23,causal_forest,True,True,Approximate interval with subgroup covariance omitted,,-0.1497571452286368,-0.14862943427787445,0.11376330239935556,-0.37160550698061134,0.07434663842486244,0.0011277109507623617,True,0.0030757041145044067,cf_08,10,0.5,5.0,1683744483,0.4768935840038466
continuous,23,causal_forest,True,True,Approximate interval with subgroup covariance omitted,,-0.1497571452286368,-0.13960919211167216,0.10264784033269403,-0.34079895916375247,0.06158057494040814,0.010147953116964648,True,0.002800341197054416,cf_09,20,0.45,,1683744483,0.44876491699687904
continuous,23,causal_forest,True,True,Approximate interval with subgroup covariance omitted,,-0.1497571452286368,-0.1365757334281485,0.09949255637010979,-0.33158114391356364,0.05842967705726668,0.013181411800488319,True,0.0026494290416991294,cf_10,20,0.45,5.0,1683744483,0.44177016700268723
continuous,23,causal_forest,True,True,Approximate interval with subgroup covariance omitted,,-0.1497571452286368,-0.1465823263707397,0.10726628516362224,-0.3568242452914393,0.0636595925499599,0.0031748188578971104,True,0.003191062150623708,cf_11,20,0.5,,1683744483,0.4660563329962315
continuous,23,causal_forest,True,True,Approximate interval with subgroup covariance omitted,,-0.1497571452286368,-0.1443476585457527,0.10209732427922344,-0.3444584141330307,0.05576309704152524,0.0054094866828841015,True,0.002862390152512621,cf_12,20,0.5,5.0,1683744483,0.45932929099944886
continuous,24,causal_forest,True,True,Approximate interval with subgroup covariance omitted,,-0.1497571452286368,-0.02430656455009672,0.17817350307463095,-0.37352663057637336,0.3249135014761799,0.1254505806785401,True,0.016090031055824093,cf_01,5,0.45,,4035788713,0.5333478340035072
continuous,24,causal_forest,True,True,Approximate interval with subgroup covariance omitted,,-0.1497571452286368,-0.019616381773608638,0.14821456707043007,-0.31011693323165157,0.2708841696844343,0.13014076345502817,True,0.009235381154603189,cf_02,5,0.45,5.0,4035788713,0.4779447920009261
continuous,24,causal_forest,True,True,Approximate interval with subgroup covariance omitted,,-0.1497571452286368,-0.03381929526186217,0.18065199402794077,-0.3878972035566261,0.32025861303290176,0.11593784996677464,True,0.015580801620894133,cf_03,5,0.5,,4035788713,0.561529624996183
continuous,24,causal_forest,True,True,Approximate interval with subgroup covariance omitted,,-0.1497571452286368,-0.028498206122328618,0.14760134803537509,-0.31779684827166377,0.26080043602700653,0.1212589391063082,True,0.008910040045639002,cf_04,5,0.5,5.0,4035788713,0.5038723749967176
continuous,24,causal_forest,True,True,Approximate interval with subgroup covariance omitted,,-0.1497571452286368,-0.02628198521163827,0.14670373437383466,-0.3138213045843542,0.26125733416107766,0.12347516001699854,True,0.010966617295080595,cf_05,10,0.45,,4035788713,0.4920625419981661
continuous,24,causal_forest,True,True,Approximate interval with subgroup covariance omitted,,-0.1497571452286368,-0.021778382559002052,0.13454882027278775,-0.285494070293666,0.24193730517566192,0.12797876266963476,True,0.00838640682003144,cf_06,10,0.45,5.0,4035788713,0.4681682090013055
continuous,24,causal_forest,True,True,Approximate interval with subgroup covariance omitted,,-0.1497571452286368,-0.04217402558958755,0.14750629810665092,-0.33128636987862337,0.24693831869944827,0.10758311963904926,True,0.0112539417910115,cf_07,10,0.5,,4035788713,0.5163314589954098
continuous,24,causal_forest,True,True,Approximate interval with subgroup covariance omitted,,-0.1497571452286368,-0.03301210169946678,0.1388304050065772,-0.30511969551235807,0.2390954921134245,0.11674504352917003,True,0.008038926863837394,cf_08,10,0.5,5.0,4035788713,0.47782445899792947
continuous,24,causal_forest,True,True,Approximate interval with subgroup covariance omitted,,-0.1497571452286368,-0.026547714134998346,0.12740350175202383,-0.27625857756896505,0.22316314929896836,0.12320943109363847,True,0.007412924014691095,cf_09,20,0.45,,4035788713,0.4491660409985343
continuous,24,causal_forest,True,True,Approximate interval with subgroup covariance omitted,,-0.1497571452286368,-0.027412330748678437,0.1262719987700698,-0.2749054483380152,0.22008078684065838,0.12234481447995837,True,0.006929557204366439,cf_10,20,0.45,5.0,4035788713,0.4436172499990789
continuous,24,causal_forest,True,True,Approximate interval with subgroup covariance omitted,,-0.1497571452286368,-0.03939654621425864,0.12143890136695769,-0.27741679289349574,0.19862370046497843,0.11036059901437817,True,0.007458596804787098,cf_11,20,0.5,,4035788713,0.4666347090023919
continuous,24,causal_forest,True,True,Approximate interval with subgroup covariance omitted,,-0.1497571452286368,-0.036427854067919596,0.11967249524155166,-0.27098594474136084,0.19813023660552165,0.11332929116071722,True,0.006908066901373012,cf_12,20,0.5,5.0,4035788713,0.46135108299495187
continuous,25,causal_forest,True,True,Approximate interval with subgroup covariance omitted,,-0.1497571452286368,-0.2697832688854244,0.14787947293772782,-0.5596270358433709,0.02006049807252208,-0.12002612365678761,True,0.007150965066016233,cf_01,5,0.45,,673440809,0.5287151250013267
continuous,25,causal_forest,True,True,Approximate interval with subgroup covariance omitted,,-0.1497571452286368,-0.22854232501833804,0.12072917684506856,-0.4651715116346724,0.008086861597996348,-0.07878517978970123,True,0.0031760538765176365,cf_02,5,0.45,5.0,673440809,0.4745115839978098
continuous,25,causal_forest,True,True,Approximate interval with subgroup covariance omitted,,-0.1497571452286368,-0.26155858854697844,0.15682954744518574,-0.5689445015395425,0.04582732444558557,-0.11180144331834163,True,0.0068422821175750355,cf_03,5,0.5,,673440809,0.5507188339979621
continuous,25,causal_forest,True,True,Approximate interval with subgroup covariance omitted,,-0.1497571452286368,-0.22610831032342005,0.12800394477746974,-0.4769960420872607,0.024779421440420613,-0.07635116509478324,True,0.0029252823388489627,cf_04,5,0.5,5.0,673440809,0.4872361669986276
continuous,25,causal_forest,True,True,Approximate interval with subgroup covariance omitted,,-0.1497571452286368,-0.2430167593724083,0.12348958903940532,-0.48505635388964274,-0.0009771648551738787,-0.09325961414377149,True,0.004292443702515926,cf_05,10,0.45,,673440809,0.49130754199723015
continuous,25,causal_forest,True,True,Approximate interval with subgroup covariance omitted,,-0.1497571452286368,-0.22234209824353435,0.10857425843714248,-0.43514764478033363,-0.009536551706735091,-0.07258495301489754,True,0.0027446164166206976,cf_06,10,0.45,5.0,673440809,0.4628034170018509
continuous,25,causal_forest,True,True,Approximate interval with subgroup covariance omitted,,-0.1497571452286368,-0.2523318378153314,0.1365020591000816,-0.5198758736514913,0.015212198020828516,-0.1025746925866946,True,0.004458199423613187,cf_07,10,0.5,,673440809,0.5117649169987999
continuous,25,causal_forest,True,True,Approximate interval with subgroup covariance omitted,,-0.1497571452286368,-0.23011635217914816,0.12267259383118968,-0.47055463608827997,0.010321931729983608,-0.08035920695051135,True,0.0028504947544621853,cf_08,10,0.5,5.0,673440809,0.47982274999958463
continuous,25,causal_forest,True,True,Approximate interval with subgroup covariance omitted,,-0.1497571452286368,-0.2279322165051017,0.0970070411183925,-0.418066017097151,-0.037798415913052386,-0.07817507127646489,True,0.0027375938270070063,cf_09,20,0.45,,673440809,0.4443344590035849
continuous,25,causal_forest,True,True,Approximate interval with subgroup covariance omitted,,-0.1497571452286368,-0.22296990812980766,0.09516045680879931,-0.4094844034750543,-0.03645541278456102,-0.07321276290117085,True,0.0025547580201839763,cf_10,20,0.45,5.0,673440809,0.44118224999692757
continuous,25,causal_forest,True,True,Approximate interval with subgroup covariance omitted,,-0.1497571452286368,-0.22961560400090036,0.10255908761455501,-0.4306314157254282,-0.02859979227637255,-0.07985845877226355,True,0.002871073582307025,cf_11,20,0.5,,673440809,0.4739700000063749
continuous,25,causal_forest,True,True,Approximate interval with subgroup covariance omitted,,-0.1497571452286368,-0.22407270335117146,0.10075944990062917,-0.4215612251564046,-0.026584181545938307,-0.07431555812253465,True,0.002622861112050249,cf_12,20,0.5,5.0,673440809,0.45404716600023676
continuous,26,causal_forest,True,True,Approximate interval with subgroup covariance omitted,,-0.1497571452286368,-0.18225043611020714,0.16768580383690435,-0.5109146116305396,0.14641373941012537,-0.032493290881570325,True,0.008776655704778168,cf_01,5,0.45,,3636809425,0.5308085840006243
continuous,26,causal_forest,True,True,Approximate interval with subgroup covariance omitted,,-0.1497571452286368,-0.1434704639991476,0.13537205996957527,-0.4087997015395151,0.12185877354121993,0.006286681229489222,True,0.003724318857396345,cf_02,5,0.45,5.0,3636809425,0.4746037079967209
continuous,26,causal_forest,True,True,Approximate interval with subgroup covariance omitted,,-0.1497571452286368,-0.1744598210410701,0.17114836236351488,-0.5099106112735592,0.16099096919141903,-0.024702675812433295,True,0.009426290938914303,cf_03,5,0.5,,3636809425,0.5580774590052897
continuous,26,causal_forest,True,True,Approximate interval with subgroup covariance omitted,,-0.1497571452286368,-0.14122425402309424,0.13910552127720474,-0.4138710757264155,0.13142256768022703,0.00853289120554257,True,0.0036070430011373987,cf_04,5,0.5,5.0,3636809425,0.4890620419973857
continuous,26,causal_forest,True,True,Approximate interval with subgroup covariance omitted,,-0.1497571452286368,-0.1620311195393505,0.14008226915298927,-0.43659236707920945,0.11253012800050843,-0.012273974310713698,True,0.00500963004983595,cf_05,10,0.45,,3636809425,0.49422558300284436
continuous,26,causal_forest,True,True,Approximate interval with subgroup covariance omitted,,-0.1497571452286368,-0.13808670751540286,0.1252021075947094,-0.38348283840103325,0.10730942337022756,0.01167043771323395,True,0.0031148290531812155,cf_06,10,0.45,5.0,3636809425,0.4671042500049225
continuous,26,causal_forest,True,True,Approximate interval with subgroup covariance omitted,,-0.1497571452286368,-0.16010534112987895,0.14989317724397885,-0.4538959685280775,0.1336852862683196,-0.010348195901242141,True,0.005833178231993221,cf_07,10,0.5,,3636809425,0.5118297090011765
continuous,26,causal_forest,True,True,Approximate interval with subgroup covariance omitted,,-0.1497571452286368,-0.14003110743277553,0.13510928466048044,-0.40484530536731717,0.12478309050176611,0.009726037795861286,True,0.0031422747260353052,cf_08,10,0.5,5.0,3636809425,0.47886499999731313
continuous,26,causal_forest,True,True,Approximate interval with subgroup covariance omitted,,-0.1497571452286368,-0.1374772299681059,0.1066763565438109,-0.34656288879397523,0.07160842885776345,0.012279915260530905,True,0.0027807453384185916,cf_09,20,0.45,,3636809425,0.4476090419993852
continuous,26,causal_forest,True,True,Approximate interval with subgroup covariance omitted,,-0.1497571452286368,-0.13500838433492246,0.10284838614506615,-0.3365912211792521,0.06657445250940719,0.014748760893714352,True,0.0025104386592904146,cf_10,20,0.45,5.0,3636809425,0.4393923750030808
continuous,26,causal_forest,True,True,Approximate interval with subgroup covariance omitted,,-0.1497571452286368,-0.13974716004509102,0.11676949006517505,-0.3686153605728341,0.08912104048265207,0.010009985183545789,True,0.0028600394878123005,cf_11,20,0.5,,3636809425,0.4657965420046821
continuous,26,causal_forest,True,True,Approximate interval with subgroup covariance omitted,,-0.1497571452286368,-0.1356302782199627,0.11696701756126186,-0.36488563264003593,0.09362507620011054,0.014126867008674104,True,0.002369427975273063,cf_12,20,0.5,5.0,3636809425,0.4680724999998347
continuous,27,causal_forest,True,True,Approximate interval with subgroup covariance omitted,,-0.1497571452286368,-0.15092519337598465,0.1543071247568229,-0.4533671578993575,0.1515167711473882,-0.0011680481473478332,True,0.008366469353970325,cf_01,5,0.45,,393619701,0.5525354170022183
continuous,27,causal_forest,True,True,Approximate interval with subgroup covariance omitted,,-0.1497571452286368,-0.12609466794149737,0.12446828734817239,-0.37005251114391524,0.1178631752609205,0.02366247728713944,True,0.003618258604650037,cf_02,5,0.45,5.0,393619701,0.4913944170039031
continuous,27,causal_forest,True,True,Approximate interval with subgroup covariance omitted,,-0.1497571452286368,-0.167962570784493,0.1755407032424669,-0.5120223491397281,0.1760972075707421,-0.01820542555585619,True,0.009166777404865835,cf_03,5,0.5,,393619701,0.5669844579970231
continuous,27,causal_forest,True,True,Approximate interval with subgroup covariance omitted,,-0.1497571452286368,-0.1326166955404871,0.13931196270768167,-0.4056681424475432,0.14043475136656897,0.017140449688149706,True,0.0038283207687335005,cf_04,5,0.5,5.0,393619701,0.5857154170007561
continuous,27,causal_forest,True,True,Approximate interval with subgroup covariance omitted,,-0.1497571452286368,-0.13550636729867482,0.127045268319112,-0.38451509320413435,0.1135023586067847,0.014250777929961989,True,0.004457367427610325,cf_05,10,0.45,,393619701,0.5068038749959669
continuous,27,causal_forest,True,True,Approximate interval with subgroup covariance omitted,,-0.1497571452286368,-0.11929134747307996,0.11058503971814537,-0.33603802532064486,0.09745533037448498,0.030465797755556856,True,0.002908203605809553,cf_06,10,0.45,5.0,393619701,0.46607679199951235
continuous,27,causal_forest,True,True,Approximate interval with subgroup covariance omitted,,-0.1497571452286368,-0.14895763705465553,0.12826067125705307,-0.4003485527184795,0.10243327860916845,0.0007995081739812782,True,0.005073339191058752,cf_07,10,0.5,,393619701,0.5203011669946136
continuous,27,causal_forest,True,True,Approximate interval with subgroup covariance omitted,,-0.1497571452286368,-0.13488806184676605,0.11978713928619956,-0.3696708548477172,0.0998947311541851,0.014869083381870762,True,0.0027819790331644633,cf_08,10,0.5,5.0,393619701,0.481306207999296
continuous,27,causal_forest,True,True,Approximate interval with subgroup covariance omitted,,-0.1497571452286368,-0.10003551390864868,0.10322117380591542,-0.3023490145682429,0.10227798675094554,0.049721631319988135,True,0.0024765447240915517,cf_09,20,0.45,,393619701,0.4487512499981676
continuous,27,causal_forest,True,True,Approximate interval with subgroup covariance omitted,,-0.1497571452286368,-0.09771169770232907,0.10142866372394599,-0.2965118786012632,0.10108848319660507,0.05204544752630774,True,0.002258429688891239,cf_10,20,0.45,5.0,393619701,0.4468032920049154
continuous,27,causal_forest,True,True,Approximate interval with subgroup covariance omitted,,-0.1497571452286368,-0.12835942211279777,0.11199670948787033,-0.3478729727090236,0.09115412848342808,0.02139772311583904,True,0.0024307723415331346,cf_11,20,0.5,,393619701,0.4690947499984759
continuous,27,causal_forest,True,True,Approximate interval with subgroup covariance omitted,,-0.1497571452286368,-0.12497771390230966,0.10795245246364842,-0.3365645207310606,0.08660909292644123,0.02477943132632715,True,0.0019562308894413094,cf_12,20,0.5,5.0,393619701,0.46233129099709913
continuous,28,causal_forest,True,True,Approximate interval with subgroup covariance omitted,,-0.1497571452286368,-0.16095589280796269,0.1606327226034476,-0.47579602911072,0.15388424349479463,-0.011198747579325874,True,0.007768212570157323,cf_01,5,0.45,,1058304822,0.5322355829994194
continuous,28,causal_forest,True,True,Approximate interval with subgroup covariance omitted,,-0.1497571452286368,-0.13553498114412538,0.12163456925167872,-0.37393873687741563,0.10286877458916491,0.014222164084511435,True,0.003210584743970082,cf_02,5,0.45,5.0,1058304822,0.4758042920002481
continuous,28,causal_forest,True,True,Approximate interval with subgroup covariance omitted,,-0.1497571452286368,-0.1640350324504859,0.1627564882433757,-0.48303774940750227,0.15496768450653048,-0.014277887221849084,True,0.008653957648566095,cf_03,5,0.5,,1058304822,0.5559788750033476
continuous,28,causal_forest,True,True,Approximate interval with subgroup covariance omitted,,-0.1497571452286368,-0.14198423157307466,0.12189493974226792,-0.3808983134679198,0.09692985032177046,0.0077729136555621525,True,0.003593100409049824,cf_04,5,0.5,5.0,1058304822,0.49093408299813746
continuous,28,causal_forest,True,True,Approximate interval with subgroup covariance omitted,,-0.1497571452286368,-0.14221206794354757,0.11841806388377987,-0.3743114731557561,0.08988733726866097,0.007545077285089241,True,0.003950908042758496,cf_05,10,0.45,,1058304822,0.49124537500028964
continuous,28,causal_forest,True,True,Approximate interval with subgroup covariance omitted,,-0.1497571452286368,-0.12814893802050947,0.10489021033307062,-0.33373375027332786,0.07743587423230894,0.02160820720812734,True,0.0026491278282889477,cf_06,10,0.45,5.0,1058304822,0.46263395799905993
continuous,28,causal_forest,True,True,Approximate interval with subgroup covariance omitted,,-0.1497571452286368,-0.1536078891559881,0.1283643036564849,-0.4052019243226985,0.09798614601072231,-0.0038507439273512967,True,0.004884249529961831,cf_07,10,0.5,,1058304822,0.5145373339983053
continuous,28,causal_forest,True,True,Approximate interval with subgroup covariance omitted,,-0.1497571452286368,-0.13773049462122355,0.10972262569826931,-0.3527868409898314,0.0773258517473843,0.012026650607413258,True,0.0028232187195757204,cf_08,10,0.5,5.0,1058304822,0.4788977080024779
continuous,28,causal_forest,True,True,Approximate interval with subgroup covariance omitted,,-0.1497571452286368,-0.13139102969070382,0.09753373258490779,-0.3225571455571231,0.05977508617571545,0.018366115537932992,True,0.002305647538468552,cf_09,20,0.45,,1058304822,0.44598041699646274
continuous,28,causal_forest,True,True,Approximate interval with subgroup covariance omitted,,-0.1497571452286368,-0.1278820595066354,0.09756600019491492,-0.31911141988866865,0.06334730087539783,0.02187508572200142,True,0.0021123525764614086,cf_10,20,0.45,5.0,1058304822,0.43908716599980835
continuous,28,causal_forest,True,True,Approximate interval with subgroup covariance omitted,,-0.1497571452286368,-0.13991405051202876,0.10922848850735889,-0.35400188798645216,0.07417378696239466,0.009843094716608047,True,0.0026018804862187597,cf_11,20,0.5,,1058304822,0.4626032920059515
continuous,28,causal_forest,True,True,Approximate interval with subgroup covariance omitted,,-0.1497571452286368,-0.138595884245175,0.10754354705013876,-0.349381236463447,0.07218946797309697,0.011161260983461818,True,0.0022819395368154404,cf_12,20,0.5,5.0,1058304822,0.4716217909954139
continuous,29,causal_forest,True,True,Approximate interval with subgroup covariance omitted,,-0.1497571452286368,-0.19620675201148519,0.15567748642825624,-0.5013346254108675,0.10892112138789706,-0.046449606782848374,True,0.008689563053419402,cf_01,5,0.45,,75248905,0.529338333006308
continuous,29,causal_forest,True,True,Approximate interval with subgroup covariance omitted,,-0.1497571452286368,-0.16881140665606326,0.12137279360980321,-0.40670208213127756,0.06907926881915105,-0.019054261427426444,True,0.0034123490339469805,cf_02,5,0.45,5.0,75248905,0.4760140409998712
continuous,29,causal_forest,True,True,Approximate interval with subgroup covariance omitted,,-0.1497571452286368,-0.19484949046270478,0.15862450508510528,-0.5057535204295112,0.11605453950410155,-0.045092345234067965,True,0.008798731548044074,cf_03,5,0.5,,75248905,0.5533389999982319
continuous,29,causal_forest,True,True,Approximate interval with subgroup covariance omitted,,-0.1497571452286368,-0.16950252604444777,0.11941032474900352,-0.40354676255249466,0.06454171046359913,-0.019745380815810953,True,0.0032897041214777455,cf_04,5,0.5,5.0,75248905,0.48887624999770196
continuous,29,causal_forest,True,True,Approximate interval with subgroup covariance omitted,,-0.1497571452286368,-0.1932446921033617,0.13601440664487666,-0.45983292912731993,0.07334354492059653,-0.04348754687472489,True,0.005014623115198058,cf_05,10,0.45,,75248905,0.48877416599862045
continuous,29,causal_forest,True,True,Approximate interval with subgroup covariance omitted,,-0.1497571452286368,-0.1756066901025981,0.11760925375644252,-0.40612082746522543,0.05490744726002922,-0.025849544873961294,True,0.00295627230809486,cf_06,10,0.45,5.0,75248905,0.4620331670012092
continuous,29,causal_forest,True,True,Approximate interval with subgroup covariance omitted,,-0.1497571452286368,-0.18899938640260994,0.1276253412078041,-0.439145055169906,0.06114628236468611,-0.039242241173973125,True,0.005031831615522041,cf_07,10,0.5,,75248905,0.5080881659960141
continuous,29,causal_forest,True,True,Approximate interval with subgroup covariance omitted,,-0.1497571452286368,-0.16997238852573843,0.11378421702350903,-0.39298945389181617,0.05304467684033928,-0.020215243297101615,True,0.0028341079568636367,cf_08,10,0.5,5.0,75248905,0.48154729200177826
continuous,29,causal_forest,True,True,Approximate interval with subgroup covariance omitted,,-0.1497571452286368,-0.17181776979681407,0.10453090319145514,-0.37669834005206615,0.033062800458437985,-0.022060624568177256,True,0.00274449580431759,cf_09,20,0.45,,75248905,0.4424984580036835
continuous,29,causal_forest,True,True,Approximate interval with subgroup covariance omitted,,-0.1497571452286368,-0.16857488700038825,0.10083326374665745,-0.36620808394383686,0.029058309943060356,-0.01881774177175144,True,0.002564647316309132,cf_10,20,0.45,5.0,75248905,0.4404415000026347
continuous,29,causal_forest,True,True,Approximate interval with subgroup covariance omitted,,-0.1497571452286368,-0.1745054825844749,0.10395154673580735,-0.37825051418665734,0.029239549017707506,-0.02474833735583809,True,0.0030037281088750234,cf_11,20,0.5,,75248905,0.4616362910019234
continuous,29,causal_forest,True,True,Approximate interval with subgroup covariance omitted,,-0.1497571452286368,-0.17072285436467843,0.1016366266621157,-0.3699306426224252,0.02848493389306833,-0.02096570913604162,True,0.002630314284096588,cf_12,20,0.5,5.0,75248905,0.4533583329975954
continuous,30,causal_forest,True,True,Approximate interval with subgroup covariance omitted,,-0.1497571452286368,-0.2566496860801375,0.15851534002769677,-0.5673397525344231,0.054040380374148156,-0.10689254085150068,True,0.00989995799935102,cf_01,5,0.45,,979647168,0.5329564999992726
continuous,30,causal_forest,True,True,Approximate interval with subgroup covariance omitted,,-0.1497571452286368,-0.2174613574967571,0.1298539651828758,-0.4719751292551937,0.03705241426167949,-0.06770421226812029,True,0.005739298539292213,cf_02,5,0.45,5.0,979647168,0.47829858399927616
continuous,30,causal_forest,True,True,Approximate interval with subgroup covariance omitted,,-0.1497571452286368,-0.26206279609559724,0.16743215417043134,-0.5902298182696426,0.06610422607844818,-0.11230565086696043,True,0.012324578438090938,cf_03,5,0.5,,979647168,0.5605816250026692
continuous,30,causal_forest,True,True,Approximate interval with subgroup covariance omitted,,-0.1497571452286368,-0.21984427805202805,0.13252606059137584,-0.4795953568111247,0.03990680070706859,-0.07008713282339124,True,0.006710244351472644,cf_04,5,0.5,5.0,979647168,0.49292795899964403
continuous,30,causal_forest,True,True,Approximate interval with subgroup covariance omitted,,-0.1497571452286368,-0.24258441465153524,0.12628489147723929,-0.49010280194692424,0.004933972643853757,-0.09282726942289843,True,0.007313296829524677,cf_05,10,0.45,,979647168,0.4901158749999013
continuous,30,causal_forest,True,True,Approximate interval with subgroup covariance omitted,,-0.1497571452286368,-0.2189717744800438,0.11373746536286379,-0.4418972065912568,0.003953657631169227,-0.06921462925140698,True,0.005792789072398686,cf_06,10,0.45,5.0,979647168,0.46417187499901047
continuous,30,causal_forest,True,True,Approximate interval with subgroup covariance omitted,,-0.1497571452286368,-0.2522887105874508,0.14241524729752794,-0.5314225952906055,0.026845174115703974,-0.10253156535881397,True,0.008540629556418395,cf_07,10,0.5,,979647168,0.529126624998753
continuous,30,causal_forest,True,True,Approximate interval with subgroup covariance omitted,,-0.1497571452286368,-0.2233316766600012,0.12782123222064234,-0.4738612918124602,0.027197938492457774,-0.07357453143136439,True,0.006142197897150412,cf_08,10,0.5,5.0,979647168,0.47970954199990956
continuous,30,causal_forest,True,True,Approximate interval with subgroup covariance omitted,,-0.1497571452286368,-0.2127132585536583,0.09713386978120186,-0.40309564332481396,-0.022330873782502647,-0.06295611332502149,True,0.005600341425144082,cf_09,20,0.45,,979647168,0.4483022499989602
continuous,30,causal_forest,True,True,Approximate interval with subgroup covariance omitted,,-0.1497571452286368,-0.207470102834603,0.09609516091347238,-0.39581661822500885,-0.01912358744419712,-0.057712957605966175,True,0.005283039620962608,cf_10,20,0.45,5.0,979647168,0.4451822499977425
continuous,30,causal_forest,True,True,Approximate interval with subgroup covariance omitted,,-0.1497571452286368,-0.23205663962238093,0.10780699719875916,-0.4433583541319489,-0.02075492511281299,-0.08229949439374412,True,0.00637728278195139,cf_11,20,0.5,,979647168,0.4680960830010008
continuous,30,causal_forest,True,True,Approximate interval with subgroup covariance omitted,,-0.1497571452286368,-0.21969711765312772,0.10532233146104732,-0.42612888731678045,-0.013265347989474985,-0.0699399724244909,True,0.005879004831612506,cf_12,20,0.5,5.0,979647168,0.4572743749959045
